"Work_Ref__c","Investigation_Case__r.Work_Ref__c","Signal__c","Family__c","Detail__c"
"MP3018356-W86316","MP3018356-W86316","Peer amount","amount","Recommended amount at the 100th percentile of 144 comparable works (robust z 115.3)."
"MP3018356-W86316","MP3018356-W86316","Peer duration","duration","Open for longer than 100% of comparable works still in progress."
"MP3018356-W86316","MP3018356-W86316","Behavioural change","behaviour","Implementing agency's recommendation pattern shifted year-on-year (magnitude 100%). Before/after - 2023: 70 works at a median of Rs 1,044,788 -> 2024: 42 works at a median of Rs 2,394,173. A change point is a lead, not a finding: a new officer or a revised guideline produces one too."
"MP3018356-W86316","MP3018356-W86316","Statistical outlier","multivariate","A trained anomaly detector (IsolationForest) flags this work's amount-and-age profile as unusual against the national portfolio."
"MP3019436-W119849","MP3019436-W119849","Peer amount","amount","Recommended amount at the 100th percentile of 30 comparable works (robust z 226.0)."
"MP3019436-W119849","MP3019436-W119849","Behavioural change","behaviour","Implementing agency's recommendation pattern shifted year-on-year (magnitude 100%). Before/after - 2023: 36 works at a median of Rs 927,890 -> 2024: 5 works at a median of Rs 2,511,808. A change point is a lead, not a finding: a new officer or a revised guideline produces one too."
"MP3019436-W119849","MP3019436-W119849","Statistical outlier","multivariate","A trained anomaly detector (IsolationForest) flags this work's amount-and-age profile as unusual against the national portfolio."
"MP3017510-W231145","MP3017510-W231145","Peer amount","amount","Recommended amount at the 100th percentile of 950 comparable works (robust z 56.9)."
"MP3017510-W231145","MP3017510-W231145","Behavioural change","behaviour","Implementing agency's recommendation pattern shifted year-on-year (magnitude 100%). Before/after - 2023: 154 works at a median of Rs 167,450 -> 2024: 18 works at a median of Rs 424,227. A change point is a lead, not a finding: a new officer or a revised guideline produces one too."
"MP3017510-W231145","MP3017510-W231145","Statistical outlier","multivariate","A trained anomaly detector (IsolationForest) flags this work's amount-and-age profile as unusual against the national portfolio."
"MP3042530-W216762","MP3042530-W216762","Peer amount","amount","Recommended amount at the 100th percentile of 6132 comparable works (robust z 1721.7)."
"MP3042530-W216762","MP3042530-W216762","Behavioural change","behaviour","Implementing agency's recommendation pattern shifted year-on-year (magnitude 100%). Before/after - 2025: 26 works at a median of Rs 1,000,000 -> 2026: 7 works at a median of Rs 2,000,000. A change point is a lead, not a finding: a new officer or a revised guideline produces one too."
"MP3042530-W216762","MP3042530-W216762","Statistical outlier","multivariate","A trained anomaly detector (IsolationForest) flags this work's amount-and-age profile as unusual against the national portfolio."
"MP3042521-W274638","MP3042521-W274638","Peer amount","amount","Recommended amount at the 100th percentile of 13232 comparable works (robust z 212.2)."
"MP3042521-W274638","MP3042521-W274638","Behavioural change","behaviour","Implementing agency's recommendation pattern shifted year-on-year (magnitude 100%). Before/after - 2023: 878 works at a median of Rs 21,109 -> 2024: 557 works at a median of Rs 177,842. A change point is a lead, not a finding: a new officer or a revised guideline produces one too."
"MP3042521-W274638","MP3042521-W274638","Statistical outlier","multivariate","A trained anomaly detector (IsolationForest) flags this work's amount-and-age profile as unusual against the national portfolio."
"MP3042791-W216827","MP3042791-W216827","Peer amount","amount","Recommended amount at the 97th percentile of 30 comparable works (robust z 133.9)."
"MP3042791-W216827","MP3042791-W216827","Behavioural change","behaviour","Implementing agency's recommendation pattern shifted year-on-year (magnitude 100%). Before/after - 2023: 36 works at a median of Rs 927,890 -> 2024: 5 works at a median of Rs 2,511,808. A change point is a lead, not a finding: a new officer or a revised guideline produces one too."
"MP3042791-W216827","MP3042791-W216827","Statistical outlier","multivariate","A trained anomaly detector (IsolationForest) flags this work's amount-and-age profile as unusual against the national portfolio."
"MP3019225-W229416","MP3019225-W229416","Peer amount","amount","Recommended amount at the 100th percentile of 13232 comparable works (robust z 225.9)."
"MP3019225-W229416","MP3019225-W229416","Behavioural change","behaviour","Implementing agency's recommendation pattern shifted year-on-year (magnitude 100%). Before/after - 2024: 90 works at a median of Rs 500,000 -> 2025: 23 works at a median of Rs 3,754,000. A change point is a lead, not a finding: a new officer or a revised guideline produces one too."
"MP3019225-W229416","MP3019225-W229416","Statistical outlier","multivariate","A trained anomaly detector (IsolationForest) flags this work's amount-and-age profile as unusual against the national portfolio."
"MP3020008-W31791","MP3020008-W31791","Peer amount","amount","Recommended amount at the 100th percentile of 791 comparable works (robust z 69.4)."
"MP3020008-W31791","MP3020008-W31791","Peer duration","duration","Open for longer than 94% of comparable works still in progress."
"MP3020008-W31791","MP3020008-W31791","Behavioural change","behaviour","Implementing agency's recommendation pattern shifted year-on-year (magnitude 78%). Before/after - 2023: 12 works at a median of Rs 428,098 -> 2025: 10 works at a median of Rs 762,192. A change point is a lead, not a finding: a new officer or a revised guideline produces one too."
"MP3020008-W31791","MP3020008-W31791","Statistical outlier","multivariate","A trained anomaly detector (IsolationForest) flags this work's amount-and-age profile as unusual against the national portfolio."
"MP3017330-W180182","MP3017330-W180182","Peer amount","amount","Recommended amount at the 100th percentile of 628 comparable works (robust z 56.0)."
"MP3017330-W180182","MP3017330-W180182","Behavioural change","behaviour","Implementing agency's recommendation pattern shifted year-on-year (magnitude 100%). Before/after - 2024: 83 works at a median of Rs 167,260 -> 2025: 45 works at a median of Rs 1,241,038. A change point is a lead, not a finding: a new officer or a revised guideline produces one too."
"MP3017330-W180182","MP3017330-W180182","Statistical outlier","multivariate","A trained anomaly detector (IsolationForest) flags this work's amount-and-age profile as unusual against the national portfolio."
"MP3050535-W254735","MP3050535-W254735","Peer amount","amount","Recommended amount at the 100th percentile of 42 comparable works (robust z 117.5)."
"MP3050535-W254735","MP3050535-W254735","Behavioural change","behaviour","Implementing agency's recommendation pattern shifted year-on-year (magnitude 57%). Before/after - 2024: 98 works at a median of Rs 478,294 -> 2025: 44 works at a median of Rs 750,916. A change point is a lead, not a finding: a new officer or a revised guideline produces one too."
"MP3050535-W254735","MP3050535-W254735","Statistical outlier","multivariate","A trained anomaly detector (IsolationForest) flags this work's amount-and-age profile as unusual against the national portfolio."
"MP3019244-W34366","MP3019244-W34366","Peer amount","amount","Recommended amount at the 100th percentile of 13232 comparable works (robust z 140.7)."
"MP3019244-W34366","MP3019244-W34366","Peer duration","duration","Open for longer than 95% of comparable works still in progress."
"MP3019244-W34366","MP3019244-W34366","Behavioural change","behaviour","Implementing agency's recommendation pattern shifted year-on-year (magnitude 100%). Before/after - 2023: 15 works at a median of Rs 600,000 -> 2024: 31 works at a median of Rs 1,215,970. A change point is a lead, not a finding: a new officer or a revised guideline produces one too."
"MP3019244-W34366","MP3019244-W34366","Statistical outlier","multivariate","A trained anomaly detector (IsolationForest) flags this work's amount-and-age profile as unusual against the national portfolio."
"MP3020004-W164588","MP3020004-W164588","Peer amount","amount","Recommended amount at the 100th percentile of 61 comparable works (robust z 61.5)."
"MP3020004-W164588","MP3020004-W164588","Behavioural change","behaviour","Implementing agency's recommendation pattern shifted year-on-year (magnitude 100%). Before/after - 2025: 13 works at a median of Rs 461,445 -> 2026: 5 works at a median of Rs 5,000,000. A change point is a lead, not a finding: a new officer or a revised guideline produces one too."
"MP3020004-W164588","MP3020004-W164588","Statistical outlier","multivariate","A trained anomaly detector (IsolationForest) flags this work's amount-and-age profile as unusual against the national portfolio."
"MP3017343-W35268","MP3017343-W35268","Peer amount","amount","Recommended amount at the 100th percentile of 13232 comparable works (robust z 136.0)."
"MP3017343-W35268","MP3017343-W35268","Peer duration","duration","Open for longer than 95% of comparable works still in progress."
"MP3017343-W35268","MP3017343-W35268","Behavioural change","behaviour","Implementing agency's recommendation pattern shifted year-on-year (magnitude 100%). Before/after - 2023: 20 works at a median of Rs 500,000 -> 2024: 58 works at a median of Rs 2,127,127. A change point is a lead, not a finding: a new officer or a revised guideline produces one too."
"MP3017343-W35268","MP3017343-W35268","Statistical outlier","multivariate","A trained anomaly detector (IsolationForest) flags this work's amount-and-age profile as unusual against the national portfolio."
"MP3017455-W51808","MP3017455-W51808","Peer amount","amount","Recommended amount at the 100th percentile of 598 comparable works (robust z 44.8)."
"MP3017455-W51808","MP3017455-W51808","Peer duration","duration","Open for longer than 91% of comparable works still in progress."
"MP3017455-W51808","MP3017455-W51808","Behavioural change","behaviour","Implementing agency's recommendation pattern shifted year-on-year (magnitude 94%). Before/after - 2023: 50 works at a median of Rs 1,134,160 -> 2024: 73 works at a median of Rs 2,195,272. A change point is a lead, not a finding: a new officer or a revised guideline produces one too."
"MP3017455-W51808","MP3017455-W51808","Statistical outlier","multivariate","A trained anomaly detector (IsolationForest) flags this work's amount-and-age profile as unusual against the national portfolio."
"MP3017343-W162408","MP3017343-W162408","Peer amount","amount","Recommended amount at the 100th percentile of 13232 comparable works (robust z 194.2)."
"MP3017343-W162408","MP3017343-W162408","Behavioural change","behaviour","Implementing agency's recommendation pattern shifted year-on-year (magnitude 55%). Before/after - 2025: 122 works at a median of Rs 700,000 -> 2026: 45 works at a median of Rs 315,000. A change point is a lead, not a finding: a new officer or a revised guideline produces one too."
"MP3017343-W162408","MP3017343-W162408","Statistical outlier","multivariate","A trained anomaly detector (IsolationForest) flags this work's amount-and-age profile as unusual against the national portfolio."
"MP3019225-W68167","MP3019225-W68167","Peer amount","amount","Recommended amount at the 100th percentile of 13232 comparable works (robust z 171.3)."
"MP3019225-W68167","MP3019225-W68167","Behavioural change","behaviour","Implementing agency's recommendation pattern shifted year-on-year (magnitude 100%). Before/after - 2024: 90 works at a median of Rs 500,000 -> 2025: 23 works at a median of Rs 3,754,000. A change point is a lead, not a finding: a new officer or a revised guideline produces one too."
"MP3019225-W68167","MP3019225-W68167","Statistical outlier","multivariate","A trained anomaly detector (IsolationForest) flags this work's amount-and-age profile as unusual against the national portfolio."
"MP3019643-W41077","MP3019643-W41077","Peer amount","amount","Recommended amount at the 100th percentile of 628 comparable works (robust z 48.3)."
"MP3019643-W41077","MP3019643-W41077","Peer duration","duration","Open for longer than 92% of comparable works still in progress."
"MP3019643-W41077","MP3019643-W41077","Behavioural change","behaviour","Implementing agency's recommendation pattern shifted year-on-year (magnitude 94%). Before/after - 2023: 50 works at a median of Rs 1,134,160 -> 2024: 73 works at a median of Rs 2,195,272. A change point is a lead, not a finding: a new officer or a revised guideline produces one too."
"MP3019643-W41077","MP3019643-W41077","Statistical outlier","multivariate","A trained anomaly detector (IsolationForest) flags this work's amount-and-age profile as unusual against the national portfolio."
"MP3019244-W34369","MP3019244-W34369","Peer amount","amount","Recommended amount at the 100th percentile of 13232 comparable works (robust z 116.1)."
"MP3019244-W34369","MP3019244-W34369","Peer duration","duration","Open for longer than 95% of comparable works still in progress."
"MP3019244-W34369","MP3019244-W34369","Behavioural change","behaviour","Implementing agency's recommendation pattern shifted year-on-year (magnitude 100%). Before/after - 2023: 15 works at a median of Rs 600,000 -> 2024: 31 works at a median of Rs 1,215,970. A change point is a lead, not a finding: a new officer or a revised guideline produces one too."
"MP3019244-W34369","MP3019244-W34369","Statistical outlier","multivariate","A trained anomaly detector (IsolationForest) flags this work's amount-and-age profile as unusual against the national portfolio."
"MP3018396-W103765","MP3018396-W103765","Peer amount","amount","Recommended amount at the 100th percentile of 598 comparable works (robust z 50.0)."
"MP3018396-W103765","MP3018396-W103765","Behavioural change","behaviour","Implementing agency's recommendation pattern shifted year-on-year (magnitude 94%). Before/after - 2023: 50 works at a median of Rs 1,134,160 -> 2024: 73 works at a median of Rs 2,195,272. A change point is a lead, not a finding: a new officer or a revised guideline produces one too."
"MP3018396-W103765","MP3018396-W103765","Statistical outlier","multivariate","A trained anomaly detector (IsolationForest) flags this work's amount-and-age profile as unusual against the national portfolio."
"MP3019052-W78954","MP3019052-W78954","Peer amount","amount","Recommended amount at the 100th percentile of 2556 comparable works (robust z 923.4)."
"MP3019052-W78954","MP3019052-W78954","Behavioural change","behaviour","Implementing agency's recommendation pattern shifted year-on-year (magnitude 100%). Before/after - 2023: 8 works at a median of Rs 198,092 -> 2024: 13 works at a median of Rs 1,000,000. A change point is a lead, not a finding: a new officer or a revised guideline produces one too."
"MP3019052-W78954","MP3019052-W78954","Statistical outlier","multivariate","A trained anomaly detector (IsolationForest) flags this work's amount-and-age profile as unusual against the national portfolio."
"MP3018396-W237563","MP3018396-W237563","Peer amount","amount","Recommended amount at the 100th percentile of 598 comparable works (robust z 36.4)."
"MP3018396-W237563","MP3018396-W237563","Peer duration","duration","Open for longer than 98% of comparable works still in progress."
"MP3018396-W237563","MP3018396-W237563","Behavioural change","behaviour","Implementing agency's recommendation pattern shifted year-on-year (magnitude 60%). Before/after - 2024: 46 works at a median of Rs 250,000 -> 2025: 265 works at a median of Rs 400,000. A change point is a lead, not a finding: a new officer or a revised guideline produces one too."
"MP3018396-W237563","MP3018396-W237563","Statistical outlier","multivariate","A trained anomaly detector (IsolationForest) flags this work's amount-and-age profile as unusual against the national portfolio."
"MP3042529-W210661","MP3042529-W210661","Peer amount","amount","Recommended amount at the 100th percentile of 13232 comparable works (robust z 136.0)."
"MP3042529-W210661","MP3042529-W210661","Behavioural change","behaviour","Implementing agency's recommendation pattern shifted year-on-year (magnitude 100%). Before/after - 2024: 98 works at a median of Rs 331,712 -> 2025: 44 works at a median of Rs 1,000,000. A change point is a lead, not a finding: a new officer or a revised guideline produces one too."
"MP3042529-W210661","MP3042529-W210661","Statistical outlier","multivariate","A trained anomaly detector (IsolationForest) flags this work's amount-and-age profile as unusual against the national portfolio."
"MP3017471-W282269","MP3017471-W282269","Peer amount","amount","Recommended amount at the 100th percentile of 4191 comparable works (robust z 240.0)."
"MP3017471-W282269","MP3017471-W282269","Behavioural change","behaviour","Implementing agency's recommendation pattern shifted year-on-year (magnitude 100%). Before/after - 2023: 737 works at a median of Rs 129,700 -> 2024: 11 works at a median of Rs 9,900,000. A change point is a lead, not a finding: a new officer or a revised guideline produces one too."
"MP3017471-W282269","MP3017471-W282269","Statistical outlier","multivariate","A trained anomaly detector (IsolationForest) flags this work's amount-and-age profile as unusual against the national portfolio."
"MP3019225-W229418","MP3019225-W229418","Peer amount","amount","Recommended amount at the 100th percentile of 13232 comparable works (robust z 201.4)."
"MP3019225-W229418","MP3019225-W229418","Behavioural change","behaviour","Implementing agency's recommendation pattern shifted year-on-year (magnitude 100%). Before/after - 2024: 90 works at a median of Rs 500,000 -> 2025: 23 works at a median of Rs 3,754,000. A change point is a lead, not a finding: a new officer or a revised guideline produces one too."
"MP3019225-W229418","MP3019225-W229418","Statistical outlier","multivariate","A trained anomaly detector (IsolationForest) flags this work's amount-and-age profile as unusual against the national portfolio."
"MP3042486-W214766","MP3042486-W214766","Peer amount","amount","Recommended amount at the 100th percentile of 7203 comparable works (robust z 33.6)."
"MP3042486-W214766","MP3042486-W214766","Behavioural change","behaviour","Implementing agency's recommendation pattern shifted year-on-year (magnitude 100%). Before/after - 2023: 878 works at a median of Rs 21,109 -> 2024: 557 works at a median of Rs 177,842. A change point is a lead, not a finding: a new officer or a revised guideline produces one too."
"MP3042486-W214766","MP3042486-W214766","Statistical outlier","multivariate","A trained anomaly detector (IsolationForest) flags this work's amount-and-age profile as unusual against the national portfolio."
"MP3017368-W239327","MP3017368-W239327","Peer amount","amount","Recommended amount at the 100th percentile of 50 comparable works (robust z 0.0)."
"MP3017368-W239327","MP3017368-W239327","Behavioural change","behaviour","Implementing agency's recommendation pattern shifted year-on-year (magnitude 100%). Before/after - 2023: 519 works at a median of Rs 100,000 -> 2024: 227 works at a median of Rs 300,000. A change point is a lead, not a finding: a new officer or a revised guideline produces one too."
"MP3017368-W239327","MP3017368-W239327","Statistical outlier","multivariate","A trained anomaly detector (IsolationForest) flags this work's amount-and-age profile as unusual against the national portfolio."
"MP3019052-W85245","MP3019052-W85245","Peer amount","amount","Recommended amount at the 100th percentile of 2556 comparable works (robust z 839.0)."
"MP3019052-W85245","MP3019052-W85245","Behavioural change","behaviour","Implementing agency's recommendation pattern shifted year-on-year (magnitude 100%). Before/after - 2023: 8 works at a median of Rs 198,092 -> 2024: 13 works at a median of Rs 1,000,000. A change point is a lead, not a finding: a new officer or a revised guideline produces one too."
"MP3019052-W85245","MP3019052-W85245","Statistical outlier","multivariate","A trained anomaly detector (IsolationForest) flags this work's amount-and-age profile as unusual against the national portfolio."
"MP3042501-W259219","MP3042501-W259219","Peer amount","amount","Recommended amount at the 100th percentile of 13232 comparable works (robust z 127.2)."
"MP3042501-W259219","MP3042501-W259219","Behavioural change","behaviour","Implementing agency's recommendation pattern shifted year-on-year (magnitude 100%). Before/after - 2024: 98 works at a median of Rs 331,712 -> 2025: 44 works at a median of Rs 1,000,000. A change point is a lead, not a finding: a new officer or a revised guideline produces one too."
"MP3042501-W259219","MP3042501-W259219","Statistical outlier","multivariate","A trained anomaly detector (IsolationForest) flags this work's amount-and-age profile as unusual against the national portfolio."
"MP3042511-W270346","MP3042511-W270346","Peer amount","amount","Recommended amount at the 100th percentile of 13232 comparable works (robust z 117.3)."
"MP3042511-W270346","MP3042511-W270346","Behavioural change","behaviour","Implementing agency's recommendation pattern shifted year-on-year (magnitude 100%). Before/after - 2025: 1400 works at a median of Rs 20,900 -> 2026: 57 works at a median of Rs 750,000. A change point is a lead, not a finding: a new officer or a revised guideline produces one too."
"MP3042511-W270346","MP3042511-W270346","Statistical outlier","multivariate","A trained anomaly detector (IsolationForest) flags this work's amount-and-age profile as unusual against the national portfolio."
"MP3017338-W201325","MP3017338-W201325","Peer amount","amount","Recommended amount at the 100th percentile of 36047 comparable works (robust z 14.2)."
"MP3017338-W201325","MP3017338-W201325","Behavioural change","behaviour","Implementing agency's recommendation pattern shifted year-on-year (magnitude 100%). Before/after - 2023: 192 works at a median of Rs 50,000 -> 2024: 21 works at a median of Rs 780,000. A change point is a lead, not a finding: a new officer or a revised guideline produces one too."
"MP3017338-W201325","MP3017338-W201325","Statistical outlier","multivariate","A trained anomaly detector (IsolationForest) flags this work's amount-and-age profile as unusual against the national portfolio."
"MP3018956-W86982","MP3018956-W86982","Peer amount","amount","Recommended amount at the 100th percentile of 63 comparable works (robust z 365.9)."
"MP3018956-W86982","MP3018956-W86982","Behavioural change","behaviour","Implementing agency's recommendation pattern shifted year-on-year (magnitude 64%). Before/after - 2023: 10 works at a median of Rs 2,500,000 -> 2024: 49 works at a median of Rs 900,000. A change point is a lead, not a finding: a new officer or a revised guideline produces one too."
"MP3018956-W86982","MP3018956-W86982","Statistical outlier","multivariate","A trained anomaly detector (IsolationForest) flags this work's amount-and-age profile as unusual against the national portfolio."
"MP3018356-W114328","MP3018356-W114328","Peer amount","amount","Recommended amount at the 99th percentile of 144 comparable works (robust z 11.1)."
"MP3018356-W114328","MP3018356-W114328","Peer duration","duration","Open for longer than 90% of comparable works still in progress."
"MP3018356-W114328","MP3018356-W114328","Behavioural change","behaviour","Implementing agency's recommendation pattern shifted year-on-year (magnitude 100%). Before/after - 2023: 70 works at a median of Rs 1,044,788 -> 2024: 42 works at a median of Rs 2,394,173. A change point is a lead, not a finding: a new officer or a revised guideline produces one too."
"MP3018356-W114328","MP3018356-W114328","Statistical outlier","multivariate","A trained anomaly detector (IsolationForest) flags this work's amount-and-age profile as unusual against the national portfolio."
"MP3042529-W174147","MP3042529-W174147","Peer amount","amount","Recommended amount at the 100th percentile of 13232 comparable works (robust z 115.6)."
"MP3042529-W174147","MP3042529-W174147","Behavioural change","behaviour","Implementing agency's recommendation pattern shifted year-on-year (magnitude 100%). Before/after - 2024: 98 works at a median of Rs 331,712 -> 2025: 44 works at a median of Rs 1,000,000. A change point is a lead, not a finding: a new officer or a revised guideline produces one too."
"MP3042529-W174147","MP3042529-W174147","Statistical outlier","multivariate","A trained anomaly detector (IsolationForest) flags this work's amount-and-age profile as unusual against the national portfolio."
"MP3017474-W16541","MP3017474-W16541","Peer amount","amount","Recommended amount at the 99th percentile of 159 comparable works (robust z 16.9)."
"MP3017474-W16541","MP3017474-W16541","Peer duration","duration","Open for longer than 92% of comparable works still in progress."
"MP3017474-W16541","MP3017474-W16541","Behavioural change","behaviour","Implementing agency's recommendation pattern shifted year-on-year (magnitude 69%). Before/after - 2025: 111 works at a median of Rs 605,000 -> 2026: 17 works at a median of Rs 187,100. A change point is a lead, not a finding: a new officer or a revised guideline produces one too."
"MP3017474-W16541","MP3017474-W16541","Statistical outlier","multivariate","A trained anomaly detector (IsolationForest) flags this work's amount-and-age profile as unusual against the national portfolio."
"MP3017474-W16542","MP3017474-W16542","Peer amount","amount","Recommended amount at the 99th percentile of 159 comparable works (robust z 16.9)."
"MP3017474-W16542","MP3017474-W16542","Peer duration","duration","Open for longer than 92% of comparable works still in progress."
"MP3017474-W16542","MP3017474-W16542","Behavioural change","behaviour","Implementing agency's recommendation pattern shifted year-on-year (magnitude 69%). Before/after - 2025: 111 works at a median of Rs 605,000 -> 2026: 17 works at a median of Rs 187,100. A change point is a lead, not a finding: a new officer or a revised guideline produces one too."
"MP3017474-W16542","MP3017474-W16542","Statistical outlier","multivariate","A trained anomaly detector (IsolationForest) flags this work's amount-and-age profile as unusual against the national portfolio."
"MP3017474-W16543","MP3017474-W16543","Peer amount","amount","Recommended amount at the 99th percentile of 159 comparable works (robust z 16.9)."
"MP3017474-W16543","MP3017474-W16543","Peer duration","duration","Open for longer than 92% of comparable works still in progress."
"MP3017474-W16543","MP3017474-W16543","Behavioural change","behaviour","Implementing agency's recommendation pattern shifted year-on-year (magnitude 69%). Before/after - 2025: 111 works at a median of Rs 605,000 -> 2026: 17 works at a median of Rs 187,100. A change point is a lead, not a finding: a new officer or a revised guideline produces one too."
"MP3017474-W16543","MP3017474-W16543","Statistical outlier","multivariate","A trained anomaly detector (IsolationForest) flags this work's amount-and-age profile as unusual against the national portfolio."
"MP3017474-W16544","MP3017474-W16544","Peer amount","amount","Recommended amount at the 99th percentile of 159 comparable works (robust z 16.9)."
"MP3017474-W16544","MP3017474-W16544","Peer duration","duration","Open for longer than 92% of comparable works still in progress."
"MP3017474-W16544","MP3017474-W16544","Behavioural change","behaviour","Implementing agency's recommendation pattern shifted year-on-year (magnitude 69%). Before/after - 2025: 111 works at a median of Rs 605,000 -> 2026: 17 works at a median of Rs 187,100. A change point is a lead, not a finding: a new officer or a revised guideline produces one too."
"MP3017474-W16544","MP3017474-W16544","Statistical outlier","multivariate","A trained anomaly detector (IsolationForest) flags this work's amount-and-age profile as unusual against the national portfolio."
"MP3042459-W184631","MP3042459-W184631","Peer amount","amount","Recommended amount at the 100th percentile of 1445 comparable works (robust z 29.6)."
"MP3042459-W184631","MP3042459-W184631","Behavioural change","behaviour","Implementing agency's recommendation pattern shifted year-on-year (magnitude 65%). Before/after - 2024: 122 works at a median of Rs 909,000 -> 2025: 83 works at a median of Rs 1,500,000. A change point is a lead, not a finding: a new officer or a revised guideline produces one too."
"MP3042459-W184631","MP3042459-W184631","Statistical outlier","multivariate","A trained anomaly detector (IsolationForest) flags this work's amount-and-age profile as unusual against the national portfolio."
"MP3042496-W238655","MP3042496-W238655","Peer amount","amount","Recommended amount at the 100th percentile of 13232 comparable works (robust z 127.9)."
"MP3042496-W238655","MP3042496-W238655","Behavioural change","behaviour","Implementing agency's recommendation pattern shifted year-on-year (magnitude 100%). Before/after - 2024: 171 works at a median of Rs 19,926 -> 2025: 22 works at a median of Rs 1,716,646. A change point is a lead, not a finding: a new officer or a revised guideline produces one too."
"MP3042496-W238655","MP3042496-W238655","Statistical outlier","multivariate","A trained anomaly detector (IsolationForest) flags this work's amount-and-age profile as unusual against the national portfolio."
"MP3017455-W51814","MP3017455-W51814","Peer amount","amount","Recommended amount at the 99th percentile of 598 comparable works (robust z 29.1)."
"MP3017455-W51814","MP3017455-W51814","Peer duration","duration","Open for longer than 91% of comparable works still in progress."
"MP3017455-W51814","MP3017455-W51814","Behavioural change","behaviour","Implementing agency's recommendation pattern shifted year-on-year (magnitude 94%). Before/after - 2023: 50 works at a median of Rs 1,134,160 -> 2024: 73 works at a median of Rs 2,195,272. A change point is a lead, not a finding: a new officer or a revised guideline produces one too."
"MP3017455-W51814","MP3017455-W51814","Statistical outlier","multivariate","A trained anomaly detector (IsolationForest) flags this work's amount-and-age profile as unusual against the national portfolio."
"MP3042499-W216110","MP3042499-W216110","Peer amount","amount","Recommended amount at the 100th percentile of 13232 comparable works (robust z 109.0)."
"MP3042499-W216110","MP3042499-W216110","Behavioural change","behaviour","Implementing agency's recommendation pattern shifted year-on-year (magnitude 100%). Before/after - 2023: 574 works at a median of Rs 26,629 -> 2024: 204 works at a median of Rs 239,380. A change point is a lead, not a finding: a new officer or a revised guideline produces one too."
"MP3042499-W216110","MP3042499-W216110","Statistical outlier","multivariate","A trained anomaly detector (IsolationForest) flags this work's amount-and-age profile as unusual against the national portfolio."
"MP3019225-W229414","MP3019225-W229414","Peer amount","amount","Recommended amount at the 100th percentile of 13232 comparable works (robust z 117.4)."
"MP3019225-W229414","MP3019225-W229414","Behavioural change","behaviour","Implementing agency's recommendation pattern shifted year-on-year (magnitude 100%). Before/after - 2024: 90 works at a median of Rs 500,000 -> 2025: 23 works at a median of Rs 3,754,000. A change point is a lead, not a finding: a new officer or a revised guideline produces one too."
"MP3019225-W229414","MP3019225-W229414","Statistical outlier","multivariate","A trained anomaly detector (IsolationForest) flags this work's amount-and-age profile as unusual against the national portfolio."
"MP3019643-W40701","MP3019643-W40701","Peer amount","amount","Recommended amount at the 100th percentile of 152 comparable works (robust z 11.0)."
"MP3019643-W40701","MP3019643-W40701","Behavioural change","behaviour","Implementing agency's recommendation pattern shifted year-on-year (magnitude 94%). Before/after - 2023: 50 works at a median of Rs 1,134,160 -> 2024: 73 works at a median of Rs 2,195,272. A change point is a lead, not a finding: a new officer or a revised guideline produces one too."
"MP3019643-W40701","MP3019643-W40701","Statistical outlier","multivariate","A trained anomaly detector (IsolationForest) flags this work's amount-and-age profile as unusual against the national portfolio."
"MP3042496-W258118","MP3042496-W258118","Peer amount","amount","Recommended amount at the 100th percentile of 13232 comparable works (robust z 123.9)."
"MP3042496-W258118","MP3042496-W258118","Behavioural change","behaviour","Implementing agency's recommendation pattern shifted year-on-year (magnitude 100%). Before/after - 2024: 171 works at a median of Rs 19,926 -> 2025: 22 works at a median of Rs 1,716,646. A change point is a lead, not a finding: a new officer or a revised guideline produces one too."
"MP3042496-W258118","MP3042496-W258118","Statistical outlier","multivariate","A trained anomaly detector (IsolationForest) flags this work's amount-and-age profile as unusual against the national portfolio."
"MP3019259-W152844","MP3019259-W152844","Peer amount","amount","Recommended amount at the 98th percentile of 55 comparable works (robust z 21.8)."
"MP3019259-W152844","MP3019259-W152844","Behavioural change","behaviour","Implementing agency's recommendation pattern shifted year-on-year (magnitude 60%). Before/after - 2025: 149 works at a median of Rs 306,800 -> 2026: 92 works at a median of Rs 490,000. A change point is a lead, not a finding: a new officer or a revised guideline produces one too."
"MP3019259-W152844","MP3019259-W152844","Statistical outlier","multivariate","A trained anomaly detector (IsolationForest) flags this work's amount-and-age profile as unusual against the national portfolio."
"MP3017332-W282964","MP3017332-W282964","Peer amount","amount","Recommended amount at the 100th percentile of 4191 comparable works (robust z 191.9)."
"MP3017332-W282964","MP3017332-W282964","Behavioural change","behaviour","Implementing agency's recommendation pattern shifted year-on-year (magnitude 100%). Before/after - 2023: 737 works at a median of Rs 129,700 -> 2024: 11 works at a median of Rs 9,900,000. A change point is a lead, not a finding: a new officer or a revised guideline produces one too."
"MP3017332-W282964","MP3017332-W282964","Statistical outlier","multivariate","A trained anomaly detector (IsolationForest) flags this work's amount-and-age profile as unusual against the national portfolio."
"MP3017329-W283439","MP3017329-W283439","Peer amount","amount","Recommended amount at the 100th percentile of 4191 comparable works (robust z 159.1)."
"MP3017329-W283439","MP3017329-W283439","Behavioural change","behaviour","Implementing agency's recommendation pattern shifted year-on-year (magnitude 100%). Before/after - 2023: 737 works at a median of Rs 129,700 -> 2024: 11 works at a median of Rs 9,900,000. A change point is a lead, not a finding: a new officer or a revised guideline produces one too."
"MP3017329-W283439","MP3017329-W283439","Statistical outlier","multivariate","A trained anomaly detector (IsolationForest) flags this work's amount-and-age profile as unusual against the national portfolio."
"MP3017255-W218146","MP3017255-W218146","Peer amount","amount","Recommended amount at the 99th percentile of 628 comparable works (robust z 43.8)."
"MP3017255-W218146","MP3017255-W218146","Behavioural change","behaviour","Implementing agency's recommendation pattern shifted year-on-year (magnitude 100%). Before/after - 2024: 36 works at a median of Rs 1,000,000 -> 2025: 5 works at a median of Rs 2,500,000. A change point is a lead, not a finding: a new officer or a revised guideline produces one too."
"MP3017255-W218146","MP3017255-W218146","Statistical outlier","multivariate","A trained anomaly detector (IsolationForest) flags this work's amount-and-age profile as unusual against the national portfolio."
"MP3042530-W156951","MP3042530-W156951","Peer amount","amount","Recommended amount at the 100th percentile of 13232 comparable works (robust z 102.2)."
"MP3042530-W156951","MP3042530-W156951","Behavioural change","behaviour","Implementing agency's recommendation pattern shifted year-on-year (magnitude 100%). Before/after - 2025: 26 works at a median of Rs 1,000,000 -> 2026: 7 works at a median of Rs 2,000,000. A change point is a lead, not a finding: a new officer or a revised guideline produces one too."
"MP3042530-W156951","MP3042530-W156951","Statistical outlier","multivariate","A trained anomaly detector (IsolationForest) flags this work's amount-and-age profile as unusual against the national portfolio."
"MP3042530-W156952","MP3042530-W156952","Peer amount","amount","Recommended amount at the 100th percentile of 13232 comparable works (robust z 102.0)."
"MP3042530-W156952","MP3042530-W156952","Behavioural change","behaviour","Implementing agency's recommendation pattern shifted year-on-year (magnitude 100%). Before/after - 2025: 26 works at a median of Rs 1,000,000 -> 2026: 7 works at a median of Rs 2,000,000. A change point is a lead, not a finding: a new officer or a revised guideline produces one too."
"MP3042530-W156952","MP3042530-W156952","Statistical outlier","multivariate","A trained anomaly detector (IsolationForest) flags this work's amount-and-age profile as unusual against the national portfolio."
"MP3019200-W252126","MP3019200-W252126","Peer amount","amount","Recommended amount at the 100th percentile of 7203 comparable works (robust z 22.4)."
"MP3019200-W252126","MP3019200-W252126","Behavioural change","behaviour","Implementing agency's recommendation pattern shifted year-on-year (magnitude 100%). Before/after - 2023: 192 works at a median of Rs 50,000 -> 2024: 21 works at a median of Rs 780,000. A change point is a lead, not a finding: a new officer or a revised guideline produces one too."
"MP3019200-W252126","MP3019200-W252126","Statistical outlier","multivariate","A trained anomaly detector (IsolationForest) flags this work's amount-and-age profile as unusual against the national portfolio."
"MP3017253-W143819","MP3017253-W143819","Peer amount","amount","Recommended amount at the 99th percentile of 628 comparable works (robust z 33.5)."
"MP3017253-W143819","MP3017253-W143819","Behavioural change","behaviour","Implementing agency's recommendation pattern shifted year-on-year (magnitude 100%). Before/after - 2025: 235 works at a median of Rs 249,000 -> 2026: 20 works at a median of Rs 530,000. A change point is a lead, not a finding: a new officer or a revised guideline produces one too."
"MP3017253-W143819","MP3017253-W143819","Statistical outlier","multivariate","A trained anomaly detector (IsolationForest) flags this work's amount-and-age profile as unusual against the national portfolio."
"MP3042530-W145618","MP3042530-W145618","Peer amount","amount","Recommended amount at the 100th percentile of 13232 comparable works (robust z 99.7)."
"MP3042530-W145618","MP3042530-W145618","Behavioural change","behaviour","Implementing agency's recommendation pattern shifted year-on-year (magnitude 100%). Before/after - 2025: 26 works at a median of Rs 1,000,000 -> 2026: 7 works at a median of Rs 2,000,000. A change point is a lead, not a finding: a new officer or a revised guideline produces one too."
"MP3042530-W145618","MP3042530-W145618","Statistical outlier","multivariate","A trained anomaly detector (IsolationForest) flags this work's amount-and-age profile as unusual against the national portfolio."
"MP3042530-W156949","MP3042530-W156949","Peer amount","amount","Recommended amount at the 100th percentile of 6132 comparable works (robust z 687.4)."
"MP3042530-W156949","MP3042530-W156949","Behavioural change","behaviour","Implementing agency's recommendation pattern shifted year-on-year (magnitude 100%). Before/after - 2025: 26 works at a median of Rs 1,000,000 -> 2026: 7 works at a median of Rs 2,000,000. A change point is a lead, not a finding: a new officer or a revised guideline produces one too."
"MP3042530-W156949","MP3042530-W156949","Statistical outlier","multivariate","A trained anomaly detector (IsolationForest) flags this work's amount-and-age profile as unusual against the national portfolio."
"MP3019258-W259140","MP3019258-W259140","Peer amount","amount","Recommended amount at the 100th percentile of 403 comparable works (robust z 131.5)."
"MP3019258-W259140","MP3019258-W259140","Behavioural change","behaviour","Implementing agency's recommendation pattern shifted year-on-year (magnitude 100%). Before/after - 2025: 242 works at a median of Rs 247,500 -> 2026: 26 works at a median of Rs 500,000. A change point is a lead, not a finding: a new officer or a revised guideline produces one too."
"MP3019258-W259140","MP3019258-W259140","Statistical outlier","multivariate","A trained anomaly detector (IsolationForest) flags this work's amount-and-age profile as unusual against the national portfolio."
"MP3018373-W97341","MP3018373-W97341","Peer amount","amount","Recommended amount at the 100th percentile of 39 comparable works (robust z 223.9)."
"MP3018373-W97341","MP3018373-W97341","Behavioural change","behaviour","Implementing agency's recommendation pattern shifted year-on-year (magnitude 97%). Before/after - 2024: 7 works at a median of Rs 6,000,000 -> 2025: 278 works at a median of Rs 150,000. A change point is a lead, not a finding: a new officer or a revised guideline produces one too."
"MP3018373-W97341","MP3018373-W97341","Statistical outlier","multivariate","A trained anomaly detector (IsolationForest) flags this work's amount-and-age profile as unusual against the national portfolio."
"MP3042348-W201278","MP3042348-W201278","Peer amount","amount","Recommended amount at the 100th percentile of 317 comparable works (robust z 53.7)."
"MP3042348-W201278","MP3042348-W201278","Behavioural change","behaviour","Implementing agency's recommendation pattern shifted year-on-year (magnitude 100%). Before/after - 2023: 5 works at a median of Rs 331,500 -> 2025: 14 works at a median of Rs 857,500. A change point is a lead, not a finding: a new officer or a revised guideline produces one too."
"MP3042348-W201278","MP3042348-W201278","Statistical outlier","multivariate","A trained anomaly detector (IsolationForest) flags this work's amount-and-age profile as unusual against the national portfolio."
"MP3042538-W153601","MP3042538-W153601","Peer amount","amount","Recommended amount at the 99th percentile of 46 comparable works (robust z 12.4)."
"MP3042538-W153601","MP3042538-W153601","Behavioural change","behaviour","Implementing agency's recommendation pattern shifted year-on-year (magnitude 100%). Before/after - 2025: 156 works at a median of Rs 500,000 -> 2026: 29 works at a median of Rs 1,100,000. A change point is a lead, not a finding: a new officer or a revised guideline produces one too."
"MP3042538-W153601","MP3042538-W153601","Statistical outlier","multivariate","A trained anomaly detector (IsolationForest) flags this work's amount-and-age profile as unusual against the national portfolio."
"MP3042538-W153603","MP3042538-W153603","Peer amount","amount","Recommended amount at the 99th percentile of 46 comparable works (robust z 12.4)."
"MP3042538-W153603","MP3042538-W153603","Behavioural change","behaviour","Implementing agency's recommendation pattern shifted year-on-year (magnitude 100%). Before/after - 2025: 156 works at a median of Rs 500,000 -> 2026: 29 works at a median of Rs 1,100,000. A change point is a lead, not a finding: a new officer or a revised guideline produces one too."
"MP3042538-W153603","MP3042538-W153603","Statistical outlier","multivariate","A trained anomaly detector (IsolationForest) flags this work's amount-and-age profile as unusual against the national portfolio."
"MP3019201-W92574","MP3019201-W92574","Peer amount","amount","Recommended amount at the 100th percentile of 6132 comparable works (robust z 653.7)."
"MP3019201-W92574","MP3019201-W92574","Behavioural change","behaviour","Implementing agency's recommendation pattern shifted year-on-year (magnitude 100%). Before/after - 2023: 15 works at a median of Rs 600,000 -> 2024: 31 works at a median of Rs 1,215,970. A change point is a lead, not a finding: a new officer or a revised guideline produces one too."
"MP3019201-W92574","MP3019201-W92574","Statistical outlier","multivariate","A trained anomaly detector (IsolationForest) flags this work's amount-and-age profile as unusual against the national portfolio."
"MP3023812-W207351","MP3023812-W207351","Peer amount","amount","Recommended amount at the 100th percentile of 1103 comparable works (robust z 65.9)."
"MP3023812-W207351","MP3023812-W207351","Behavioural change","behaviour","Implementing agency's recommendation pattern shifted year-on-year (magnitude 70%). Before/after - 2025: 108 works at a median of Rs 586,716 -> 2026: 7 works at a median of Rs 1,000,000. A change point is a lead, not a finding: a new officer or a revised guideline produces one too."
"MP3023812-W207351","MP3023812-W207351","Statistical outlier","multivariate","A trained anomaly detector (IsolationForest) flags this work's amount-and-age profile as unusual against the national portfolio."
"MP3019244-W72664","MP3019244-W72664","Peer amount","amount","Recommended amount at the 100th percentile of 13232 comparable works (robust z 91.7)."
"MP3019244-W72664","MP3019244-W72664","Behavioural change","behaviour","Implementing agency's recommendation pattern shifted year-on-year (magnitude 100%). Before/after - 2023: 15 works at a median of Rs 600,000 -> 2024: 31 works at a median of Rs 1,215,970. A change point is a lead, not a finding: a new officer or a revised guideline produces one too."
"MP3019244-W72664","MP3019244-W72664","Statistical outlier","multivariate","A trained anomaly detector (IsolationForest) flags this work's amount-and-age profile as unusual against the national portfolio."
"MP3023812-W207350","MP3023812-W207350","Peer amount","amount","Recommended amount at the 100th percentile of 1412 comparable works (robust z 40.8)."
"MP3023812-W207350","MP3023812-W207350","Behavioural change","behaviour","Implementing agency's recommendation pattern shifted year-on-year (magnitude 70%). Before/after - 2025: 108 works at a median of Rs 586,716 -> 2026: 7 works at a median of Rs 1,000,000. A change point is a lead, not a finding: a new officer or a revised guideline produces one too."
"MP3023812-W207350","MP3023812-W207350","Statistical outlier","multivariate","A trained anomaly detector (IsolationForest) flags this work's amount-and-age profile as unusual against the national portfolio."
"MP3017330-W204855","MP3017330-W204855","Peer amount","amount","Recommended amount at the 100th percentile of 4191 comparable works (robust z 192.2)."
"MP3017330-W204855","MP3017330-W204855","Peer duration","duration","Open for longer than 93% of comparable works still in progress."
"MP3017330-W204855","MP3017330-W204855","Statistical outlier","multivariate","A trained anomaly detector (IsolationForest) flags this work's amount-and-age profile as unusual against the national portfolio."
"MP3018396-W195871","MP3018396-W195871","Peer amount","amount","Recommended amount at the 99th percentile of 598 comparable works (robust z 31.1)."
"MP3018396-W195871","MP3018396-W195871","Behavioural change","behaviour","Implementing agency's recommendation pattern shifted year-on-year (magnitude 94%). Before/after - 2023: 50 works at a median of Rs 1,134,160 -> 2024: 73 works at a median of Rs 2,195,272. A change point is a lead, not a finding: a new officer or a revised guideline produces one too."
"MP3018396-W195871","MP3018396-W195871","Statistical outlier","multivariate","A trained anomaly detector (IsolationForest) flags this work's amount-and-age profile as unusual against the national portfolio."
"MP3042530-W240691","MP3042530-W240691","Peer amount","amount","Recommended amount at the 100th percentile of 6132 comparable works (robust z 697.2)."
"MP3042530-W240691","MP3042530-W240691","Behavioural change","behaviour","Implementing agency's recommendation pattern shifted year-on-year (magnitude 100%). Before/after - 2025: 26 works at a median of Rs 1,000,000 -> 2026: 7 works at a median of Rs 2,000,000. A change point is a lead, not a finding: a new officer or a revised guideline produces one too."
"MP3042530-W240691","MP3042530-W240691","Statistical outlier","multivariate","A trained anomaly detector (IsolationForest) flags this work's amount-and-age profile as unusual against the national portfolio."
"MP3018396-W93488","MP3018396-W93488","Peer amount","amount","Recommended amount at the 99th percentile of 598 comparable works (robust z 29.1)."
"MP3018396-W93488","MP3018396-W93488","Behavioural change","behaviour","Implementing agency's recommendation pattern shifted year-on-year (magnitude 94%). Before/after - 2023: 50 works at a median of Rs 1,134,160 -> 2024: 73 works at a median of Rs 2,195,272. A change point is a lead, not a finding: a new officer or a revised guideline produces one too."
"MP3018396-W93488","MP3018396-W93488","Statistical outlier","multivariate","A trained anomaly detector (IsolationForest) flags this work's amount-and-age profile as unusual against the national portfolio."
"MP3019201-W126028","MP3019201-W126028","Peer amount","amount","Recommended amount at the 100th percentile of 6132 comparable works (robust z 610.6)."
"MP3019201-W126028","MP3019201-W126028","Behavioural change","behaviour","Implementing agency's recommendation pattern shifted year-on-year (magnitude 100%). Before/after - 2023: 15 works at a median of Rs 600,000 -> 2024: 31 works at a median of Rs 1,215,970. A change point is a lead, not a finding: a new officer or a revised guideline produces one too."
"MP3019201-W126028","MP3019201-W126028","Statistical outlier","multivariate","A trained anomaly detector (IsolationForest) flags this work's amount-and-age profile as unusual against the national portfolio."
"MP3019201-W176431","MP3019201-W176431","Peer amount","amount","Recommended amount at the 99th percentile of 13232 comparable works (robust z 86.7)."
"MP3019201-W176431","MP3019201-W176431","Behavioural change","behaviour","Implementing agency's recommendation pattern shifted year-on-year (magnitude 100%). Before/after - 2023: 15 works at a median of Rs 600,000 -> 2024: 31 works at a median of Rs 1,215,970. A change point is a lead, not a finding: a new officer or a revised guideline produces one too."
"MP3019201-W176431","MP3019201-W176431","Statistical outlier","multivariate","A trained anomaly detector (IsolationForest) flags this work's amount-and-age profile as unusual against the national portfolio."
"MP3019201-W225863","MP3019201-W225863","Peer amount","amount","Recommended amount at the 100th percentile of 13232 comparable works (robust z 96.8)."
"MP3019201-W225863","MP3019201-W225863","Behavioural change","behaviour","Implementing agency's recommendation pattern shifted year-on-year (magnitude 100%). Before/after - 2023: 15 works at a median of Rs 600,000 -> 2024: 31 works at a median of Rs 1,215,970. A change point is a lead, not a finding: a new officer or a revised guideline produces one too."
"MP3019201-W225863","MP3019201-W225863","Statistical outlier","multivariate","A trained anomaly detector (IsolationForest) flags this work's amount-and-age profile as unusual against the national portfolio."
"MP3018380-W138721","MP3018380-W138721","Peer amount","amount","Recommended amount at the 100th percentile of 2348 comparable works (robust z 105.2)."
"MP3018380-W138721","MP3018380-W138721","Behavioural change","behaviour","Implementing agency's recommendation pattern shifted year-on-year (magnitude 100%). Before/after - 2025: 144 works at a median of Rs 166,026 -> 2026: 37 works at a median of Rs 500,000. A change point is a lead, not a finding: a new officer or a revised guideline produces one too."
"MP3018380-W138721","MP3018380-W138721","Statistical outlier","multivariate","A trained anomaly detector (IsolationForest) flags this work's amount-and-age profile as unusual against the national portfolio."
"MP3017455-W51811","MP3017455-W51811","Peer amount","amount","Recommended amount at the 97th percentile of 30 comparable works (robust z 8.4)."
"MP3017455-W51811","MP3017455-W51811","Peer duration","duration","Open for longer than 100% of comparable works still in progress."
"MP3017455-W51811","MP3017455-W51811","Behavioural change","behaviour","Implementing agency's recommendation pattern shifted year-on-year (magnitude 94%). Before/after - 2023: 50 works at a median of Rs 1,134,160 -> 2024: 73 works at a median of Rs 2,195,272. A change point is a lead, not a finding: a new officer or a revised guideline produces one too."
"MP3017455-W51811","MP3017455-W51811","Statistical outlier","multivariate","A trained anomaly detector (IsolationForest) flags this work's amount-and-age profile as unusual against the national portfolio."
"MP3042529-W174146","MP3042529-W174146","Peer amount","amount","Recommended amount at the 99th percentile of 13232 comparable works (robust z 83.1)."
"MP3042529-W174146","MP3042529-W174146","Behavioural change","behaviour","Implementing agency's recommendation pattern shifted year-on-year (magnitude 100%). Before/after - 2024: 98 works at a median of Rs 331,712 -> 2025: 44 works at a median of Rs 1,000,000. A change point is a lead, not a finding: a new officer or a revised guideline produces one too."
"MP3042529-W174146","MP3042529-W174146","Statistical outlier","multivariate","A trained anomaly detector (IsolationForest) flags this work's amount-and-age profile as unusual against the national portfolio."
"MP3017167-W196983","MP3017167-W196983","Peer amount","amount","Recommended amount at the 100th percentile of 447 comparable works (robust z 12.0)."
"MP3017167-W196983","MP3017167-W196983","Behavioural change","behaviour","Implementing agency's recommendation pattern shifted year-on-year (magnitude 69%). Before/after - 2024: 315 works at a median of Rs 400,000 -> 2025: 53 works at a median of Rs 675,000. A change point is a lead, not a finding: a new officer or a revised guideline produces one too."
"MP3017167-W196983","MP3017167-W196983","Statistical outlier","multivariate","A trained anomaly detector (IsolationForest) flags this work's amount-and-age profile as unusual against the national portfolio."
"MP3042486-W254284","MP3042486-W254284","Peer amount","amount","Recommended amount at the 100th percentile of 7203 comparable works (robust z 19.1)."
"MP3042486-W254284","MP3042486-W254284","Behavioural change","behaviour","Implementing agency's recommendation pattern shifted year-on-year (magnitude 100%). Before/after - 2023: 878 works at a median of Rs 21,109 -> 2024: 557 works at a median of Rs 177,842. A change point is a lead, not a finding: a new officer or a revised guideline produces one too."
"MP3042486-W254284","MP3042486-W254284","Statistical outlier","multivariate","A trained anomaly detector (IsolationForest) flags this work's amount-and-age profile as unusual against the national portfolio."
"MP3017343-W238283","MP3017343-W238283","Peer amount","amount","Recommended amount at the 99th percentile of 13232 comparable works (robust z 81.2)."
"MP3017343-W238283","MP3017343-W238283","Behavioural change","behaviour","Implementing agency's recommendation pattern shifted year-on-year (magnitude 100%). Before/after - 2025: 1400 works at a median of Rs 20,900 -> 2026: 57 works at a median of Rs 750,000. A change point is a lead, not a finding: a new officer or a revised guideline produces one too."
"MP3017343-W238283","MP3017343-W238283","Statistical outlier","multivariate","A trained anomaly detector (IsolationForest) flags this work's amount-and-age profile as unusual against the national portfolio."
"MP3017343-W238287","MP3017343-W238287","Peer amount","amount","Recommended amount at the 99th percentile of 13232 comparable works (robust z 81.2)."
"MP3017343-W238287","MP3017343-W238287","Behavioural change","behaviour","Implementing agency's recommendation pattern shifted year-on-year (magnitude 100%). Before/after - 2025: 1400 works at a median of Rs 20,900 -> 2026: 57 works at a median of Rs 750,000. A change point is a lead, not a finding: a new officer or a revised guideline produces one too."
"MP3017343-W238287","MP3017343-W238287","Statistical outlier","multivariate","A trained anomaly detector (IsolationForest) flags this work's amount-and-age profile as unusual against the national portfolio."
"MP3042486-W193991","MP3042486-W193991","Peer amount","amount","Recommended amount at the 100th percentile of 7203 comparable works (robust z 19.0)."
"MP3042486-W193991","MP3042486-W193991","Behavioural change","behaviour","Implementing agency's recommendation pattern shifted year-on-year (magnitude 100%). Before/after - 2023: 878 works at a median of Rs 21,109 -> 2024: 557 works at a median of Rs 177,842. A change point is a lead, not a finding: a new officer or a revised guideline produces one too."
"MP3042486-W193991","MP3042486-W193991","Statistical outlier","multivariate","A trained anomaly detector (IsolationForest) flags this work's amount-and-age profile as unusual against the national portfolio."
"MP3017254-W232298","MP3017254-W232298","Peer amount","amount","Recommended amount at the 100th percentile of 930 comparable works (robust z 101.5)."
"MP3017254-W232298","MP3017254-W232298","Behavioural change","behaviour","Implementing agency's recommendation pattern shifted year-on-year (magnitude 100%). Before/after - 2025: 144 works at a median of Rs 166,026 -> 2026: 37 works at a median of Rs 500,000. A change point is a lead, not a finding: a new officer or a revised guideline produces one too."
"MP3017254-W232298","MP3017254-W232298","Statistical outlier","multivariate","A trained anomaly detector (IsolationForest) flags this work's amount-and-age profile as unusual against the national portfolio."
"MP3018936-W88859","MP3018936-W88859","Peer amount","amount","Recommended amount at the 100th percentile of 568 comparable works (robust z 18.9)."
"MP3018936-W88859","MP3018936-W88859","Behavioural change","behaviour","Implementing agency's recommendation pattern shifted year-on-year (magnitude 100%). Before/after - 2024: 31 works at a median of Rs 117,098 -> 2025: 25 works at a median of Rs 599,562. A change point is a lead, not a finding: a new officer or a revised guideline produces one too."
"MP3018936-W88859","MP3018936-W88859","Statistical outlier","multivariate","A trained anomaly detector (IsolationForest) flags this work's amount-and-age profile as unusual against the national portfolio."
"MP3017307-W96112","MP3017307-W96112","Peer amount","amount","Recommended amount at the 100th percentile of 46 comparable works (robust z 21.8)."
"MP3017307-W96112","MP3017307-W96112","Behavioural change","behaviour","Implementing agency's recommendation pattern shifted year-on-year (magnitude 55%). Before/after - 2025: 152 works at a median of Rs 609,402 -> 2026: 14 works at a median of Rs 275,000. A change point is a lead, not a finding: a new officer or a revised guideline produces one too."
"MP3017307-W96112","MP3017307-W96112","Statistical outlier","multivariate","A trained anomaly detector (IsolationForest) flags this work's amount-and-age profile as unusual against the national portfolio."
"MP3017455-W51809","MP3017455-W51809","Peer amount","amount","Recommended amount at the 95th percentile of 31 comparable works (robust z 9.5)."
"MP3017455-W51809","MP3017455-W51809","Peer duration","duration","Open for longer than 100% of comparable works still in progress."
"MP3017455-W51809","MP3017455-W51809","Behavioural change","behaviour","Implementing agency's recommendation pattern shifted year-on-year (magnitude 94%). Before/after - 2023: 50 works at a median of Rs 1,134,160 -> 2024: 73 works at a median of Rs 2,195,272. A change point is a lead, not a finding: a new officer or a revised guideline produces one too."
"MP3017455-W51809","MP3017455-W51809","Statistical outlier","multivariate","A trained anomaly detector (IsolationForest) flags this work's amount-and-age profile as unusual against the national portfolio."
"MP3017246-W243539","MP3017246-W243539","Peer amount","amount","Recommended amount at the 100th percentile of 1516 comparable works (robust z 45.5)."
"MP3017246-W243539","MP3017246-W243539","Behavioural change","behaviour","Implementing agency's recommendation pattern shifted year-on-year (magnitude 100%). Before/after - 2025: 235 works at a median of Rs 249,000 -> 2026: 20 works at a median of Rs 530,000. A change point is a lead, not a finding: a new officer or a revised guideline produces one too."
"MP3017246-W243539","MP3017246-W243539","Statistical outlier","multivariate","A trained anomaly detector (IsolationForest) flags this work's amount-and-age profile as unusual against the national portfolio."
"MP3019201-W225865","MP3019201-W225865","Peer amount","amount","Recommended amount at the 100th percentile of 13232 comparable works (robust z 87.9)."
"MP3019201-W225865","MP3019201-W225865","Behavioural change","behaviour","Implementing agency's recommendation pattern shifted year-on-year (magnitude 100%). Before/after - 2023: 15 works at a median of Rs 600,000 -> 2024: 31 works at a median of Rs 1,215,970. A change point is a lead, not a finding: a new officer or a revised guideline produces one too."
"MP3019201-W225865","MP3019201-W225865","Statistical outlier","multivariate","A trained anomaly detector (IsolationForest) flags this work's amount-and-age profile as unusual against the national portfolio."
"MP3017512-W135897","MP3017512-W135897","Peer amount","amount","Recommended amount at the 100th percentile of 72 comparable works (robust z 59.3)."
"MP3017512-W135897","MP3017512-W135897","Behavioural change","behaviour","Implementing agency's recommendation pattern shifted year-on-year (magnitude 100%). Before/after - 2024: 38 works at a median of Rs 500,000 -> 2025: 8 works at a median of Rs 1,000,000. A change point is a lead, not a finding: a new officer or a revised guideline produces one too."
"MP3017512-W135897","MP3017512-W135897","Statistical outlier","multivariate","A trained anomaly detector (IsolationForest) flags this work's amount-and-age profile as unusual against the national portfolio."
"MP3019201-W112234","MP3019201-W112234","Peer amount","amount","Recommended amount at the 100th percentile of 308 comparable works (robust z 14.9)."
"MP3019201-W112234","MP3019201-W112234","Behavioural change","behaviour","Implementing agency's recommendation pattern shifted year-on-year (magnitude 100%). Before/after - 2023: 15 works at a median of Rs 600,000 -> 2024: 31 works at a median of Rs 1,215,970. A change point is a lead, not a finding: a new officer or a revised guideline produces one too."
"MP3019201-W112234","MP3019201-W112234","Statistical outlier","multivariate","A trained anomaly detector (IsolationForest) flags this work's amount-and-age profile as unusual against the national portfolio."
"MP3042486-W210408","MP3042486-W210408","Peer amount","amount","Recommended amount at the 99th percentile of 13232 comparable works (robust z 81.5)."
"MP3042486-W210408","MP3042486-W210408","Behavioural change","behaviour","Implementing agency's recommendation pattern shifted year-on-year (magnitude 100%). Before/after - 2023: 878 works at a median of Rs 21,109 -> 2024: 557 works at a median of Rs 177,842. A change point is a lead, not a finding: a new officer or a revised guideline produces one too."
"MP3042486-W210408","MP3042486-W210408","Statistical outlier","multivariate","A trained anomaly detector (IsolationForest) flags this work's amount-and-age profile as unusual against the national portfolio."
"MP3043226-W228446","MP3043226-W228446","Peer amount","amount","Recommended amount at the 100th percentile of 502 comparable works (robust z 141.6)."
"MP3043226-W228446","MP3043226-W228446","Behavioural change","behaviour","Implementing agency's recommendation pattern shifted year-on-year (magnitude 67%). Before/after - 2025: 170 works at a median of Rs 300,000 -> 2026: 67 works at a median of Rs 500,000. A change point is a lead, not a finding: a new officer or a revised guideline produces one too."
"MP3043226-W228446","MP3043226-W228446","Statistical outlier","multivariate","A trained anomaly detector (IsolationForest) flags this work's amount-and-age profile as unusual against the national portfolio."
"MP3043226-W228447","MP3043226-W228447","Peer amount","amount","Recommended amount at the 100th percentile of 502 comparable works (robust z 141.6)."
"MP3043226-W228447","MP3043226-W228447","Behavioural change","behaviour","Implementing agency's recommendation pattern shifted year-on-year (magnitude 67%). Before/after - 2025: 170 works at a median of Rs 300,000 -> 2026: 67 works at a median of Rs 500,000. A change point is a lead, not a finding: a new officer or a revised guideline produces one too."
"MP3043226-W228447","MP3043226-W228447","Statistical outlier","multivariate","A trained anomaly detector (IsolationForest) flags this work's amount-and-age profile as unusual against the national portfolio."
"MP3020003-W163379","MP3020003-W163379","Peer amount","amount","Recommended amount at the 100th percentile of 223 comparable works (robust z 16.6)."
"MP3020003-W163379","MP3020003-W163379","Behavioural change","behaviour","Implementing agency's recommendation pattern shifted year-on-year (magnitude 75%). Before/after - 2024: 9 works at a median of Rs 1,713,944 -> 2025: 24 works at a median of Rs 421,700. A change point is a lead, not a finding: a new officer or a revised guideline produces one too."
"MP3020003-W163379","MP3020003-W163379","Statistical outlier","multivariate","A trained anomaly detector (IsolationForest) flags this work's amount-and-age profile as unusual against the national portfolio."
"MP3019045-W128707","MP3019045-W128707","Peer amount","amount","Recommended amount at the 100th percentile of 1855 comparable works (robust z 12920.0)."
"MP3019045-W128707","MP3019045-W128707","Behavioural change","behaviour","Implementing agency's recommendation pattern shifted year-on-year (magnitude 100%). Before/after - 2023: 23 works at a median of Rs 300,000 -> 2024: 26 works at a median of Rs 1,675,000. A change point is a lead, not a finding: a new officer or a revised guideline produces one too."
"MP3019045-W128707","MP3019045-W128707","Statistical outlier","multivariate","A trained anomaly detector (IsolationForest) flags this work's amount-and-age profile as unusual against the national portfolio."
"MP3019045-W128710","MP3019045-W128710","Peer amount","amount","Recommended amount at the 100th percentile of 1855 comparable works (robust z 12920.0)."
"MP3019045-W128710","MP3019045-W128710","Behavioural change","behaviour","Implementing agency's recommendation pattern shifted year-on-year (magnitude 100%). Before/after - 2023: 23 works at a median of Rs 300,000 -> 2024: 26 works at a median of Rs 1,675,000. A change point is a lead, not a finding: a new officer or a revised guideline produces one too."
"MP3019045-W128710","MP3019045-W128710","Statistical outlier","multivariate","A trained anomaly detector (IsolationForest) flags this work's amount-and-age profile as unusual against the national portfolio."
"MP3017330-W87442","MP3017330-W87442","Peer amount","amount","Recommended amount at the 94th percentile of 159 comparable works (robust z 10.6)."
"MP3017330-W87442","MP3017330-W87442","Behavioural change","behaviour","Implementing agency's recommendation pattern shifted year-on-year (magnitude 100%). Before/after - 2023: 383 works at a median of Rs 151,972 -> 2024: 12 works at a median of Rs 659,614. A change point is a lead, not a finding: a new officer or a revised guideline produces one too."
"MP3017330-W87442","MP3017330-W87442","Statistical outlier","multivariate","A trained anomaly detector (IsolationForest) flags this work's amount-and-age profile as unusual against the national portfolio."
"MP3017325-W181183","MP3017325-W181183","Peer amount","amount","Recommended amount at the 100th percentile of 7203 comparable works (robust z 16.1)."
"MP3017325-W181183","MP3017325-W181183","Behavioural change","behaviour","Implementing agency's recommendation pattern shifted year-on-year (magnitude 83%). Before/after - 2025: 122 works at a median of Rs 655,500 -> 2026: 44 works at a median of Rs 1,200,000. A change point is a lead, not a finding: a new officer or a revised guideline produces one too."
"MP3017325-W181183","MP3017325-W181183","Statistical outlier","multivariate","A trained anomaly detector (IsolationForest) flags this work's amount-and-age profile as unusual against the national portfolio."
"MP3017330-W179557","MP3017330-W179557","Peer amount","amount","Recommended amount at the 100th percentile of 4191 comparable works (robust z 153.6)."
"MP3017330-W179557","MP3017330-W179557","Peer duration","duration","Open for longer than 95% of comparable works still in progress."
"MP3017330-W179557","MP3017330-W179557","Statistical outlier","multivariate","A trained anomaly detector (IsolationForest) flags this work's amount-and-age profile as unusual against the national portfolio."
"MP3017198-W150373","MP3017198-W150373","Peer amount","amount","Recommended amount at the 100th percentile of 138 comparable works (robust z 13.3)."
"MP3017198-W150373","MP3017198-W150373","Behavioural change","behaviour","Implementing agency's recommendation pattern shifted year-on-year (magnitude 100%). Before/after - 2023: 70 works at a median of Rs 1,044,788 -> 2024: 42 works at a median of Rs 2,394,173. A change point is a lead, not a finding: a new officer or a revised guideline produces one too."
"MP3017198-W150373","MP3017198-W150373","Statistical outlier","multivariate","A trained anomaly detector (IsolationForest) flags this work's amount-and-age profile as unusual against the national portfolio."
"MP3019002-W178906","MP3019002-W178906","Peer amount","amount","Recommended amount at the 100th percentile of 443 comparable works (robust z 61.5)."
"MP3019002-W178906","MP3019002-W178906","Behavioural change","behaviour","Implementing agency's recommendation pattern shifted year-on-year (magnitude 100%). Before/after - 2023: 147 works at a median of Rs 199,968 -> 2024: 131 works at a median of Rs 480,700. A change point is a lead, not a finding: a new officer or a revised guideline produces one too."
"MP3019002-W178906","MP3019002-W178906","Statistical outlier","multivariate","A trained anomaly detector (IsolationForest) flags this work's amount-and-age profile as unusual against the national portfolio."
"MP3019201-W92588","MP3019201-W92588","Peer amount","amount","Recommended amount at the 100th percentile of 6132 comparable works (robust z 521.5)."
"MP3019201-W92588","MP3019201-W92588","Behavioural change","behaviour","Implementing agency's recommendation pattern shifted year-on-year (magnitude 100%). Before/after - 2023: 15 works at a median of Rs 600,000 -> 2024: 31 works at a median of Rs 1,215,970. A change point is a lead, not a finding: a new officer or a revised guideline produces one too."
"MP3019201-W92588","MP3019201-W92588","Statistical outlier","multivariate","A trained anomaly detector (IsolationForest) flags this work's amount-and-age profile as unusual against the national portfolio."
"MP3019200-W59410","MP3019200-W59410","Peer amount","amount","Recommended amount at the 100th percentile of 7203 comparable works (robust z 17.2)."
"MP3019200-W59410","MP3019200-W59410","Behavioural change","behaviour","Implementing agency's recommendation pattern shifted year-on-year (magnitude 100%). Before/after - 2023: 192 works at a median of Rs 50,000 -> 2024: 21 works at a median of Rs 780,000. A change point is a lead, not a finding: a new officer or a revised guideline produces one too."
"MP3019200-W59410","MP3019200-W59410","Statistical outlier","multivariate","A trained anomaly detector (IsolationForest) flags this work's amount-and-age profile as unusual against the national portfolio."
"MP3017330-W220191","MP3017330-W220191","Peer amount","amount","Recommended amount at the 93th percentile of 159 comparable works (robust z 10.0)."
"MP3017330-W220191","MP3017330-W220191","Behavioural change","behaviour","Implementing agency's recommendation pattern shifted year-on-year (magnitude 100%). Before/after - 2023: 383 works at a median of Rs 151,972 -> 2024: 12 works at a median of Rs 659,614. A change point is a lead, not a finding: a new officer or a revised guideline produces one too."
"MP3017330-W220191","MP3017330-W220191","Statistical outlier","multivariate","A trained anomaly detector (IsolationForest) flags this work's amount-and-age profile as unusual against the national portfolio."
"MP3017485-W476","MP3017485-W476","Peer amount","amount","Recommended amount at the 100th percentile of 76 comparable works (robust z 23.2)."
"MP3017485-W476","MP3017485-W476","Peer duration","duration","Open for longer than 100% of comparable works still in progress."
"MP3017485-W476","MP3017485-W476","Behavioural change","behaviour","Implementing agency's recommendation pattern shifted year-on-year (magnitude 100%). Before/after - 2025: 156 works at a median of Rs 500,000 -> 2026: 29 works at a median of Rs 1,100,000. A change point is a lead, not a finding: a new officer or a revised guideline produces one too."
"MP3017485-W476","MP3017485-W476","Statistical outlier","multivariate","A trained anomaly detector (IsolationForest) flags this work's amount-and-age profile as unusual against the national portfolio."
"MP3042490-W220829","MP3042490-W220829","Peer amount","amount","Recommended amount at the 100th percentile of 7203 comparable works (robust z 14.7)."
"MP3042490-W220829","MP3042490-W220829","Behavioural change","behaviour","Implementing agency's recommendation pattern shifted year-on-year (magnitude 100%). Before/after - 2022: 14 works at a median of Rs 142,500 -> 2023: 128 works at a median of Rs 516,000. A change point is a lead, not a finding: a new officer or a revised guideline produces one too."
"MP3042490-W220829","MP3042490-W220829","Statistical outlier","multivariate","A trained anomaly detector (IsolationForest) flags this work's amount-and-age profile as unusual against the national portfolio."
"MP3017246-W243541","MP3017246-W243541","Peer amount","amount","Recommended amount at the 98th percentile of 64 comparable works (robust z 9.8)."
"MP3017246-W243541","MP3017246-W243541","Behavioural change","behaviour","Implementing agency's recommendation pattern shifted year-on-year (magnitude 100%). Before/after - 2025: 235 works at a median of Rs 249,000 -> 2026: 20 works at a median of Rs 530,000. A change point is a lead, not a finding: a new officer or a revised guideline produces one too."
"MP3017246-W243541","MP3017246-W243541","Statistical outlier","multivariate","A trained anomaly detector (IsolationForest) flags this work's amount-and-age profile as unusual against the national portfolio."
"MP3017325-W217034","MP3017325-W217034","Peer amount","amount","Recommended amount at the 100th percentile of 7203 comparable works (robust z 15.0)."
"MP3017325-W217034","MP3017325-W217034","Behavioural change","behaviour","Implementing agency's recommendation pattern shifted year-on-year (magnitude 83%). Before/after - 2025: 122 works at a median of Rs 655,500 -> 2026: 44 works at a median of Rs 1,200,000. A change point is a lead, not a finding: a new officer or a revised guideline produces one too."
"MP3017325-W217034","MP3017325-W217034","Statistical outlier","multivariate","A trained anomaly detector (IsolationForest) flags this work's amount-and-age profile as unusual against the national portfolio."
"MP3017417-W130656","MP3017417-W130656","Peer amount","amount","Recommended amount at the 99th percentile of 44 comparable works (robust z 5.5)."
"MP3017417-W130656","MP3017417-W130656","Behavioural change","behaviour","Implementing agency's recommendation pattern shifted year-on-year (magnitude 100%). Before/after - 2025: 235 works at a median of Rs 249,000 -> 2026: 20 works at a median of Rs 530,000. A change point is a lead, not a finding: a new officer or a revised guideline produces one too."
"MP3017417-W130656","MP3017417-W130656","Statistical outlier","multivariate","A trained anomaly detector (IsolationForest) flags this work's amount-and-age profile as unusual against the national portfolio."
"MP3017465-W21657","MP3017465-W21657","Peer amount","amount","Recommended amount at the 100th percentile of 93 comparable works (robust z 19.5)."
"MP3017465-W21657","MP3017465-W21657","Peer duration","duration","Open for longer than 99% of comparable works still in progress."
"MP3017465-W21657","MP3017465-W21657","Behavioural change","behaviour","Implementing agency's recommendation pattern shifted year-on-year (magnitude 51%). Before/after - 2024: 155 works at a median of Rs 652,950 -> 2025: 118 works at a median of Rs 986,636. A change point is a lead, not a finding: a new officer or a revised guideline produces one too."
"MP3017465-W21657","MP3017465-W21657","Statistical outlier","multivariate","A trained anomaly detector (IsolationForest) flags this work's amount-and-age profile as unusual against the national portfolio."
"MP3042486-W235614","MP3042486-W235614","Peer amount","amount","Recommended amount at the 100th percentile of 925 comparable works (robust z 72719.2)."
"MP3042486-W235614","MP3042486-W235614","Behavioural change","behaviour","Implementing agency's recommendation pattern shifted year-on-year (magnitude 100%). Before/after - 2023: 878 works at a median of Rs 21,109 -> 2024: 557 works at a median of Rs 177,842. A change point is a lead, not a finding: a new officer or a revised guideline produces one too."
"MP3042486-W235614","MP3042486-W235614","Statistical outlier","multivariate","A trained anomaly detector (IsolationForest) flags this work's amount-and-age profile as unusual against the national portfolio."
"MP3042330-W256906","MP3042330-W256906","Peer amount","amount","Recommended amount at the 99th percentile of 45 comparable works (robust z 5.6)."
"MP3042330-W256906","MP3042330-W256906","Behavioural change","behaviour","Implementing agency's recommendation pattern shifted year-on-year (magnitude 100%). Before/after - 2023: 262 works at a median of Rs 249,853 -> 2024: 108 works at a median of Rs 499,448. A change point is a lead, not a finding: a new officer or a revised guideline produces one too."
"MP3042330-W256906","MP3042330-W256906","Statistical outlier","multivariate","A trained anomaly detector (IsolationForest) flags this work's amount-and-age profile as unusual against the national portfolio."
"MP3042330-W276199","MP3042330-W276199","Peer amount","amount","Recommended amount at the 99th percentile of 45 comparable works (robust z 5.6)."
"MP3042330-W276199","MP3042330-W276199","Behavioural change","behaviour","Implementing agency's recommendation pattern shifted year-on-year (magnitude 100%). Before/after - 2023: 262 works at a median of Rs 249,853 -> 2024: 108 works at a median of Rs 499,448. A change point is a lead, not a finding: a new officer or a revised guideline produces one too."
"MP3042330-W276199","MP3042330-W276199","Statistical outlier","multivariate","A trained anomaly detector (IsolationForest) flags this work's amount-and-age profile as unusual against the national portfolio."
"MP3019225-W68207","MP3019225-W68207","Peer amount","amount","Recommended amount at the 100th percentile of 71 comparable works (robust z 65.7)."
"MP3019225-W68207","MP3019225-W68207","Peer duration","duration","Open for longer than 98% of comparable works still in progress."
"MP3019225-W68207","MP3019225-W68207","Behavioural change","behaviour","Implementing agency's recommendation pattern shifted year-on-year (magnitude 100%). Before/after - 2024: 90 works at a median of Rs 500,000 -> 2025: 23 works at a median of Rs 3,754,000. A change point is a lead, not a finding: a new officer or a revised guideline produces one too."
"MP3019225-W68207","MP3019225-W68207","Statistical outlier","multivariate","A trained anomaly detector (IsolationForest) flags this work's amount-and-age profile as unusual against the national portfolio."
"MP3019201-W136732","MP3019201-W136732","Peer amount","amount","Recommended amount at the 99th percentile of 13232 comparable works (robust z 86.8)."
"MP3019201-W136732","MP3019201-W136732","Behavioural change","behaviour","Implementing agency's recommendation pattern shifted year-on-year (magnitude 100%). Before/after - 2023: 15 works at a median of Rs 600,000 -> 2024: 31 works at a median of Rs 1,215,970. A change point is a lead, not a finding: a new officer or a revised guideline produces one too."
"MP3019201-W136732","MP3019201-W136732","Statistical outlier","multivariate","A trained anomaly detector (IsolationForest) flags this work's amount-and-age profile as unusual against the national portfolio."
"MP3018356-W100676","MP3018356-W100676","Peer amount","amount","Recommended amount at the 100th percentile of 264 comparable works (robust z 13.1)."
"MP3018356-W100676","MP3018356-W100676","Behavioural change","behaviour","Implementing agency's recommendation pattern shifted year-on-year (magnitude 100%). Before/after - 2023: 70 works at a median of Rs 1,044,788 -> 2024: 42 works at a median of Rs 2,394,173. A change point is a lead, not a finding: a new officer or a revised guideline produces one too."
"MP3018356-W100676","MP3018356-W100676","Statistical outlier","multivariate","A trained anomaly detector (IsolationForest) flags this work's amount-and-age profile as unusual against the national portfolio."
"MP3018356-W100676","MP3018356-W100676","Near-duplicate work","duplication","A work in the same state and archetype is 99.7% semantically similar (MP3018356-W100677). Repeated descriptions are common in this scheme, so a human should confirm these are genuinely separate works."
"MP3018356-W100677","MP3018356-W100677","Peer amount","amount","Recommended amount at the 100th percentile of 264 comparable works (robust z 13.1)."
"MP3018356-W100677","MP3018356-W100677","Behavioural change","behaviour","Implementing agency's recommendation pattern shifted year-on-year (magnitude 100%). Before/after - 2023: 70 works at a median of Rs 1,044,788 -> 2024: 42 works at a median of Rs 2,394,173. A change point is a lead, not a finding: a new officer or a revised guideline produces one too."
"MP3018356-W100677","MP3018356-W100677","Statistical outlier","multivariate","A trained anomaly detector (IsolationForest) flags this work's amount-and-age profile as unusual against the national portfolio."
"MP3018356-W100677","MP3018356-W100677","Near-duplicate work","duplication","A work in the same state and archetype is 99.7% semantically similar (MP3018356-W100676). Repeated descriptions are common in this scheme, so a human should confirm these are genuinely separate works."
"MP3018356-W100678","MP3018356-W100678","Peer amount","amount","Recommended amount at the 100th percentile of 264 comparable works (robust z 13.1)."
"MP3018356-W100678","MP3018356-W100678","Behavioural change","behaviour","Implementing agency's recommendation pattern shifted year-on-year (magnitude 100%). Before/after - 2023: 70 works at a median of Rs 1,044,788 -> 2024: 42 works at a median of Rs 2,394,173. A change point is a lead, not a finding: a new officer or a revised guideline produces one too."
"MP3018356-W100678","MP3018356-W100678","Statistical outlier","multivariate","A trained anomaly detector (IsolationForest) flags this work's amount-and-age profile as unusual against the national portfolio."
"MP3018356-W100678","MP3018356-W100678","Near-duplicate work","duplication","A work in the same state and archetype is 99.6% semantically similar (MP3018356-W100677). Repeated descriptions are common in this scheme, so a human should confirm these are genuinely separate works."
"MP3020003-W163381","MP3020003-W163381","Peer amount","amount","Recommended amount at the 100th percentile of 223 comparable works (robust z 16.3)."
"MP3020003-W163381","MP3020003-W163381","Behavioural change","behaviour","Implementing agency's recommendation pattern shifted year-on-year (magnitude 100%). Before/after - 2022: 6 works at a median of Rs 685,196 -> 2023: 9 works at a median of Rs 2,374,734. A change point is a lead, not a finding: a new officer or a revised guideline produces one too."
"MP3020003-W163381","MP3020003-W163381","Statistical outlier","multivariate","A trained anomaly detector (IsolationForest) flags this work's amount-and-age profile as unusual against the national portfolio."
"MP3019201-W225860","MP3019201-W225860","Peer amount","amount","Recommended amount at the 99th percentile of 13232 comparable works (robust z 70.0)."
"MP3019201-W225860","MP3019201-W225860","Behavioural change","behaviour","Implementing agency's recommendation pattern shifted year-on-year (magnitude 100%). Before/after - 2023: 15 works at a median of Rs 600,000 -> 2024: 31 works at a median of Rs 1,215,970. A change point is a lead, not a finding: a new officer or a revised guideline produces one too."
"MP3019201-W225860","MP3019201-W225860","Statistical outlier","multivariate","A trained anomaly detector (IsolationForest) flags this work's amount-and-age profile as unusual against the national portfolio."
"MP3042348-W166162","MP3042348-W166162","Peer amount","amount","Recommended amount at the 100th percentile of 67 comparable works (robust z 33.7)."
"MP3042348-W166162","MP3042348-W166162","Behavioural change","behaviour","Implementing agency's recommendation pattern shifted year-on-year (magnitude 100%). Before/after - 2024: 60 works at a median of Rs 16,660 -> 2025: 19 works at a median of Rs 550,000. A change point is a lead, not a finding: a new officer or a revised guideline produces one too."
"MP3042348-W166162","MP3042348-W166162","Statistical outlier","multivariate","A trained anomaly detector (IsolationForest) flags this work's amount-and-age profile as unusual against the national portfolio."
"MP3019200-W59413","MP3019200-W59413","Peer amount","amount","Recommended amount at the 100th percentile of 7203 comparable works (robust z 14.0)."
"MP3019200-W59413","MP3019200-W59413","Behavioural change","behaviour","Implementing agency's recommendation pattern shifted year-on-year (magnitude 100%). Before/after - 2023: 192 works at a median of Rs 50,000 -> 2024: 21 works at a median of Rs 780,000. A change point is a lead, not a finding: a new officer or a revised guideline produces one too."
"MP3019200-W59413","MP3019200-W59413","Statistical outlier","multivariate","A trained anomaly detector (IsolationForest) flags this work's amount-and-age profile as unusual against the national portfolio."
"MP3042529-W214632","MP3042529-W214632","Peer amount","amount","Recommended amount at the 99th percentile of 13232 comparable works (robust z 58.5)."
"MP3042529-W214632","MP3042529-W214632","Behavioural change","behaviour","Implementing agency's recommendation pattern shifted year-on-year (magnitude 100%). Before/after - 2024: 98 works at a median of Rs 331,712 -> 2025: 44 works at a median of Rs 1,000,000. A change point is a lead, not a finding: a new officer or a revised guideline produces one too."
"MP3042529-W214632","MP3042529-W214632","Statistical outlier","multivariate","A trained anomaly detector (IsolationForest) flags this work's amount-and-age profile as unusual against the national portfolio."
"MP3017253-W229641","MP3017253-W229641","Peer amount","amount","Recommended amount at the 94th percentile of 44 comparable works (robust z 3.2)."
"MP3017253-W229641","MP3017253-W229641","Behavioural change","behaviour","Implementing agency's recommendation pattern shifted year-on-year (magnitude 100%). Before/after - 2025: 235 works at a median of Rs 249,000 -> 2026: 20 works at a median of Rs 530,000. A change point is a lead, not a finding: a new officer or a revised guideline produces one too."
"MP3017253-W229641","MP3017253-W229641","Statistical outlier","multivariate","A trained anomaly detector (IsolationForest) flags this work's amount-and-age profile as unusual against the national portfolio."
"MP3021882-W68661","MP3021882-W68661","Peer amount","amount","Recommended amount at the 100th percentile of 43 comparable works (robust z 17.4)."
"MP3021882-W68661","MP3021882-W68661","Peer duration","duration","Open for longer than 92% of comparable works still in progress."
"MP3021882-W68661","MP3021882-W68661","Statistical outlier","multivariate","A trained anomaly detector (IsolationForest) flags this work's amount-and-age profile as unusual against the national portfolio."
"MP3018356-W100712","MP3018356-W100712","Peer amount","amount","Recommended amount at the 99th percentile of 158 comparable works (robust z 11.9)."
"MP3018356-W100712","MP3018356-W100712","Behavioural change","behaviour","Implementing agency's recommendation pattern shifted year-on-year (magnitude 100%). Before/after - 2023: 70 works at a median of Rs 1,044,788 -> 2024: 42 works at a median of Rs 2,394,173. A change point is a lead, not a finding: a new officer or a revised guideline produces one too."
"MP3018356-W100712","MP3018356-W100712","Statistical outlier","multivariate","A trained anomaly detector (IsolationForest) flags this work's amount-and-age profile as unusual against the national portfolio."
"MP3042309-W169445","MP3042309-W169445","Peer amount","amount","Recommended amount at the 99th percentile of 138 comparable works (robust z 10.6)."
"MP3042309-W169445","MP3042309-W169445","Behavioural change","behaviour","Implementing agency's recommendation pattern shifted year-on-year (magnitude 100%). Before/after - 2025: 319 works at a median of Rs 75,000 -> 2026: 20 works at a median of Rs 650,000. A change point is a lead, not a finding: a new officer or a revised guideline produces one too."
"MP3042309-W169445","MP3042309-W169445","Statistical outlier","multivariate","A trained anomaly detector (IsolationForest) flags this work's amount-and-age profile as unusual against the national portfolio."
"MP3018408-W47475","MP3018408-W47475","Peer amount","amount","Recommended amount at the 100th percentile of 925 comparable works (robust z 76521.7)."
"MP3018408-W47475","MP3018408-W47475","Behavioural change","behaviour","Implementing agency's recommendation pattern shifted year-on-year (magnitude 86%). Before/after - 2024: 177 works at a median of Rs 627,534 -> 2025: 125 works at a median of Rs 1,170,000. A change point is a lead, not a finding: a new officer or a revised guideline produces one too."
"MP3018408-W47475","MP3018408-W47475","Statistical outlier","multivariate","A trained anomaly detector (IsolationForest) flags this work's amount-and-age profile as unusual against the national portfolio."
"MP3018356-W100681","MP3018356-W100681","Peer amount","amount","Recommended amount at the 98th percentile of 42 comparable works (robust z 6.6)."
"MP3018356-W100681","MP3018356-W100681","Behavioural change","behaviour","Implementing agency's recommendation pattern shifted year-on-year (magnitude 100%). Before/after - 2023: 70 works at a median of Rs 1,044,788 -> 2024: 42 works at a median of Rs 2,394,173. A change point is a lead, not a finding: a new officer or a revised guideline produces one too."
"MP3018356-W100681","MP3018356-W100681","Statistical outlier","multivariate","A trained anomaly detector (IsolationForest) flags this work's amount-and-age profile as unusual against the national portfolio."
"MP3018356-W100681","MP3018356-W100681","Near-duplicate work","duplication","A work in the same state and archetype is 99.8% semantically similar (MP3018356-W100682). Repeated descriptions are common in this scheme, so a human should confirm these are genuinely separate works."
"MP3018356-W100682","MP3018356-W100682","Peer amount","amount","Recommended amount at the 98th percentile of 42 comparable works (robust z 6.6)."
"MP3018356-W100682","MP3018356-W100682","Behavioural change","behaviour","Implementing agency's recommendation pattern shifted year-on-year (magnitude 100%). Before/after - 2023: 70 works at a median of Rs 1,044,788 -> 2024: 42 works at a median of Rs 2,394,173. A change point is a lead, not a finding: a new officer or a revised guideline produces one too."
"MP3018356-W100682","MP3018356-W100682","Statistical outlier","multivariate","A trained anomaly detector (IsolationForest) flags this work's amount-and-age profile as unusual against the national portfolio."
"MP3018356-W100682","MP3018356-W100682","Near-duplicate work","duplication","A work in the same state and archetype is 99.8% semantically similar (MP3018356-W100681). Repeated descriptions are common in this scheme, so a human should confirm these are genuinely separate works."
"MP3018356-W100672","MP3018356-W100672","Peer amount","amount","Recommended amount at the 100th percentile of 112 comparable works (robust z 10.1)."
"MP3018356-W100672","MP3018356-W100672","Behavioural change","behaviour","Implementing agency's recommendation pattern shifted year-on-year (magnitude 100%). Before/after - 2023: 70 works at a median of Rs 1,044,788 -> 2024: 42 works at a median of Rs 2,394,173. A change point is a lead, not a finding: a new officer or a revised guideline produces one too."
"MP3018356-W100672","MP3018356-W100672","Statistical outlier","multivariate","A trained anomaly detector (IsolationForest) flags this work's amount-and-age profile as unusual against the national portfolio."
"MP3018356-W100672","MP3018356-W100672","Near-duplicate work","duplication","A work in the same state and archetype is 99.1% semantically similar (MP3018356-W100673). Repeated descriptions are common in this scheme, so a human should confirm these are genuinely separate works."
"MP3018356-W100673","MP3018356-W100673","Peer amount","amount","Recommended amount at the 100th percentile of 112 comparable works (robust z 10.1)."
"MP3018356-W100673","MP3018356-W100673","Behavioural change","behaviour","Implementing agency's recommendation pattern shifted year-on-year (magnitude 100%). Before/after - 2023: 70 works at a median of Rs 1,044,788 -> 2024: 42 works at a median of Rs 2,394,173. A change point is a lead, not a finding: a new officer or a revised guideline produces one too."
"MP3018356-W100673","MP3018356-W100673","Statistical outlier","multivariate","A trained anomaly detector (IsolationForest) flags this work's amount-and-age profile as unusual against the national portfolio."
"MP3018356-W100673","MP3018356-W100673","Near-duplicate work","duplication","A work in the same state and archetype is 99.1% semantically similar (MP3018356-W100672). Repeated descriptions are common in this scheme, so a human should confirm these are genuinely separate works."
"MP3018356-W100713","MP3018356-W100713","Peer amount","amount","Recommended amount at the 98th percentile of 42 comparable works (robust z 6.6)."
"MP3018356-W100713","MP3018356-W100713","Behavioural change","behaviour","Implementing agency's recommendation pattern shifted year-on-year (magnitude 100%). Before/after - 2023: 70 works at a median of Rs 1,044,788 -> 2024: 42 works at a median of Rs 2,394,173. A change point is a lead, not a finding: a new officer or a revised guideline produces one too."
"MP3018356-W100713","MP3018356-W100713","Statistical outlier","multivariate","A trained anomaly detector (IsolationForest) flags this work's amount-and-age profile as unusual against the national portfolio."
"MP3018356-W100713","MP3018356-W100713","Near-duplicate work","duplication","A work in the same state and archetype is 97.4% semantically similar (MP3018356-W100681). Repeated descriptions are common in this scheme, so a human should confirm these are genuinely separate works."
"MP3018356-W100715","MP3018356-W100715","Peer amount","amount","Recommended amount at the 95th percentile of 147 comparable works (robust z 5.3)."
"MP3018356-W100715","MP3018356-W100715","Behavioural change","behaviour","Implementing agency's recommendation pattern shifted year-on-year (magnitude 100%). Before/after - 2023: 70 works at a median of Rs 1,044,788 -> 2024: 42 works at a median of Rs 2,394,173. A change point is a lead, not a finding: a new officer or a revised guideline produces one too."
"MP3018356-W100715","MP3018356-W100715","Statistical outlier","multivariate","A trained anomaly detector (IsolationForest) flags this work's amount-and-age profile as unusual against the national portfolio."
"MP3017308-W258718","MP3017308-W258718","Peer amount","amount","Recommended amount at the 99th percentile of 122 comparable works (robust z 11.8)."
"MP3017308-W258718","MP3017308-W258718","Behavioural change","behaviour","Implementing agency's recommendation pattern shifted year-on-year (magnitude 94%). Before/after - 2023: 50 works at a median of Rs 1,134,160 -> 2024: 73 works at a median of Rs 2,195,272. A change point is a lead, not a finding: a new officer or a revised guideline produces one too."
"MP3017308-W258718","MP3017308-W258718","Statistical outlier","multivariate","A trained anomaly detector (IsolationForest) flags this work's amount-and-age profile as unusual against the national portfolio."
"MP3017455-W211751","MP3017455-W211751","Peer amount","amount","Recommended amount at the 99th percentile of 675 comparable works (robust z 21.6)."
"MP3017455-W211751","MP3017455-W211751","Behavioural change","behaviour","Implementing agency's recommendation pattern shifted year-on-year (magnitude 94%). Before/after - 2023: 50 works at a median of Rs 1,134,160 -> 2024: 73 works at a median of Rs 2,195,272. A change point is a lead, not a finding: a new officer or a revised guideline produces one too."
"MP3017455-W211751","MP3017455-W211751","Statistical outlier","multivariate","A trained anomaly detector (IsolationForest) flags this work's amount-and-age profile as unusual against the national portfolio."
"MP3017455-W51810","MP3017455-W51810","Peer amount","amount","Recommended amount at the 99th percentile of 675 comparable works (robust z 21.6)."
"MP3017455-W51810","MP3017455-W51810","Behavioural change","behaviour","Implementing agency's recommendation pattern shifted year-on-year (magnitude 94%). Before/after - 2023: 50 works at a median of Rs 1,134,160 -> 2024: 73 works at a median of Rs 2,195,272. A change point is a lead, not a finding: a new officer or a revised guideline produces one too."
"MP3017455-W51810","MP3017455-W51810","Statistical outlier","multivariate","A trained anomaly detector (IsolationForest) flags this work's amount-and-age profile as unusual against the national portfolio."
"MP3018396-W184578","MP3018396-W184578","Peer amount","amount","Recommended amount at the 98th percentile of 147 comparable works (robust z 11.9)."
"MP3018396-W184578","MP3018396-W184578","Behavioural change","behaviour","Implementing agency's recommendation pattern shifted year-on-year (magnitude 94%). Before/after - 2023: 50 works at a median of Rs 1,134,160 -> 2024: 73 works at a median of Rs 2,195,272. A change point is a lead, not a finding: a new officer or a revised guideline produces one too."
"MP3018396-W184578","MP3018396-W184578","Statistical outlier","multivariate","A trained anomaly detector (IsolationForest) flags this work's amount-and-age profile as unusual against the national portfolio."
"MP3023122-W36302","MP3023122-W36302","Peer amount","amount","Recommended amount at the 100th percentile of 954 comparable works (robust z 70.1)."
"MP3023122-W36302","MP3023122-W36302","Peer duration","duration","Open for longer than 98% of comparable works still in progress."
"MP3023122-W36302","MP3023122-W36302","Behavioural change","behaviour","Implementing agency's recommendation pattern shifted year-on-year (magnitude 100%). Before/after - 2025: 242 works at a median of Rs 247,500 -> 2026: 26 works at a median of Rs 500,000. A change point is a lead, not a finding: a new officer or a revised guideline produces one too."
"MP3023122-W36302","MP3023122-W36302","Statistical outlier","multivariate","A trained anomaly detector (IsolationForest) flags this work's amount-and-age profile as unusual against the national portfolio."
"MP3019643-W152256","MP3019643-W152256","Peer amount","amount","Recommended amount at the 99th percentile of 152 comparable works (robust z 5.2)."
"MP3019643-W152256","MP3019643-W152256","Behavioural change","behaviour","Implementing agency's recommendation pattern shifted year-on-year (magnitude 94%). Before/after - 2023: 50 works at a median of Rs 1,134,160 -> 2024: 73 works at a median of Rs 2,195,272. A change point is a lead, not a finding: a new officer or a revised guideline produces one too."
"MP3019643-W152256","MP3019643-W152256","Statistical outlier","multivariate","A trained anomaly detector (IsolationForest) flags this work's amount-and-age profile as unusual against the national portfolio."
"MP3042330-W215505","MP3042330-W215505","Peer amount","amount","Recommended amount at the 94th percentile of 45 comparable works (robust z 4.9)."
"MP3042330-W215505","MP3042330-W215505","Behavioural change","behaviour","Implementing agency's recommendation pattern shifted year-on-year (magnitude 100%). Before/after - 2023: 262 works at a median of Rs 249,853 -> 2024: 108 works at a median of Rs 499,448. A change point is a lead, not a finding: a new officer or a revised guideline produces one too."
"MP3042330-W215505","MP3042330-W215505","Statistical outlier","multivariate","A trained anomaly detector (IsolationForest) flags this work's amount-and-age profile as unusual against the national portfolio."
"MP3042330-W276201","MP3042330-W276201","Peer amount","amount","Recommended amount at the 94th percentile of 45 comparable works (robust z 4.9)."
"MP3042330-W276201","MP3042330-W276201","Behavioural change","behaviour","Implementing agency's recommendation pattern shifted year-on-year (magnitude 100%). Before/after - 2023: 262 works at a median of Rs 249,853 -> 2024: 108 works at a median of Rs 499,448. A change point is a lead, not a finding: a new officer or a revised guideline produces one too."
"MP3042330-W276201","MP3042330-W276201","Statistical outlier","multivariate","A trained anomaly detector (IsolationForest) flags this work's amount-and-age profile as unusual against the national portfolio."
"MP3018396-W123923","MP3018396-W123923","Peer amount","amount","Recommended amount at the 99th percentile of 598 comparable works (robust z 19.7)."
"MP3018396-W123923","MP3018396-W123923","Behavioural change","behaviour","Implementing agency's recommendation pattern shifted year-on-year (magnitude 94%). Before/after - 2023: 50 works at a median of Rs 1,134,160 -> 2024: 73 works at a median of Rs 2,195,272. A change point is a lead, not a finding: a new officer or a revised guideline produces one too."
"MP3018396-W123923","MP3018396-W123923","Statistical outlier","multivariate","A trained anomaly detector (IsolationForest) flags this work's amount-and-age profile as unusual against the national portfolio."
"MP3042486-W268853","MP3042486-W268853","Peer amount","amount","Recommended amount at the 100th percentile of 925 comparable works (robust z 64795.1)."
"MP3042486-W268853","MP3042486-W268853","Behavioural change","behaviour","Implementing agency's recommendation pattern shifted year-on-year (magnitude 100%). Before/after - 2023: 878 works at a median of Rs 21,109 -> 2024: 557 works at a median of Rs 177,842. A change point is a lead, not a finding: a new officer or a revised guideline produces one too."
"MP3042486-W268853","MP3042486-W268853","Statistical outlier","multivariate","A trained anomaly detector (IsolationForest) flags this work's amount-and-age profile as unusual against the national portfolio."
"MP3019643-W164830","MP3019643-W164830","Peer amount","amount","Recommended amount at the 95th percentile of 31 comparable works (robust z 9.5)."
"MP3019643-W164830","MP3019643-W164830","Behavioural change","behaviour","Implementing agency's recommendation pattern shifted year-on-year (magnitude 94%). Before/after - 2023: 50 works at a median of Rs 1,134,160 -> 2024: 73 works at a median of Rs 2,195,272. A change point is a lead, not a finding: a new officer or a revised guideline produces one too."
"MP3019643-W164830","MP3019643-W164830","Statistical outlier","multivariate","A trained anomaly detector (IsolationForest) flags this work's amount-and-age profile as unusual against the national portfolio."
"MP3019643-W213686","MP3019643-W213686","Peer amount","amount","Recommended amount at the 95th percentile of 31 comparable works (robust z 9.5)."
"MP3019643-W213686","MP3019643-W213686","Behavioural change","behaviour","Implementing agency's recommendation pattern shifted year-on-year (magnitude 94%). Before/after - 2023: 50 works at a median of Rs 1,134,160 -> 2024: 73 works at a median of Rs 2,195,272. A change point is a lead, not a finding: a new officer or a revised guideline produces one too."
"MP3019643-W213686","MP3019643-W213686","Statistical outlier","multivariate","A trained anomaly detector (IsolationForest) flags this work's amount-and-age profile as unusual against the national portfolio."
"MP3019643-W254851","MP3019643-W254851","Peer amount","amount","Recommended amount at the 95th percentile of 31 comparable works (robust z 9.5)."
"MP3019643-W254851","MP3019643-W254851","Behavioural change","behaviour","Implementing agency's recommendation pattern shifted year-on-year (magnitude 94%). Before/after - 2023: 50 works at a median of Rs 1,134,160 -> 2024: 73 works at a median of Rs 2,195,272. A change point is a lead, not a finding: a new officer or a revised guideline produces one too."
"MP3019643-W254851","MP3019643-W254851","Statistical outlier","multivariate","A trained anomaly detector (IsolationForest) flags this work's amount-and-age profile as unusual against the national portfolio."
"MP3017338-W241204","MP3017338-W241204","Peer amount","amount","Recommended amount at the 96th percentile of 319 comparable works (robust z 24.3)."
"MP3017338-W241204","MP3017338-W241204","Behavioural change","behaviour","Implementing agency's recommendation pattern shifted year-on-year (magnitude 100%). Before/after - 2023: 192 works at a median of Rs 50,000 -> 2024: 21 works at a median of Rs 780,000. A change point is a lead, not a finding: a new officer or a revised guideline produces one too."
"MP3017338-W241204","MP3017338-W241204","Statistical outlier","multivariate","A trained anomaly detector (IsolationForest) flags this work's amount-and-age profile as unusual against the national portfolio."
"MP3019201-W92578","MP3019201-W92578","Peer amount","amount","Recommended amount at the 100th percentile of 6132 comparable works (robust z 429.1)."
"MP3019201-W92578","MP3019201-W92578","Behavioural change","behaviour","Implementing agency's recommendation pattern shifted year-on-year (magnitude 100%). Before/after - 2023: 15 works at a median of Rs 600,000 -> 2024: 31 works at a median of Rs 1,215,970. A change point is a lead, not a finding: a new officer or a revised guideline produces one too."
"MP3019201-W92578","MP3019201-W92578","Statistical outlier","multivariate","A trained anomaly detector (IsolationForest) flags this work's amount-and-age profile as unusual against the national portfolio."
"MP3019200-W252116","MP3019200-W252116","Peer amount","amount","Recommended amount at the 100th percentile of 7203 comparable works (robust z 12.1)."
"MP3019200-W252116","MP3019200-W252116","Behavioural change","behaviour","Implementing agency's recommendation pattern shifted year-on-year (magnitude 100%). Before/after - 2023: 192 works at a median of Rs 50,000 -> 2024: 21 works at a median of Rs 780,000. A change point is a lead, not a finding: a new officer or a revised guideline produces one too."
"MP3019200-W252116","MP3019200-W252116","Statistical outlier","multivariate","A trained anomaly detector (IsolationForest) flags this work's amount-and-age profile as unusual against the national portfolio."
"MP3017338-W208469","MP3017338-W208469","Peer amount","amount","Recommended amount at the 100th percentile of 113 comparable works (robust z 673.6)."
"MP3017338-W208469","MP3017338-W208469","Behavioural change","behaviour","Implementing agency's recommendation pattern shifted year-on-year (magnitude 100%). Before/after - 2023: 192 works at a median of Rs 50,000 -> 2024: 21 works at a median of Rs 780,000. A change point is a lead, not a finding: a new officer or a revised guideline produces one too."
"MP3017338-W208469","MP3017338-W208469","Statistical outlier","multivariate","A trained anomaly detector (IsolationForest) flags this work's amount-and-age profile as unusual against the national portfolio."
"MP3017307-W160096","MP3017307-W160096","Peer amount","amount","Recommended amount at the 100th percentile of 679 comparable works (robust z 25.0)."
"MP3017307-W160096","MP3017307-W160096","Behavioural change","behaviour","Implementing agency's recommendation pattern shifted year-on-year (magnitude 56%). Before/after - 2025: 124 works at a median of Rs 700,000 -> 2026: 6 works at a median of Rs 1,090,000. A change point is a lead, not a finding: a new officer or a revised guideline produces one too."
"MP3017307-W160096","MP3017307-W160096","Statistical outlier","multivariate","A trained anomaly detector (IsolationForest) flags this work's amount-and-age profile as unusual against the national portfolio."
"MP3017457-W148981","MP3017457-W148981","Peer amount","amount","Recommended amount at the 100th percentile of 679 comparable works (robust z 25.0)."
"MP3017457-W148981","MP3017457-W148981","Behavioural change","behaviour","Implementing agency's recommendation pattern shifted year-on-year (magnitude 56%). Before/after - 2025: 124 works at a median of Rs 700,000 -> 2026: 6 works at a median of Rs 1,090,000. A change point is a lead, not a finding: a new officer or a revised guideline produces one too."
"MP3017457-W148981","MP3017457-W148981","Statistical outlier","multivariate","A trained anomaly detector (IsolationForest) flags this work's amount-and-age profile as unusual against the national portfolio."
"MP3018356-W100670","MP3018356-W100670","Peer amount","amount","Recommended amount at the 98th percentile of 112 comparable works (robust z 9.4)."
"MP3018356-W100670","MP3018356-W100670","Behavioural change","behaviour","Implementing agency's recommendation pattern shifted year-on-year (magnitude 100%). Before/after - 2023: 70 works at a median of Rs 1,044,788 -> 2024: 42 works at a median of Rs 2,394,173. A change point is a lead, not a finding: a new officer or a revised guideline produces one too."
"MP3018356-W100670","MP3018356-W100670","Statistical outlier","multivariate","A trained anomaly detector (IsolationForest) flags this work's amount-and-age profile as unusual against the national portfolio."
"MP3018356-W100670","MP3018356-W100670","Near-duplicate work","duplication","A work in the same state and archetype is 99.6% semantically similar (MP3018356-W100671). Repeated descriptions are common in this scheme, so a human should confirm these are genuinely separate works."
"MP3017324-W244468","MP3017324-W244468","Peer amount","amount","Recommended amount at the 100th percentile of 7203 comparable works (robust z 13.2)."
"MP3017324-W244468","MP3017324-W244468","Behavioural change","behaviour","Implementing agency's recommendation pattern shifted year-on-year (magnitude 100%). Before/after - 2024: 262 works at a median of Rs 287,000 -> 2025: 69 works at a median of Rs 1,180,000. A change point is a lead, not a finding: a new officer or a revised guideline produces one too."
"MP3017324-W244468","MP3017324-W244468","Statistical outlier","multivariate","A trained anomaly detector (IsolationForest) flags this work's amount-and-age profile as unusual against the national portfolio."
"MP3018356-W100671","MP3018356-W100671","Peer amount","amount","Recommended amount at the 97th percentile of 112 comparable works (robust z 9.4)."
"MP3018356-W100671","MP3018356-W100671","Behavioural change","behaviour","Implementing agency's recommendation pattern shifted year-on-year (magnitude 100%). Before/after - 2023: 70 works at a median of Rs 1,044,788 -> 2024: 42 works at a median of Rs 2,394,173. A change point is a lead, not a finding: a new officer or a revised guideline produces one too."
"MP3018356-W100671","MP3018356-W100671","Statistical outlier","multivariate","A trained anomaly detector (IsolationForest) flags this work's amount-and-age profile as unusual against the national portfolio."
"MP3018356-W100671","MP3018356-W100671","Near-duplicate work","duplication","A work in the same state and archetype is 99.6% semantically similar (MP3018356-W100670). Repeated descriptions are common in this scheme, so a human should confirm these are genuinely separate works."
"MP3042485-W177536","MP3042485-W177536","Peer amount","amount","Recommended amount at the 99th percentile of 147 comparable works (robust z 13.9)."
"MP3042485-W177536","MP3042485-W177536","Behavioural change","behaviour","Implementing agency's recommendation pattern shifted year-on-year (magnitude 100%). Before/after - 2024: 41 works at a median of Rs 390,000 -> 2025: 5 works at a median of Rs 5,372,892. A change point is a lead, not a finding: a new officer or a revised guideline produces one too."
"MP3042485-W177536","MP3042485-W177536","Statistical outlier","multivariate","A trained anomaly detector (IsolationForest) flags this work's amount-and-age profile as unusual against the national portfolio."
"MP3042485-W194520","MP3042485-W194520","Peer amount","amount","Recommended amount at the 100th percentile of 53 comparable works (robust z 14851.1)."
"MP3042485-W194520","MP3042485-W194520","Behavioural change","behaviour","Implementing agency's recommendation pattern shifted year-on-year (magnitude 100%). Before/after - 2024: 41 works at a median of Rs 390,000 -> 2025: 5 works at a median of Rs 5,372,892. A change point is a lead, not a finding: a new officer or a revised guideline produces one too."
"MP3042485-W194520","MP3042485-W194520","Statistical outlier","multivariate","A trained anomaly detector (IsolationForest) flags this work's amount-and-age profile as unusual against the national portfolio."
"MP3017324-W190032","MP3017324-W190032","Peer amount","amount","Recommended amount at the 100th percentile of 7203 comparable works (robust z 13.5)."
"MP3017324-W190032","MP3017324-W190032","Behavioural change","behaviour","Implementing agency's recommendation pattern shifted year-on-year (magnitude 100%). Before/after - 2024: 262 works at a median of Rs 287,000 -> 2025: 69 works at a median of Rs 1,180,000. A change point is a lead, not a finding: a new officer or a revised guideline produces one too."
"MP3017324-W190032","MP3017324-W190032","Statistical outlier","multivariate","A trained anomaly detector (IsolationForest) flags this work's amount-and-age profile as unusual against the national portfolio."
"MP3018400-W517","MP3018400-W517","Peer amount","amount","Recommended amount at the 97th percentile of 1103 comparable works (robust z 27.3)."
"MP3018400-W517","MP3018400-W517","Peer duration","duration","Open for longer than 99% of comparable works still in progress."
"MP3018400-W517","MP3018400-W517","Statistical outlier","multivariate","A trained anomaly detector (IsolationForest) flags this work's amount-and-age profile as unusual against the national portfolio."
"MP3018400-W517","MP3018400-W517","Near-duplicate work","duplication","A work in the same state and archetype is 100.0% semantically similar (MP3018400-W518). Repeated descriptions are common in this scheme, so a human should confirm these are genuinely separate works."
"MP3018400-W518","MP3018400-W518","Peer amount","amount","Recommended amount at the 97th percentile of 1103 comparable works (robust z 27.3)."
"MP3018400-W518","MP3018400-W518","Peer duration","duration","Open for longer than 99% of comparable works still in progress."
"MP3018400-W518","MP3018400-W518","Statistical outlier","multivariate","A trained anomaly detector (IsolationForest) flags this work's amount-and-age profile as unusual against the national portfolio."
"MP3018400-W518","MP3018400-W518","Near-duplicate work","duplication","A work in the same state and archetype is 100.0% semantically similar (MP3018400-W517). Repeated descriptions are common in this scheme, so a human should confirm these are genuinely separate works."
"MP3019200-W252111","MP3019200-W252111","Peer amount","amount","Recommended amount at the 100th percentile of 7203 comparable works (robust z 11.4)."
"MP3019200-W252111","MP3019200-W252111","Behavioural change","behaviour","Implementing agency's recommendation pattern shifted year-on-year (magnitude 100%). Before/after - 2023: 192 works at a median of Rs 50,000 -> 2024: 21 works at a median of Rs 780,000. A change point is a lead, not a finding: a new officer or a revised guideline produces one too."
"MP3019200-W252111","MP3019200-W252111","Statistical outlier","multivariate","A trained anomaly detector (IsolationForest) flags this work's amount-and-age profile as unusual against the national portfolio."
"MP3019200-W252124","MP3019200-W252124","Peer amount","amount","Recommended amount at the 100th percentile of 7203 comparable works (robust z 11.4)."
"MP3019200-W252124","MP3019200-W252124","Behavioural change","behaviour","Implementing agency's recommendation pattern shifted year-on-year (magnitude 100%). Before/after - 2023: 192 works at a median of Rs 50,000 -> 2024: 21 works at a median of Rs 780,000. A change point is a lead, not a finding: a new officer or a revised guideline produces one too."
"MP3019200-W252124","MP3019200-W252124","Statistical outlier","multivariate","A trained anomaly detector (IsolationForest) flags this work's amount-and-age profile as unusual against the national portfolio."
"MP3019201-W225862","MP3019201-W225862","Peer amount","amount","Recommended amount at the 99th percentile of 13232 comparable works (robust z 61.0)."
"MP3019201-W225862","MP3019201-W225862","Behavioural change","behaviour","Implementing agency's recommendation pattern shifted year-on-year (magnitude 100%). Before/after - 2023: 15 works at a median of Rs 600,000 -> 2024: 31 works at a median of Rs 1,215,970. A change point is a lead, not a finding: a new officer or a revised guideline produces one too."
"MP3019201-W225862","MP3019201-W225862","Statistical outlier","multivariate","A trained anomaly detector (IsolationForest) flags this work's amount-and-age profile as unusual against the national portfolio."
"MP3018937-W89998","MP3018937-W89998","Peer amount","amount","Recommended amount at the 100th percentile of 251 comparable works (robust z 13.4)."
"MP3018937-W89998","MP3018937-W89998","Peer duration","duration","Open for longer than 94% of comparable works still in progress."
"MP3018937-W89998","MP3018937-W89998","Behavioural change","behaviour","Implementing agency's recommendation pattern shifted year-on-year (magnitude 86%). Before/after - 2023: 12 works at a median of Rs 1,854,022 -> 2024: 5 works at a median of Rs 268,509. A change point is a lead, not a finding: a new officer or a revised guideline produces one too."
"MP3018937-W89998","MP3018937-W89998","Statistical outlier","multivariate","A trained anomaly detector (IsolationForest) flags this work's amount-and-age profile as unusual against the national portfolio."
"MP3017212-W30227","MP3017212-W30227","Peer amount","amount","Recommended amount at the 100th percentile of 67 comparable works (robust z 29.3)."
"MP3017212-W30227","MP3017212-W30227","Peer duration","duration","Open for longer than 100% of comparable works still in progress."
"MP3017212-W30227","MP3017212-W30227","Behavioural change","behaviour","Implementing agency's recommendation pattern shifted year-on-year (magnitude 100%). Before/after - 2023: 262 works at a median of Rs 249,853 -> 2024: 108 works at a median of Rs 499,448. A change point is a lead, not a finding: a new officer or a revised guideline produces one too."
"MP3017212-W30227","MP3017212-W30227","Statistical outlier","multivariate","A trained anomaly detector (IsolationForest) flags this work's amount-and-age profile as unusual against the national portfolio."
"MP3019225-W229420","MP3019225-W229420","Peer amount","amount","Recommended amount at the 99th percentile of 13232 comparable works (robust z 71.8)."
"MP3019225-W229420","MP3019225-W229420","Behavioural change","behaviour","Implementing agency's recommendation pattern shifted year-on-year (magnitude 100%). Before/after - 2024: 90 works at a median of Rs 500,000 -> 2025: 23 works at a median of Rs 3,754,000. A change point is a lead, not a finding: a new officer or a revised guideline produces one too."
"MP3019225-W229420","MP3019225-W229420","Statistical outlier","multivariate","A trained anomaly detector (IsolationForest) flags this work's amount-and-age profile as unusual against the national portfolio."
"MP3018948-W25973","MP3018948-W25973","Peer amount","amount","Recommended amount at the 100th percentile of 112 comparable works (robust z 30.4)."
"MP3018948-W25973","MP3018948-W25973","Peer duration","duration","Open for longer than 93% of comparable works still in progress."
"MP3018948-W25973","MP3018948-W25973","Statistical outlier","multivariate","A trained anomaly detector (IsolationForest) flags this work's amount-and-age profile as unusual against the national portfolio."
"MP3017338-W227627","MP3017338-W227627","Peer amount","amount","Recommended amount at the 95th percentile of 317 comparable works (robust z 17.8)."
"MP3017338-W227627","MP3017338-W227627","Behavioural change","behaviour","Implementing agency's recommendation pattern shifted year-on-year (magnitude 100%). Before/after - 2023: 192 works at a median of Rs 50,000 -> 2024: 21 works at a median of Rs 780,000. A change point is a lead, not a finding: a new officer or a revised guideline produces one too."
"MP3017338-W227627","MP3017338-W227627","Statistical outlier","multivariate","A trained anomaly detector (IsolationForest) flags this work's amount-and-age profile as unusual against the national portfolio."
"MP3020002-W163773","MP3020002-W163773","Peer amount","amount","Recommended amount at the 100th percentile of 163 comparable works (robust z 33.2)."
"MP3020002-W163773","MP3020002-W163773","Behavioural change","behaviour","Implementing agency's recommendation pattern shifted year-on-year (magnitude 78%). Before/after - 2023: 12 works at a median of Rs 428,098 -> 2025: 10 works at a median of Rs 762,192. A change point is a lead, not a finding: a new officer or a revised guideline produces one too."
"MP3020002-W163773","MP3020002-W163773","Statistical outlier","multivariate","A trained anomaly detector (IsolationForest) flags this work's amount-and-age profile as unusual against the national portfolio."
"MP3042816-W161482","MP3042816-W161482","Peer amount","amount","Recommended amount at the 99th percentile of 13232 comparable works (robust z 57.1)."
"MP3042816-W161482","MP3042816-W161482","Behavioural change","behaviour","Implementing agency's recommendation pattern shifted year-on-year (magnitude 86%). Before/after - 2024: 177 works at a median of Rs 627,534 -> 2025: 125 works at a median of Rs 1,170,000. A change point is a lead, not a finding: a new officer or a revised guideline produces one too."
"MP3042816-W161482","MP3042816-W161482","Statistical outlier","multivariate","A trained anomaly detector (IsolationForest) flags this work's amount-and-age profile as unusual against the national portfolio."
"MP3018400-W519","MP3018400-W519","Peer amount","amount","Recommended amount at the 100th percentile of 818 comparable works (robust z 45.4)."
"MP3018400-W519","MP3018400-W519","Peer duration","duration","Open for longer than 99% of comparable works still in progress."
"MP3018400-W519","MP3018400-W519","Statistical outlier","multivariate","A trained anomaly detector (IsolationForest) flags this work's amount-and-age profile as unusual against the national portfolio."
"MP3019235-W189521","MP3019235-W189521","Peer amount","amount","Recommended amount at the 100th percentile of 2819 comparable works (robust z 39.4)."
"MP3019235-W189521","MP3019235-W189521","Behavioural change","behaviour","Implementing agency's recommendation pattern shifted year-on-year (magnitude 85%). Before/after - 2024: 60 works at a median of Rs 420,000 -> 2025: 44 works at a median of Rs 775,461. A change point is a lead, not a finding: a new officer or a revised guideline produces one too."
"MP3019235-W189521","MP3019235-W189521","Statistical outlier","multivariate","A trained anomaly detector (IsolationForest) flags this work's amount-and-age profile as unusual against the national portfolio."
"MP3043718-W262885","MP3043718-W262885","Peer amount","amount","Recommended amount at the 100th percentile of 2348 comparable works (robust z 179.1)."
"MP3043718-W262885","MP3043718-W262885","Behavioural change","behaviour","Implementing agency's recommendation pattern shifted year-on-year (magnitude 61%). Before/after - 2024: 60 works at a median of Rs 310,500 -> 2025: 36 works at a median of Rs 500,000. A change point is a lead, not a finding: a new officer or a revised guideline produces one too."
"MP3043718-W262885","MP3043718-W262885","Statistical outlier","multivariate","A trained anomaly detector (IsolationForest) flags this work's amount-and-age profile as unusual against the national portfolio."
"MP3042330-W180157","MP3042330-W180157","Peer amount","amount","Recommended amount at the 100th percentile of 252 comparable works (robust z 49.1)."
"MP3042330-W180157","MP3042330-W180157","Peer duration","duration","Open for longer than 99% of comparable works still in progress."
"MP3042330-W180157","MP3042330-W180157","Behavioural change","behaviour","Implementing agency's recommendation pattern shifted year-on-year (magnitude 100%). Before/after - 2023: 262 works at a median of Rs 249,853 -> 2024: 108 works at a median of Rs 499,448. A change point is a lead, not a finding: a new officer or a revised guideline produces one too."
"MP3042330-W180157","MP3042330-W180157","Statistical outlier","multivariate","A trained anomaly detector (IsolationForest) flags this work's amount-and-age profile as unusual against the national portfolio."
"MP3017212-W224963","MP3017212-W224963","Peer amount","amount","Recommended amount at the 91th percentile of 45 comparable works (robust z 4.2)."
"MP3017212-W224963","MP3017212-W224963","Behavioural change","behaviour","Implementing agency's recommendation pattern shifted year-on-year (magnitude 100%). Before/after - 2023: 262 works at a median of Rs 249,853 -> 2024: 108 works at a median of Rs 499,448. A change point is a lead, not a finding: a new officer or a revised guideline produces one too."
"MP3017212-W224963","MP3017212-W224963","Statistical outlier","multivariate","A trained anomaly detector (IsolationForest) flags this work's amount-and-age profile as unusual against the national portfolio."
"MP3019436-W18927","MP3019436-W18927","Peer amount","amount","Recommended amount at the 100th percentile of 1039 comparable works (robust z 8.9)."
"MP3019436-W18927","MP3019436-W18927","Peer duration","duration","Open for longer than 98% of comparable works still in progress."
"MP3019436-W18927","MP3019436-W18927","Behavioural change","behaviour","Implementing agency's recommendation pattern shifted year-on-year (magnitude 100%). Before/after - 2023: 36 works at a median of Rs 927,890 -> 2024: 5 works at a median of Rs 2,511,808. A change point is a lead, not a finding: a new officer or a revised guideline produces one too."
"MP3019436-W18927","MP3019436-W18927","Statistical outlier","multivariate","A trained anomaly detector (IsolationForest) flags this work's amount-and-age profile as unusual against the national portfolio."
"MP3020006-W213910","MP3020006-W213910","Peer amount","amount","Recommended amount at the 99th percentile of 141 comparable works (robust z 10.6)."
"MP3020006-W213910","MP3020006-W213910","Behavioural change","behaviour","Implementing agency's recommendation pattern shifted year-on-year (magnitude 100%). Before/after - 2022: 6 works at a median of Rs 685,196 -> 2023: 9 works at a median of Rs 2,374,734. A change point is a lead, not a finding: a new officer or a revised guideline produces one too."
"MP3020006-W213910","MP3020006-W213910","Statistical outlier","multivariate","A trained anomaly detector (IsolationForest) flags this work's amount-and-age profile as unusual against the national portfolio."
"MP3023812-W150711","MP3023812-W150711","Peer amount","amount","Recommended amount at the 100th percentile of 1971 comparable works (robust z 39.1)."
"MP3023812-W150711","MP3023812-W150711","Behavioural change","behaviour","Implementing agency's recommendation pattern shifted year-on-year (magnitude 70%). Before/after - 2025: 108 works at a median of Rs 586,716 -> 2026: 7 works at a median of Rs 1,000,000. A change point is a lead, not a finding: a new officer or a revised guideline produces one too."
"MP3023812-W150711","MP3023812-W150711","Statistical outlier","multivariate","A trained anomaly detector (IsolationForest) flags this work's amount-and-age profile as unusual against the national portfolio."
"MP3044716-W259001","MP3044716-W259001","Peer amount","amount","Recommended amount at the 99th percentile of 13232 comparable works (robust z 50.0)."
"MP3044716-W259001","MP3044716-W259001","Behavioural change","behaviour","Implementing agency's recommendation pattern shifted year-on-year (magnitude 100%). Before/after - 2023: 878 works at a median of Rs 21,109 -> 2024: 557 works at a median of Rs 177,842. A change point is a lead, not a finding: a new officer or a revised guideline produces one too."
"MP3044716-W259001","MP3044716-W259001","Statistical outlier","multivariate","A trained anomaly detector (IsolationForest) flags this work's amount-and-age profile as unusual against the national portfolio."
"MP3023700-W207251","MP3023700-W207251","Peer amount","amount","Recommended amount at the 97th percentile of 252 comparable works (robust z 6.8)."
"MP3023700-W207251","MP3023700-W207251","Behavioural change","behaviour","Implementing agency's recommendation pattern shifted year-on-year (magnitude 86%). Before/after - 2024: 177 works at a median of Rs 627,534 -> 2025: 125 works at a median of Rs 1,170,000. A change point is a lead, not a finding: a new officer or a revised guideline produces one too."
"MP3023700-W207251","MP3023700-W207251","Statistical outlier","multivariate","A trained anomaly detector (IsolationForest) flags this work's amount-and-age profile as unusual against the national portfolio."
"MP3020003-W163382","MP3020003-W163382","Peer amount","amount","Recommended amount at the 100th percentile of 141 comparable works (robust z 13.6)."
"MP3020003-W163382","MP3020003-W163382","Behavioural change","behaviour","Implementing agency's recommendation pattern shifted year-on-year (magnitude 100%). Before/after - 2022: 6 works at a median of Rs 685,196 -> 2023: 9 works at a median of Rs 2,374,734. A change point is a lead, not a finding: a new officer or a revised guideline produces one too."
"MP3020003-W163382","MP3020003-W163382","Statistical outlier","multivariate","A trained anomaly detector (IsolationForest) flags this work's amount-and-age profile as unusual against the national portfolio."
"MP3019302-W122569","MP3019302-W122569","Peer amount","amount","Recommended amount at the 92th percentile of 64 comparable works (robust z 4.4)."
"MP3019302-W122569","MP3019302-W122569","Peer duration","duration","Open for longer than 91% of comparable works still in progress."
"MP3019302-W122569","MP3019302-W122569","Statistical outlier","multivariate","A trained anomaly detector (IsolationForest) flags this work's amount-and-age profile as unusual against the national portfolio."
"MP3018400-W515","MP3018400-W515","Peer amount","amount","Recommended amount at the 100th percentile of 308 comparable works (robust z 26.4)."
"MP3018400-W515","MP3018400-W515","Peer duration","duration","Open for longer than 99% of comparable works still in progress."
"MP3018400-W515","MP3018400-W515","Statistical outlier","multivariate","A trained anomaly detector (IsolationForest) flags this work's amount-and-age profile as unusual against the national portfolio."
"MP3018400-W515","MP3018400-W515","Near-duplicate work","duplication","A work in the same state and archetype is 100.0% semantically similar (MP3018400-W516). Repeated descriptions are common in this scheme, so a human should confirm these are genuinely separate works."
"MP3018400-W516","MP3018400-W516","Peer amount","amount","Recommended amount at the 100th percentile of 308 comparable works (robust z 26.4)."
"MP3018400-W516","MP3018400-W516","Peer duration","duration","Open for longer than 99% of comparable works still in progress."
"MP3018400-W516","MP3018400-W516","Statistical outlier","multivariate","A trained anomaly detector (IsolationForest) flags this work's amount-and-age profile as unusual against the national portfolio."
"MP3018400-W516","MP3018400-W516","Near-duplicate work","duplication","A work in the same state and archetype is 100.0% semantically similar (MP3018400-W515). Repeated descriptions are common in this scheme, so a human should confirm these are genuinely separate works."
"MP3023700-W105224","MP3023700-W105224","Peer amount","amount","Recommended amount at the 100th percentile of 7203 comparable works (robust z 11.9)."
"MP3023700-W105224","MP3023700-W105224","Behavioural change","behaviour","Implementing agency's recommendation pattern shifted year-on-year (magnitude 86%). Before/after - 2024: 177 works at a median of Rs 627,534 -> 2025: 125 works at a median of Rs 1,170,000. A change point is a lead, not a finding: a new officer or a revised guideline produces one too."
"MP3023700-W105224","MP3023700-W105224","Statistical outlier","multivariate","A trained anomaly detector (IsolationForest) flags this work's amount-and-age profile as unusual against the national portfolio."
"MP3019201-W136736","MP3019201-W136736","Peer amount","amount","Recommended amount at the 99th percentile of 13232 comparable works (robust z 65.4)."
"MP3019201-W136736","MP3019201-W136736","Behavioural change","behaviour","Implementing agency's recommendation pattern shifted year-on-year (magnitude 100%). Before/after - 2023: 15 works at a median of Rs 600,000 -> 2024: 31 works at a median of Rs 1,215,970. A change point is a lead, not a finding: a new officer or a revised guideline produces one too."
"MP3019201-W136736","MP3019201-W136736","Statistical outlier","multivariate","A trained anomaly detector (IsolationForest) flags this work's amount-and-age profile as unusual against the national portfolio."
"MP3042816-W166818","MP3042816-W166818","Peer amount","amount","Recommended amount at the 99th percentile of 13232 comparable works (robust z 70.5)."
"MP3042816-W166818","MP3042816-W166818","Behavioural change","behaviour","Implementing agency's recommendation pattern shifted year-on-year (magnitude 86%). Before/after - 2024: 177 works at a median of Rs 627,534 -> 2025: 125 works at a median of Rs 1,170,000. A change point is a lead, not a finding: a new officer or a revised guideline produces one too."
"MP3042816-W166818","MP3042816-W166818","Statistical outlier","multivariate","A trained anomaly detector (IsolationForest) flags this work's amount-and-age profile as unusual against the national portfolio."
"MP3044251-W229508","MP3044251-W229508","Peer amount","amount","Recommended amount at the 100th percentile of 4872 comparable works (robust z 65.8)."
"MP3044251-W229508","MP3044251-W229508","Behavioural change","behaviour","Implementing agency's recommendation pattern shifted year-on-year (magnitude 100%). Before/after - 2024: 12 works at a median of Rs 600,000 -> 2025: 9 works at a median of Rs 3,500,000. A change point is a lead, not a finding: a new officer or a revised guideline produces one too."
"MP3044251-W229508","MP3044251-W229508","Statistical outlier","multivariate","A trained anomaly detector (IsolationForest) flags this work's amount-and-age profile as unusual against the national portfolio."
"MP3023812-W179982","MP3023812-W179982","Peer amount","amount","Recommended amount at the 100th percentile of 1971 comparable works (robust z 37.3)."
"MP3023812-W179982","MP3023812-W179982","Behavioural change","behaviour","Implementing agency's recommendation pattern shifted year-on-year (magnitude 70%). Before/after - 2025: 108 works at a median of Rs 586,716 -> 2026: 7 works at a median of Rs 1,000,000. A change point is a lead, not a finding: a new officer or a revised guideline produces one too."
"MP3023812-W179982","MP3023812-W179982","Statistical outlier","multivariate","A trained anomaly detector (IsolationForest) flags this work's amount-and-age profile as unusual against the national portfolio."
"MP3019300-W54816","MP3019300-W54816","Peer amount","amount","Recommended amount at the 100th percentile of 124 comparable works (robust z 25.6)."
"MP3019300-W54816","MP3019300-W54816","Behavioural change","behaviour","Implementing agency's recommendation pattern shifted year-on-year (magnitude 100%). Before/after - 2025: 409 works at a median of Rs 166,376 -> 2026: 48 works at a median of Rs 842,500. A change point is a lead, not a finding: a new officer or a revised guideline produces one too."
"MP3019300-W54816","MP3019300-W54816","Statistical outlier","multivariate","A trained anomaly detector (IsolationForest) flags this work's amount-and-age profile as unusual against the national portfolio."
"MP3042544-W220280","MP3042544-W220280","Peer amount","amount","Recommended amount at the 100th percentile of 77 comparable works (robust z 22.1)."
"MP3042544-W220280","MP3042544-W220280","Behavioural change","behaviour","Implementing agency's recommendation pattern shifted year-on-year (magnitude 100%). Before/after - 2025: 409 works at a median of Rs 166,376 -> 2026: 48 works at a median of Rs 842,500. A change point is a lead, not a finding: a new officer or a revised guideline produces one too."
"MP3042544-W220280","MP3042544-W220280","Statistical outlier","multivariate","A trained anomaly detector (IsolationForest) flags this work's amount-and-age profile as unusual against the national portfolio."
"MP3017338-W280061","MP3017338-W280061","Peer amount","amount","Recommended amount at the 100th percentile of 4191 comparable works (robust z 105.5)."
"MP3017338-W280061","MP3017338-W280061","Behavioural change","behaviour","Implementing agency's recommendation pattern shifted year-on-year (magnitude 100%). Before/after - 2023: 192 works at a median of Rs 50,000 -> 2024: 21 works at a median of Rs 780,000. A change point is a lead, not a finding: a new officer or a revised guideline produces one too."
"MP3017338-W280061","MP3017338-W280061","Statistical outlier","multivariate","A trained anomaly detector (IsolationForest) flags this work's amount-and-age profile as unusual against the national portfolio."
"MP3017418-W172721","MP3017418-W172721","Peer amount","amount","Recommended amount at the 100th percentile of 47 comparable works (robust z 6.0)."
"MP3017418-W172721","MP3017418-W172721","Peer duration","duration","Open for longer than 100% of comparable works still in progress."
"MP3017418-W172721","MP3017418-W172721","Statistical outlier","multivariate","A trained anomaly detector (IsolationForest) flags this work's amount-and-age profile as unusual against the national portfolio."
"MP3020002-W166018","MP3020002-W166018","Peer amount","amount","Recommended amount at the 99th percentile of 163 comparable works (robust z 21.7)."
"MP3020002-W166018","MP3020002-W166018","Peer duration","duration","Open for longer than 91% of comparable works still in progress."
"MP3020002-W166018","MP3020002-W166018","Behavioural change","behaviour","Implementing agency's recommendation pattern shifted year-on-year (magnitude 100%). Before/after - 2022: 6 works at a median of Rs 685,196 -> 2023: 9 works at a median of Rs 2,374,734. A change point is a lead, not a finding: a new officer or a revised guideline produces one too."
"MP3020002-W166018","MP3020002-W166018","Statistical outlier","multivariate","A trained anomaly detector (IsolationForest) flags this work's amount-and-age profile as unusual against the national portfolio."
"MP3018948-W25972","MP3018948-W25972","Peer amount","amount","Recommended amount at the 99th percentile of 112 comparable works (robust z 27.0)."
"MP3018948-W25972","MP3018948-W25972","Peer duration","duration","Open for longer than 93% of comparable works still in progress."
"MP3018948-W25972","MP3018948-W25972","Statistical outlier","multivariate","A trained anomaly detector (IsolationForest) flags this work's amount-and-age profile as unusual against the national portfolio."
"MP3017338-W162126","MP3017338-W162126","Peer amount","amount","Recommended amount at the 97th percentile of 1038 comparable works (robust z 10.5)."
"MP3017338-W162126","MP3017338-W162126","Behavioural change","behaviour","Implementing agency's recommendation pattern shifted year-on-year (magnitude 100%). Before/after - 2023: 192 works at a median of Rs 50,000 -> 2024: 21 works at a median of Rs 780,000. A change point is a lead, not a finding: a new officer or a revised guideline produces one too."
"MP3017338-W162126","MP3017338-W162126","Statistical outlier","multivariate","A trained anomaly detector (IsolationForest) flags this work's amount-and-age profile as unusual against the national portfolio."
"MP3017441-W115319","MP3017441-W115319","Peer amount","amount","Recommended amount at the 100th percentile of 68 comparable works (robust z 31.7)."
"MP3017441-W115319","MP3017441-W115319","Behavioural change","behaviour","Implementing agency's recommendation pattern shifted year-on-year (magnitude 100%). Before/after - 2023: 154 works at a median of Rs 167,450 -> 2024: 18 works at a median of Rs 424,227. A change point is a lead, not a finding: a new officer or a revised guideline produces one too."
"MP3017441-W115319","MP3017441-W115319","Statistical outlier","multivariate","A trained anomaly detector (IsolationForest) flags this work's amount-and-age profile as unusual against the national portfolio."
"MP3019258-W259152","MP3019258-W259152","Peer amount","amount","Recommended amount at the 100th percentile of 403 comparable works (robust z 64.0)."
"MP3019258-W259152","MP3019258-W259152","Behavioural change","behaviour","Implementing agency's recommendation pattern shifted year-on-year (magnitude 100%). Before/after - 2025: 242 works at a median of Rs 247,500 -> 2026: 26 works at a median of Rs 500,000. A change point is a lead, not a finding: a new officer or a revised guideline produces one too."
"MP3019258-W259152","MP3019258-W259152","Statistical outlier","multivariate","A trained anomaly detector (IsolationForest) flags this work's amount-and-age profile as unusual against the national portfolio."
"MP3019258-W271531","MP3019258-W271531","Peer amount","amount","Recommended amount at the 100th percentile of 403 comparable works (robust z 63.9)."
"MP3019258-W271531","MP3019258-W271531","Behavioural change","behaviour","Implementing agency's recommendation pattern shifted year-on-year (magnitude 100%). Before/after - 2025: 242 works at a median of Rs 247,500 -> 2026: 26 works at a median of Rs 500,000. A change point is a lead, not a finding: a new officer or a revised guideline produces one too."
"MP3019258-W271531","MP3019258-W271531","Statistical outlier","multivariate","A trained anomaly detector (IsolationForest) flags this work's amount-and-age profile as unusual against the national portfolio."
"MP3042521-W274634","MP3042521-W274634","Peer amount","amount","Recommended amount at the 99th percentile of 13232 comparable works (robust z 47.2)."
"MP3042521-W274634","MP3042521-W274634","Behavioural change","behaviour","Implementing agency's recommendation pattern shifted year-on-year (magnitude 100%). Before/after - 2023: 878 works at a median of Rs 21,109 -> 2024: 557 works at a median of Rs 177,842. A change point is a lead, not a finding: a new officer or a revised guideline produces one too."
"MP3042521-W274634","MP3042521-W274634","Statistical outlier","multivariate","A trained anomaly detector (IsolationForest) flags this work's amount-and-age profile as unusual against the national portfolio."
"MP3050536-W208561","MP3050536-W208561","Peer amount","amount","Recommended amount at the 99th percentile of 568 comparable works (robust z 10.8)."
"MP3050536-W208561","MP3050536-W208561","Behavioural change","behaviour","Implementing agency's recommendation pattern shifted year-on-year (magnitude 100%). Before/after - 2025: 157 works at a median of Rs 199,960 -> 2026: 17 works at a median of Rs 500,000. A change point is a lead, not a finding: a new officer or a revised guideline produces one too."
"MP3050536-W208561","MP3050536-W208561","Statistical outlier","multivariate","A trained anomaly detector (IsolationForest) flags this work's amount-and-age profile as unusual against the national portfolio."
"MP3019258-W271529","MP3019258-W271529","Peer amount","amount","Recommended amount at the 99th percentile of 403 comparable works (robust z 63.5)."
"MP3019258-W271529","MP3019258-W271529","Behavioural change","behaviour","Implementing agency's recommendation pattern shifted year-on-year (magnitude 100%). Before/after - 2025: 242 works at a median of Rs 247,500 -> 2026: 26 works at a median of Rs 500,000. A change point is a lead, not a finding: a new officer or a revised guideline produces one too."
"MP3019258-W271529","MP3019258-W271529","Statistical outlier","multivariate","A trained anomaly detector (IsolationForest) flags this work's amount-and-age profile as unusual against the national portfolio."
"MP3017283-W250689","MP3017283-W250689","Peer amount","amount","Recommended amount at the 98th percentile of 48 comparable works (robust z 15.0)."
"MP3017283-W250689","MP3017283-W250689","Behavioural change","behaviour","Implementing agency's recommendation pattern shifted year-on-year (magnitude 100%). Before/after - 2025: 242 works at a median of Rs 247,500 -> 2026: 26 works at a median of Rs 500,000. A change point is a lead, not a finding: a new officer or a revised guideline produces one too."
"MP3017283-W250689","MP3017283-W250689","Statistical outlier","multivariate","A trained anomaly detector (IsolationForest) flags this work's amount-and-age profile as unusual against the national portfolio."
"MP3018356-W100714","MP3018356-W100714","Peer amount","amount","Recommended amount at the 99th percentile of 158 comparable works (robust z 11.9)."
"MP3018356-W100714","MP3018356-W100714","Behavioural change","behaviour","Implementing agency's recommendation pattern shifted year-on-year (magnitude 100%). Before/after - 2023: 70 works at a median of Rs 1,044,788 -> 2024: 42 works at a median of Rs 2,394,173. A change point is a lead, not a finding: a new officer or a revised guideline produces one too."
"MP3018356-W100714","MP3018356-W100714","Statistical outlier","multivariate","A trained anomaly detector (IsolationForest) flags this work's amount-and-age profile as unusual against the national portfolio."
"MP3044251-W275361","MP3044251-W275361","Peer amount","amount","Recommended amount at the 100th percentile of 2729 comparable works (robust z 85.0)."
"MP3044251-W275361","MP3044251-W275361","Behavioural change","behaviour","Implementing agency's recommendation pattern shifted year-on-year (magnitude 82%). Before/after - 2024: 6 works at a median of Rs 550,000 -> 2025: 6 works at a median of Rs 1,000,000. A change point is a lead, not a finding: a new officer or a revised guideline produces one too."
"MP3044251-W275361","MP3044251-W275361","Statistical outlier","multivariate","A trained anomaly detector (IsolationForest) flags this work's amount-and-age profile as unusual against the national portfolio."
"MP3042517-W242608","MP3042517-W242608","Peer amount","amount","Recommended amount at the 100th percentile of 6132 comparable works (robust z 426.5)."
"MP3042517-W242608","MP3042517-W242608","Behavioural change","behaviour","Implementing agency's recommendation pattern shifted year-on-year (magnitude 100%). Before/after - 2023: 574 works at a median of Rs 26,629 -> 2024: 204 works at a median of Rs 239,380. A change point is a lead, not a finding: a new officer or a revised guideline produces one too."
"MP3042517-W242608","MP3042517-W242608","Statistical outlier","multivariate","A trained anomaly detector (IsolationForest) flags this work's amount-and-age profile as unusual against the national portfolio."
"MP3017491-W282368","MP3017491-W282368","Peer amount","amount","Recommended amount at the 100th percentile of 1975 comparable works (robust z 59.7)."
"MP3017491-W282368","MP3017491-W282368","Behavioural change","behaviour","Implementing agency's recommendation pattern shifted year-on-year (magnitude 100%). Before/after - 2025: 230 works at a median of Rs 349,867 -> 2026: 36 works at a median of Rs 2,750,000. A change point is a lead, not a finding: a new officer or a revised guideline produces one too."
"MP3017491-W282368","MP3017491-W282368","Statistical outlier","multivariate","A trained anomaly detector (IsolationForest) flags this work's amount-and-age profile as unusual against the national portfolio."
"MP3018409-W16692","MP3018409-W16692","Peer amount","amount","Recommended amount at the 99th percentile of 7203 comparable works (robust z 6.6)."
"MP3018409-W16692","MP3018409-W16692","Peer duration","duration","Open for longer than 99% of comparable works still in progress."
"MP3018409-W16692","MP3018409-W16692","Behavioural change","behaviour","Implementing agency's recommendation pattern shifted year-on-year (magnitude 100%). Before/after - 2025: 110 works at a median of Rs 241,000 -> 2026: 19 works at a median of Rs 900,000. A change point is a lead, not a finding: a new officer or a revised guideline produces one too."
"MP3018409-W16692","MP3018409-W16692","Statistical outlier","multivariate","A trained anomaly detector (IsolationForest) flags this work's amount-and-age profile as unusual against the national portfolio."
"MP3017365-W92625","MP3017365-W92625","Peer amount","amount","Recommended amount at the 100th percentile of 463 comparable works (robust z 40.5)."
"MP3017365-W92625","MP3017365-W92625","Behavioural change","behaviour","Implementing agency's recommendation pattern shifted year-on-year (magnitude 100%). Before/after - 2024: 53 works at a median of Rs 149,994 -> 2025: 76 works at a median of Rs 400,000. A change point is a lead, not a finding: a new officer or a revised guideline produces one too."
"MP3017365-W92625","MP3017365-W92625","Statistical outlier","multivariate","A trained anomaly detector (IsolationForest) flags this work's amount-and-age profile as unusual against the national portfolio."
"MP3042521-W252852","MP3042521-W252852","Peer amount","amount","Recommended amount at the 100th percentile of 78 comparable works (robust z 22.4)."
"MP3042521-W252852","MP3042521-W252852","Behavioural change","behaviour","Implementing agency's recommendation pattern shifted year-on-year (magnitude 100%). Before/after - 2023: 878 works at a median of Rs 21,109 -> 2024: 557 works at a median of Rs 177,842. A change point is a lead, not a finding: a new officer or a revised guideline produces one too."
"MP3042521-W252852","MP3042521-W252852","Statistical outlier","multivariate","A trained anomaly detector (IsolationForest) flags this work's amount-and-age profile as unusual against the national portfolio."
"MP3019300-W74634","MP3019300-W74634","Peer amount","amount","Recommended amount at the 100th percentile of 1971 comparable works (robust z 41.3)."
"MP3019300-W74634","MP3019300-W74634","Behavioural change","behaviour","Implementing agency's recommendation pattern shifted year-on-year (magnitude 100%). Before/after - 2025: 409 works at a median of Rs 166,376 -> 2026: 48 works at a median of Rs 842,500. A change point is a lead, not a finding: a new officer or a revised guideline produces one too."
"MP3019300-W74634","MP3019300-W74634","Statistical outlier","multivariate","A trained anomaly detector (IsolationForest) flags this work's amount-and-age profile as unusual against the national portfolio."
"MP3018409-W16691","MP3018409-W16691","Peer amount","amount","Recommended amount at the 99th percentile of 7203 comparable works (robust z 6.5)."
"MP3018409-W16691","MP3018409-W16691","Peer duration","duration","Open for longer than 99% of comparable works still in progress."
"MP3018409-W16691","MP3018409-W16691","Behavioural change","behaviour","Implementing agency's recommendation pattern shifted year-on-year (magnitude 100%). Before/after - 2025: 110 works at a median of Rs 241,000 -> 2026: 19 works at a median of Rs 900,000. A change point is a lead, not a finding: a new officer or a revised guideline produces one too."
"MP3018409-W16691","MP3018409-W16691","Statistical outlier","multivariate","A trained anomaly detector (IsolationForest) flags this work's amount-and-age profile as unusual against the national portfolio."
"MP3018373-W89294","MP3018373-W89294","Peer amount","amount","Recommended amount at the 100th percentile of 68 comparable works (robust z 53.6)."
"MP3018373-W89294","MP3018373-W89294","Peer duration","duration","Open for longer than 90% of comparable works still in progress."
"MP3018373-W89294","MP3018373-W89294","Behavioural change","behaviour","Implementing agency's recommendation pattern shifted year-on-year (magnitude 97%). Before/after - 2024: 7 works at a median of Rs 6,000,000 -> 2025: 278 works at a median of Rs 150,000. A change point is a lead, not a finding: a new officer or a revised guideline produces one too."
"MP3018373-W89294","MP3018373-W89294","Statistical outlier","multivariate","A trained anomaly detector (IsolationForest) flags this work's amount-and-age profile as unusual against the national portfolio."
"MP3019259-W281554","MP3019259-W281554","Peer amount","amount","Recommended amount at the 100th percentile of 275 comparable works (robust z 62.1)."
"MP3019259-W281554","MP3019259-W281554","Behavioural change","behaviour","Implementing agency's recommendation pattern shifted year-on-year (magnitude 100%). Before/after - 2025: 242 works at a median of Rs 247,500 -> 2026: 26 works at a median of Rs 500,000. A change point is a lead, not a finding: a new officer or a revised guideline produces one too."
"MP3019259-W281554","MP3019259-W281554","Statistical outlier","multivariate","A trained anomaly detector (IsolationForest) flags this work's amount-and-age profile as unusual against the national portfolio."
"MP3017338-W214383","MP3017338-W214383","Peer amount","amount","Recommended amount at the 100th percentile of 65 comparable works (robust z 4.8)."
"MP3017338-W214383","MP3017338-W214383","Behavioural change","behaviour","Implementing agency's recommendation pattern shifted year-on-year (magnitude 100%). Before/after - 2023: 192 works at a median of Rs 50,000 -> 2024: 21 works at a median of Rs 780,000. A change point is a lead, not a finding: a new officer or a revised guideline produces one too."
"MP3017338-W214383","MP3017338-W214383","Statistical outlier","multivariate","A trained anomaly detector (IsolationForest) flags this work's amount-and-age profile as unusual against the national portfolio."
"MP3042341-W246454","MP3042341-W246454","Peer amount","amount","Recommended amount at the 100th percentile of 468 comparable works (robust z 28.9)."
"MP3042341-W246454","MP3042341-W246454","Behavioural change","behaviour","Implementing agency's recommendation pattern shifted year-on-year (magnitude 100%). Before/after - 2023: 43 works at a median of Rs 500,000 -> 2024: 11 works at a median of Rs 1,000,000. A change point is a lead, not a finding: a new officer or a revised guideline produces one too."
"MP3042341-W246454","MP3042341-W246454","Statistical outlier","multivariate","A trained anomaly detector (IsolationForest) flags this work's amount-and-age profile as unusual against the national portfolio."
"MP3019209-W40678","MP3019209-W40678","Peer amount","amount","Recommended amount at the 95th percentile of 791 comparable works (robust z 9.9)."
"MP3019209-W40678","MP3019209-W40678","Peer duration","duration","Open for longer than 92% of comparable works still in progress."
"MP3019209-W40678","MP3019209-W40678","Behavioural change","behaviour","Implementing agency's recommendation pattern shifted year-on-year (magnitude 100%). Before/after - 2024: 124 works at a median of Rs 299,500 -> 2025: 34 works at a median of Rs 739,865. A change point is a lead, not a finding: a new officer or a revised guideline produces one too."
"MP3019209-W40678","MP3019209-W40678","Statistical outlier","multivariate","A trained anomaly detector (IsolationForest) flags this work's amount-and-age profile as unusual against the national portfolio."
"MP3019643-W213688","MP3019643-W213688","Peer amount","amount","Recommended amount at the 98th percentile of 122 comparable works (robust z 8.6)."
"MP3019643-W213688","MP3019643-W213688","Behavioural change","behaviour","Implementing agency's recommendation pattern shifted year-on-year (magnitude 94%). Before/after - 2023: 50 works at a median of Rs 1,134,160 -> 2024: 73 works at a median of Rs 2,195,272. A change point is a lead, not a finding: a new officer or a revised guideline produces one too."
"MP3019643-W213688","MP3019643-W213688","Statistical outlier","multivariate","A trained anomaly detector (IsolationForest) flags this work's amount-and-age profile as unusual against the national portfolio."
"MP3019183-W66288","MP3019183-W66288","Peer amount","amount","Recommended amount at the 100th percentile of 766 comparable works (robust z 43.0)."
"MP3019183-W66288","MP3019183-W66288","Peer duration","duration","Open for longer than 94% of comparable works still in progress."
"MP3019183-W66288","MP3019183-W66288","Behavioural change","behaviour","Implementing agency's recommendation pattern shifted year-on-year (magnitude 70%). Before/after - 2025: 51 works at a median of Rs 500,000 -> 2026: 88 works at a median of Rs 150,000. A change point is a lead, not a finding: a new officer or a revised guideline produces one too."
"MP3019183-W66288","MP3019183-W66288","Statistical outlier","multivariate","A trained anomaly detector (IsolationForest) flags this work's amount-and-age profile as unusual against the national portfolio."
"MP3042517-W249980","MP3042517-W249980","Peer amount","amount","Recommended amount at the 100th percentile of 6132 comparable works (robust z 398.4)."
"MP3042517-W249980","MP3042517-W249980","Behavioural change","behaviour","Implementing agency's recommendation pattern shifted year-on-year (magnitude 100%). Before/after - 2025: 1400 works at a median of Rs 20,900 -> 2026: 57 works at a median of Rs 750,000. A change point is a lead, not a finding: a new officer or a revised guideline produces one too."
"MP3042517-W249980","MP3042517-W249980","Statistical outlier","multivariate","A trained anomaly detector (IsolationForest) flags this work's amount-and-age profile as unusual against the national portfolio."
"MP3017490-W13141","MP3017490-W13141","Peer amount","amount","Recommended amount at the 90th percentile of 159 comparable works (robust z 7.5)."
"MP3017490-W13141","MP3017490-W13141","Peer duration","duration","Open for longer than 96% of comparable works still in progress."
"MP3017490-W13141","MP3017490-W13141","Behavioural change","behaviour","Implementing agency's recommendation pattern shifted year-on-year (magnitude 54%). Before/after - 2025: 441 works at a median of Rs 325,000 -> 2026: 27 works at a median of Rs 500,000. A change point is a lead, not a finding: a new officer or a revised guideline produces one too."
"MP3017490-W13141","MP3017490-W13141","Statistical outlier","multivariate","A trained anomaly detector (IsolationForest) flags this work's amount-and-age profile as unusual against the national portfolio."
"MP3018393-W37837","MP3018393-W37837","Peer amount","amount","Recommended amount at the 100th percentile of 199 comparable works (robust z 4.9)."
"MP3018393-W37837","MP3018393-W37837","Peer duration","duration","Open for longer than 92% of comparable works still in progress."
"MP3018393-W37837","MP3018393-W37837","Behavioural change","behaviour","Implementing agency's recommendation pattern shifted year-on-year (magnitude 66%). Before/after - 2025: 54 works at a median of Rs 700,000 -> 2026: 49 works at a median of Rs 235,000. A change point is a lead, not a finding: a new officer or a revised guideline produces one too."
"MP3018393-W37837","MP3018393-W37837","Statistical outlier","multivariate","A trained anomaly detector (IsolationForest) flags this work's amount-and-age profile as unusual against the national portfolio."
"MP3019235-W194319","MP3019235-W194319","Peer amount","amount","Recommended amount at the 100th percentile of 2819 comparable works (robust z 44.6)."
"MP3019235-W194319","MP3019235-W194319","Behavioural change","behaviour","Implementing agency's recommendation pattern shifted year-on-year (magnitude 85%). Before/after - 2024: 60 works at a median of Rs 420,000 -> 2025: 44 works at a median of Rs 775,461. A change point is a lead, not a finding: a new officer or a revised guideline produces one too."
"MP3019235-W194319","MP3019235-W194319","Statistical outlier","multivariate","A trained anomaly detector (IsolationForest) flags this work's amount-and-age profile as unusual against the national portfolio."
"MP3019200-W59390","MP3019200-W59390","Peer amount","amount","Recommended amount at the 100th percentile of 7203 comparable works (robust z 10.0)."
"MP3019200-W59390","MP3019200-W59390","Behavioural change","behaviour","Implementing agency's recommendation pattern shifted year-on-year (magnitude 100%). Before/after - 2023: 192 works at a median of Rs 50,000 -> 2024: 21 works at a median of Rs 780,000. A change point is a lead, not a finding: a new officer or a revised guideline produces one too."
"MP3019200-W59390","MP3019200-W59390","Statistical outlier","multivariate","A trained anomaly detector (IsolationForest) flags this work's amount-and-age profile as unusual against the national portfolio."
"MP3019235-W244989","MP3019235-W244989","Peer amount","amount","Recommended amount at the 99th percentile of 791 comparable works (robust z 23.3)."
"MP3019235-W244989","MP3019235-W244989","Behavioural change","behaviour","Implementing agency's recommendation pattern shifted year-on-year (magnitude 85%). Before/after - 2024: 60 works at a median of Rs 420,000 -> 2025: 44 works at a median of Rs 775,461. A change point is a lead, not a finding: a new officer or a revised guideline produces one too."
"MP3019235-W244989","MP3019235-W244989","Statistical outlier","multivariate","A trained anomaly detector (IsolationForest) flags this work's amount-and-age profile as unusual against the national portfolio."
"MP3019235-W194318","MP3019235-W194318","Peer amount","amount","Recommended amount at the 100th percentile of 1827 comparable works (robust z 35.6)."
"MP3019235-W194318","MP3019235-W194318","Behavioural change","behaviour","Implementing agency's recommendation pattern shifted year-on-year (magnitude 85%). Before/after - 2024: 60 works at a median of Rs 420,000 -> 2025: 44 works at a median of Rs 775,461. A change point is a lead, not a finding: a new officer or a revised guideline produces one too."
"MP3019235-W194318","MP3019235-W194318","Statistical outlier","multivariate","A trained anomaly detector (IsolationForest) flags this work's amount-and-age profile as unusual against the national portfolio."
"MP3019201-W136735","MP3019201-W136735","Peer amount","amount","Recommended amount at the 99th percentile of 13232 comparable works (robust z 55.7)."
"MP3019201-W136735","MP3019201-W136735","Behavioural change","behaviour","Implementing agency's recommendation pattern shifted year-on-year (magnitude 100%). Before/after - 2023: 15 works at a median of Rs 600,000 -> 2024: 31 works at a median of Rs 1,215,970. A change point is a lead, not a finding: a new officer or a revised guideline produces one too."
"MP3019201-W136735","MP3019201-W136735","Statistical outlier","multivariate","A trained anomaly detector (IsolationForest) flags this work's amount-and-age profile as unusual against the national portfolio."
"MP3018400-W10266","MP3018400-W10266","Peer amount","amount","Recommended amount at the 97th percentile of 1103 comparable works (robust z 27.3)."
"MP3018400-W10266","MP3018400-W10266","Peer duration","duration","Open for longer than 97% of comparable works still in progress."
"MP3018400-W10266","MP3018400-W10266","Statistical outlier","multivariate","A trained anomaly detector (IsolationForest) flags this work's amount-and-age profile as unusual against the national portfolio."
"MP3019999-W121816","MP3019999-W121816","Peer amount","amount","Recommended amount at the 98th percentile of 791 comparable works (robust z 13.3)."
"MP3019999-W121816","MP3019999-W121816","Behavioural change","behaviour","Implementing agency's recommendation pattern shifted year-on-year (magnitude 65%). Before/after - 2025: 41 works at a median of Rs 819,952 -> 2026: 12 works at a median of Rs 284,534. A change point is a lead, not a finding: a new officer or a revised guideline produces one too."
"MP3019999-W121816","MP3019999-W121816","Statistical outlier","multivariate","A trained anomaly detector (IsolationForest) flags this work's amount-and-age profile as unusual against the national portfolio."
"MP3019999-W121816","MP3019999-W121816","Near-duplicate work","duplication","A work in the same state and archetype is 100.0% semantically similar (MP3019999-W121817). Repeated descriptions are common in this scheme, so a human should confirm these are genuinely separate works."
"MP3019999-W121817","MP3019999-W121817","Peer amount","amount","Recommended amount at the 98th percentile of 791 comparable works (robust z 13.3)."
"MP3019999-W121817","MP3019999-W121817","Behavioural change","behaviour","Implementing agency's recommendation pattern shifted year-on-year (magnitude 65%). Before/after - 2025: 41 works at a median of Rs 819,952 -> 2026: 12 works at a median of Rs 284,534. A change point is a lead, not a finding: a new officer or a revised guideline produces one too."
"MP3019999-W121817","MP3019999-W121817","Statistical outlier","multivariate","A trained anomaly detector (IsolationForest) flags this work's amount-and-age profile as unusual against the national portfolio."
"MP3019999-W121817","MP3019999-W121817","Near-duplicate work","duplication","A work in the same state and archetype is 100.0% semantically similar (MP3019999-W121816). Repeated descriptions are common in this scheme, so a human should confirm these are genuinely separate works."
"MP3017455-W146422","MP3017455-W146422","Peer amount","amount","Recommended amount at the 98th percentile of 147 comparable works (robust z 11.9)."
"MP3017455-W146422","MP3017455-W146422","Behavioural change","behaviour","Implementing agency's recommendation pattern shifted year-on-year (magnitude 94%). Before/after - 2023: 50 works at a median of Rs 1,134,160 -> 2024: 73 works at a median of Rs 2,195,272. A change point is a lead, not a finding: a new officer or a revised guideline produces one too."
"MP3017455-W146422","MP3017455-W146422","Statistical outlier","multivariate","A trained anomaly detector (IsolationForest) flags this work's amount-and-age profile as unusual against the national portfolio."
"MP3042794-W155216","MP3042794-W155216","Peer amount","amount","Recommended amount at the 98th percentile of 30 comparable works (robust z 0.0)."
"MP3042794-W155216","MP3042794-W155216","Peer duration","duration","Open for longer than 100% of comparable works still in progress."
"MP3042794-W155216","MP3042794-W155216","Statistical outlier","multivariate","A trained anomaly detector (IsolationForest) flags this work's amount-and-age profile as unusual against the national portfolio."
"MP3017340-W259392","MP3017340-W259392","Peer amount","amount","Recommended amount at the 99th percentile of 13232 comparable works (robust z 38.9)."
"MP3017340-W259392","MP3017340-W259392","Behavioural change","behaviour","Implementing agency's recommendation pattern shifted year-on-year (magnitude 100%). Before/after - 2025: 426 works at a median of Rs 157,800 -> 2026: 36 works at a median of Rs 1,015,850. A change point is a lead, not a finding: a new officer or a revised guideline produces one too."
"MP3017340-W259392","MP3017340-W259392","Statistical outlier","multivariate","A trained anomaly detector (IsolationForest) flags this work's amount-and-age profile as unusual against the national portfolio."
"MP3018940-W120919","MP3018940-W120919","Peer amount","amount","Recommended amount at the 100th percentile of 2550 comparable works (robust z 497.8)."
"MP3018940-W120919","MP3018940-W120919","Behavioural change","behaviour","Implementing agency's recommendation pattern shifted year-on-year (magnitude 83%). Before/after - 2023: 6 works at a median of Rs 2,309,328 -> 2024: 124 works at a median of Rs 400,000. A change point is a lead, not a finding: a new officer or a revised guideline produces one too."
"MP3018940-W120919","MP3018940-W120919","Statistical outlier","multivariate","A trained anomaly detector (IsolationForest) flags this work's amount-and-age profile as unusual against the national portfolio."
"MP3017338-W173988","MP3017338-W173988","Peer amount","amount","Recommended amount at the 99th percentile of 1637 comparable works (robust z 8.0)."
"MP3017338-W173988","MP3017338-W173988","Behavioural change","behaviour","Implementing agency's recommendation pattern shifted year-on-year (magnitude 100%). Before/after - 2023: 192 works at a median of Rs 50,000 -> 2024: 21 works at a median of Rs 780,000. A change point is a lead, not a finding: a new officer or a revised guideline produces one too."
"MP3017338-W173988","MP3017338-W173988","Statistical outlier","multivariate","A trained anomaly detector (IsolationForest) flags this work's amount-and-age profile as unusual against the national portfolio."
"MP3017307-W254200","MP3017307-W254200","Peer amount","amount","Recommended amount at the 99th percentile of 152 comparable works (robust z 3.6)."
"MP3017307-W254200","MP3017307-W254200","Behavioural change","behaviour","Implementing agency's recommendation pattern shifted year-on-year (magnitude 56%). Before/after - 2025: 124 works at a median of Rs 700,000 -> 2026: 6 works at a median of Rs 1,090,000. A change point is a lead, not a finding: a new officer or a revised guideline produces one too."
"MP3017307-W254200","MP3017307-W254200","Statistical outlier","multivariate","A trained anomaly detector (IsolationForest) flags this work's amount-and-age profile as unusual against the national portfolio."
"MP3018418-W77431","MP3018418-W77431","Peer amount","amount","Recommended amount at the 99th percentile of 3306 comparable works (robust z 21.4)."
"MP3018418-W77431","MP3018418-W77431","Behavioural change","behaviour","Implementing agency's recommendation pattern shifted year-on-year (magnitude 100%). Before/after - 2025: 409 works at a median of Rs 166,376 -> 2026: 48 works at a median of Rs 842,500. A change point is a lead, not a finding: a new officer or a revised guideline produces one too."
"MP3018418-W77431","MP3018418-W77431","Statistical outlier","multivariate","A trained anomaly detector (IsolationForest) flags this work's amount-and-age profile as unusual against the national portfolio."
"MP3026513-W220227","MP3026513-W220227","Peer amount","amount","Recommended amount at the 100th percentile of 2260 comparable works (robust z 59.5)."
"MP3026513-W220227","MP3026513-W220227","Behavioural change","behaviour","Implementing agency's recommendation pattern shifted year-on-year (magnitude 67%). Before/after - 2024: 74 works at a median of Rs 300,000 -> 2025: 169 works at a median of Rs 500,000. A change point is a lead, not a finding: a new officer or a revised guideline produces one too."
"MP3026513-W220227","MP3026513-W220227","Statistical outlier","multivariate","A trained anomaly detector (IsolationForest) flags this work's amount-and-age profile as unusual against the national portfolio."
"MP3056872-W255473","MP3056872-W255473","Peer amount","amount","Recommended amount at the 100th percentile of 1462 comparable works (robust z 30.0)."
"MP3056872-W255473","MP3056872-W255473","Behavioural change","behaviour","Implementing agency's recommendation pattern shifted year-on-year (magnitude 82%). Before/after - 2023: 157 works at a median of Rs 498,968 -> 2024: 16 works at a median of Rs 907,653. A change point is a lead, not a finding: a new officer or a revised guideline produces one too."
"MP3056872-W255473","MP3056872-W255473","Statistical outlier","multivariate","A trained anomaly detector (IsolationForest) flags this work's amount-and-age profile as unusual against the national portfolio."
"MP3042467-W184783","MP3042467-W184783","Peer amount","amount","Recommended amount at the 97th percentile of 152 comparable works (robust z 3.2)."
"MP3042467-W184783","MP3042467-W184783","Behavioural change","behaviour","Implementing agency's recommendation pattern shifted year-on-year (magnitude 82%). Before/after - 2023: 157 works at a median of Rs 498,968 -> 2024: 16 works at a median of Rs 907,653. A change point is a lead, not a finding: a new officer or a revised guideline produces one too."
"MP3042467-W184783","MP3042467-W184783","Statistical outlier","multivariate","A trained anomaly detector (IsolationForest) flags this work's amount-and-age profile as unusual against the national portfolio."
"MP3042379-W262944","MP3042379-W262944","Peer amount","amount","Recommended amount at the 100th percentile of 1516 comparable works (robust z 18.9)."
"MP3042379-W262944","MP3042379-W262944","Behavioural change","behaviour","Implementing agency's recommendation pattern shifted year-on-year (magnitude 100%). Before/after - 2024: 313 works at a median of Rs 176,468 -> 2025: 173 works at a median of Rs 400,000. A change point is a lead, not a finding: a new officer or a revised guideline produces one too."
"MP3042379-W262944","MP3042379-W262944","Statistical outlier","multivariate","A trained anomaly detector (IsolationForest) flags this work's amount-and-age profile as unusual against the national portfolio."
"MP3042292-W251879","MP3042292-W251879","Peer amount","amount","Recommended amount at the 99th percentile of 568 comparable works (robust z 8.8)."
"MP3042292-W251879","MP3042292-W251879","Behavioural change","behaviour","Implementing agency's recommendation pattern shifted year-on-year (magnitude 100%). Before/after - 2024: 91 works at a median of Rs 239,428 -> 2025: 34 works at a median of Rs 500,000. A change point is a lead, not a finding: a new officer or a revised guideline produces one too."
"MP3042292-W251879","MP3042292-W251879","Statistical outlier","multivariate","A trained anomaly detector (IsolationForest) flags this work's amount-and-age profile as unusual against the national portfolio."
"MP3042292-W251880","MP3042292-W251880","Peer amount","amount","Recommended amount at the 99th percentile of 568 comparable works (robust z 8.8)."
"MP3042292-W251880","MP3042292-W251880","Behavioural change","behaviour","Implementing agency's recommendation pattern shifted year-on-year (magnitude 100%). Before/after - 2024: 91 works at a median of Rs 239,428 -> 2025: 34 works at a median of Rs 500,000. A change point is a lead, not a finding: a new officer or a revised guideline produces one too."
"MP3042292-W251880","MP3042292-W251880","Statistical outlier","multivariate","A trained anomaly detector (IsolationForest) flags this work's amount-and-age profile as unusual against the national portfolio."
"MP3018367-W9019","MP3018367-W9019","Peer amount","amount","Recommended amount at the 100th percentile of 2415 comparable works (robust z 11.5)."
"MP3018367-W9019","MP3018367-W9019","Peer duration","duration","Open for longer than 98% of comparable works still in progress."
"MP3018367-W9019","MP3018367-W9019","Behavioural change","behaviour","Implementing agency's recommendation pattern shifted year-on-year (magnitude 100%). Before/after - 2023: 74 works at a median of Rs 1,144,298 -> 2024: 5 works at a median of Rs 2,484,987. A change point is a lead, not a finding: a new officer or a revised guideline produces one too."
"MP3018367-W9019","MP3018367-W9019","Statistical outlier","multivariate","A trained anomaly detector (IsolationForest) flags this work's amount-and-age profile as unusual against the national portfolio."
"MP3019201-W112229","MP3019201-W112229","Peer amount","amount","Recommended amount at the 100th percentile of 6132 comparable works (robust z 389.5)."
"MP3019201-W112229","MP3019201-W112229","Behavioural change","behaviour","Implementing agency's recommendation pattern shifted year-on-year (magnitude 100%). Before/after - 2023: 15 works at a median of Rs 600,000 -> 2024: 31 works at a median of Rs 1,215,970. A change point is a lead, not a finding: a new officer or a revised guideline produces one too."
"MP3019201-W112229","MP3019201-W112229","Statistical outlier","multivariate","A trained anomaly detector (IsolationForest) flags this work's amount-and-age profile as unusual against the national portfolio."
"MP3019050-W127446","MP3019050-W127446","Peer amount","amount","Recommended amount at the 94th percentile of 36 comparable works (robust z 6.2)."
"MP3019050-W127446","MP3019050-W127446","Peer duration","duration","Open for longer than 100% of comparable works still in progress."
"MP3019050-W127446","MP3019050-W127446","Behavioural change","behaviour","Implementing agency's recommendation pattern shifted year-on-year (magnitude 100%). Before/after - 2024: 313 works at a median of Rs 176,468 -> 2025: 173 works at a median of Rs 400,000. A change point is a lead, not a finding: a new officer or a revised guideline produces one too."
"MP3019050-W127446","MP3019050-W127446","Statistical outlier","multivariate","A trained anomaly detector (IsolationForest) flags this work's amount-and-age profile as unusual against the national portfolio."
"MP3017340-W259395","MP3017340-W259395","Peer amount","amount","Recommended amount at the 99th percentile of 13232 comparable works (robust z 38.9)."
"MP3017340-W259395","MP3017340-W259395","Behavioural change","behaviour","Implementing agency's recommendation pattern shifted year-on-year (magnitude 100%). Before/after - 2025: 426 works at a median of Rs 157,800 -> 2026: 36 works at a median of Rs 1,015,850. A change point is a lead, not a finding: a new officer or a revised guideline produces one too."
"MP3017340-W259395","MP3017340-W259395","Statistical outlier","multivariate","A trained anomaly detector (IsolationForest) flags this work's amount-and-age profile as unusual against the national portfolio."
"MP3042491-W231653","MP3042491-W231653","Peer amount","amount","Recommended amount at the 100th percentile of 843 comparable works (robust z 43.7)."
"MP3042491-W231653","MP3042491-W231653","Behavioural change","behaviour","Implementing agency's recommendation pattern shifted year-on-year (magnitude 100%). Before/after - 2024: 256 works at a median of Rs 169,600 -> 2025: 28 works at a median of Rs 941,994. A change point is a lead, not a finding: a new officer or a revised guideline produces one too."
"MP3042491-W231653","MP3042491-W231653","Statistical outlier","multivariate","A trained anomaly detector (IsolationForest) flags this work's amount-and-age profile as unusual against the national portfolio."
"MP3018989-W131578","MP3018989-W131578","Peer amount","amount","Recommended amount at the 100th percentile of 174 comparable works (robust z 10.0)."
"MP3018989-W131578","MP3018989-W131578","Peer duration","duration","Open for longer than 92% of comparable works still in progress."
"MP3018989-W131578","MP3018989-W131578","Behavioural change","behaviour","Implementing agency's recommendation pattern shifted year-on-year (magnitude 100%). Before/after - 2025: 66 works at a median of Rs 860,971 -> 2026: 13 works at a median of Rs 1,917,200. A change point is a lead, not a finding: a new officer or a revised guideline produces one too."
"MP3018989-W131578","MP3018989-W131578","Statistical outlier","multivariate","A trained anomaly detector (IsolationForest) flags this work's amount-and-age profile as unusual against the national portfolio."
"MP3019999-W123871","MP3019999-W123871","Peer amount","amount","Recommended amount at the 99th percentile of 791 comparable works (robust z 18.1)."
"MP3019999-W123871","MP3019999-W123871","Behavioural change","behaviour","Implementing agency's recommendation pattern shifted year-on-year (magnitude 65%). Before/after - 2025: 41 works at a median of Rs 819,952 -> 2026: 12 works at a median of Rs 284,534. A change point is a lead, not a finding: a new officer or a revised guideline produces one too."
"MP3019999-W123871","MP3019999-W123871","Statistical outlier","multivariate","A trained anomaly detector (IsolationForest) flags this work's amount-and-age profile as unusual against the national portfolio."
"MP3020003-W163388","MP3020003-W163388","Peer amount","amount","Recommended amount at the 99th percentile of 223 comparable works (robust z 9.8)."
"MP3020003-W163388","MP3020003-W163388","Behavioural change","behaviour","Implementing agency's recommendation pattern shifted year-on-year (magnitude 75%). Before/after - 2024: 9 works at a median of Rs 1,713,944 -> 2025: 24 works at a median of Rs 421,700. A change point is a lead, not a finding: a new officer or a revised guideline produces one too."
"MP3020003-W163388","MP3020003-W163388","Statistical outlier","multivariate","A trained anomaly detector (IsolationForest) flags this work's amount-and-age profile as unusual against the national portfolio."
"MP3019059-W33389","MP3019059-W33389","Peer amount","amount","Recommended amount at the 100th percentile of 34 comparable works (robust z 29.1)."
"MP3019059-W33389","MP3019059-W33389","Peer duration","duration","Open for longer than 100% of comparable works still in progress."
"MP3019059-W33389","MP3019059-W33389","Behavioural change","behaviour","Implementing agency's recommendation pattern shifted year-on-year (magnitude 83%). Before/after - 2025: 43 works at a median of Rs 720,000 -> 2026: 5 works at a median of Rs 125,000. A change point is a lead, not a finding: a new officer or a revised guideline produces one too."
"MP3019059-W33389","MP3019059-W33389","Statistical outlier","multivariate","A trained anomaly detector (IsolationForest) flags this work's amount-and-age profile as unusual against the national portfolio."
"MP3042499-W258729","MP3042499-W258729","Peer amount","amount","Recommended amount at the 100th percentile of 7203 comparable works (robust z 8.9)."
"MP3042499-W258729","MP3042499-W258729","Behavioural change","behaviour","Implementing agency's recommendation pattern shifted year-on-year (magnitude 100%). Before/after - 2025: 155 works at a median of Rs 145,000 -> 2026: 19 works at a median of Rs 962,000. A change point is a lead, not a finding: a new officer or a revised guideline produces one too."
"MP3042499-W258729","MP3042499-W258729","Statistical outlier","multivariate","A trained anomaly detector (IsolationForest) flags this work's amount-and-age profile as unusual against the national portfolio."
"MP3045895-W212607","MP3045895-W212607","Peer amount","amount","Recommended amount at the 100th percentile of 1941 comparable works (robust z 12.1)."
"MP3045895-W212607","MP3045895-W212607","Behavioural change","behaviour","Implementing agency's recommendation pattern shifted year-on-year (magnitude 100%). Before/after - 2022: 6 works at a median of Rs 685,196 -> 2023: 9 works at a median of Rs 2,374,734. A change point is a lead, not a finding: a new officer or a revised guideline produces one too."
"MP3045895-W212607","MP3045895-W212607","Statistical outlier","multivariate","A trained anomaly detector (IsolationForest) flags this work's amount-and-age profile as unusual against the national portfolio."
"MP3017413-W131675","MP3017413-W131675","Peer amount","amount","Recommended amount at the 100th percentile of 1516 comparable works (robust z 13.5)."
"MP3017413-W131675","MP3017413-W131675","Peer duration","duration","Open for longer than 91% of comparable works still in progress."
"MP3017413-W131675","MP3017413-W131675","Behavioural change","behaviour","Implementing agency's recommendation pattern shifted year-on-year (magnitude 100%). Before/after - 2024: 313 works at a median of Rs 176,468 -> 2025: 173 works at a median of Rs 400,000. A change point is a lead, not a finding: a new officer or a revised guideline produces one too."
"MP3017413-W131675","MP3017413-W131675","Statistical outlier","multivariate","A trained anomaly detector (IsolationForest) flags this work's amount-and-age profile as unusual against the national portfolio."
"MP3017308-W236555","MP3017308-W236555","Peer amount","amount","Recommended amount at the 92th percentile of 319 comparable works (robust z 20.2)."
"MP3017308-W236555","MP3017308-W236555","Behavioural change","behaviour","Implementing agency's recommendation pattern shifted year-on-year (magnitude 100%). Before/after - 2023: 21 works at a median of Rs 235,995 -> 2024: 153 works at a median of Rs 886,945. A change point is a lead, not a finding: a new officer or a revised guideline produces one too."
"MP3017308-W236555","MP3017308-W236555","Statistical outlier","multivariate","A trained anomaly detector (IsolationForest) flags this work's amount-and-age profile as unusual against the national portfolio."
"MP3017417-W157751","MP3017417-W157751","Peer amount","amount","Recommended amount at the 97th percentile of 36 comparable works (robust z 7.9)."
"MP3017417-W157751","MP3017417-W157751","Behavioural change","behaviour","Implementing agency's recommendation pattern shifted year-on-year (magnitude 100%). Before/after - 2025: 235 works at a median of Rs 249,000 -> 2026: 20 works at a median of Rs 530,000. A change point is a lead, not a finding: a new officer or a revised guideline produces one too."
"MP3017417-W157751","MP3017417-W157751","Statistical outlier","multivariate","A trained anomaly detector (IsolationForest) flags this work's amount-and-age profile as unusual against the national portfolio."
"MP3017338-W200404","MP3017338-W200404","Peer amount","amount","Recommended amount at the 97th percentile of 65 comparable works (robust z 4.0)."
"MP3017338-W200404","MP3017338-W200404","Behavioural change","behaviour","Implementing agency's recommendation pattern shifted year-on-year (magnitude 100%). Before/after - 2023: 192 works at a median of Rs 50,000 -> 2024: 21 works at a median of Rs 780,000. A change point is a lead, not a finding: a new officer or a revised guideline produces one too."
"MP3017338-W200404","MP3017338-W200404","Statistical outlier","multivariate","A trained anomaly detector (IsolationForest) flags this work's amount-and-age profile as unusual against the national portfolio."
"MP3017278-W251724","MP3017278-W251724","Peer amount","amount","Recommended amount at the 98th percentile of 1038 comparable works (robust z 14.0)."
"MP3017278-W251724","MP3017278-W251724","Behavioural change","behaviour","Implementing agency's recommendation pattern shifted year-on-year (magnitude 100%). Before/after - 2024: 5 works at a median of Rs 1,000,000 -> 2025: 11 works at a median of Rs 2,000,000. A change point is a lead, not a finding: a new officer or a revised guideline produces one too."
"MP3017278-W251724","MP3017278-W251724","Statistical outlier","multivariate","A trained anomaly detector (IsolationForest) flags this work's amount-and-age profile as unusual against the national portfolio."
"MP3018989-W131812","MP3018989-W131812","Peer amount","amount","Recommended amount at the 96th percentile of 16171 comparable works (robust z 6.6)."
"MP3018989-W131812","MP3018989-W131812","Behavioural change","behaviour","Implementing agency's recommendation pattern shifted year-on-year (magnitude 100%). Before/after - 2025: 66 works at a median of Rs 860,971 -> 2026: 13 works at a median of Rs 1,917,200. A change point is a lead, not a finding: a new officer or a revised guideline produces one too."
"MP3018989-W131812","MP3018989-W131812","Statistical outlier","multivariate","A trained anomaly detector (IsolationForest) flags this work's amount-and-age profile as unusual against the national portfolio."
"MP3018396-W93503","MP3018396-W93503","Peer amount","amount","Recommended amount at the 99th percentile of 124 comparable works (robust z 16.2)."
"MP3018396-W93503","MP3018396-W93503","Behavioural change","behaviour","Implementing agency's recommendation pattern shifted year-on-year (magnitude 94%). Before/after - 2023: 50 works at a median of Rs 1,134,160 -> 2024: 73 works at a median of Rs 2,195,272. A change point is a lead, not a finding: a new officer or a revised guideline produces one too."
"MP3018396-W93503","MP3018396-W93503","Statistical outlier","multivariate","A trained anomaly detector (IsolationForest) flags this work's amount-and-age profile as unusual against the national portfolio."
"MP3017341-W198845","MP3017341-W198845","Peer amount","amount","Recommended amount at the 100th percentile of 602 comparable works (robust z 9.9)."
"MP3017341-W198845","MP3017341-W198845","Behavioural change","behaviour","Implementing agency's recommendation pattern shifted year-on-year (magnitude 100%). Before/after - 2024: 47 works at a median of Rs 300,000 -> 2025: 62 works at a median of Rs 977,500. A change point is a lead, not a finding: a new officer or a revised guideline produces one too."
"MP3017341-W198845","MP3017341-W198845","Statistical outlier","multivariate","A trained anomaly detector (IsolationForest) flags this work's amount-and-age profile as unusual against the national portfolio."
"MP3019166-W42070","MP3019166-W42070","Peer amount","amount","Recommended amount at the 97th percentile of 598 comparable works (robust z 8.1)."
"MP3019166-W42070","MP3019166-W42070","Peer duration","duration","Open for longer than 93% of comparable works still in progress."
"MP3019166-W42070","MP3019166-W42070","Statistical outlier","multivariate","A trained anomaly detector (IsolationForest) flags this work's amount-and-age profile as unusual against the national portfolio."
"MP3019166-W42070","MP3019166-W42070","Near-duplicate work","duplication","A work in the same state and archetype is 100.0% semantically similar (MP3019166-W42069). Repeated descriptions are common in this scheme, so a human should confirm these are genuinely separate works."
"MP3017476-W34848","MP3017476-W34848","Peer amount","amount","Recommended amount at the 100th percentile of 7203 comparable works (robust z 8.5)."
"MP3017476-W34848","MP3017476-W34848","Peer duration","duration","Open for longer than 95% of comparable works still in progress."
"MP3017476-W34848","MP3017476-W34848","Statistical outlier","multivariate","A trained anomaly detector (IsolationForest) flags this work's amount-and-age profile as unusual against the national portfolio."
"MP3042496-W274517","MP3042496-W274517","Peer amount","amount","Recommended amount at the 100th percentile of 4191 comparable works (robust z 68.9)."
"MP3042496-W274517","MP3042496-W274517","Behavioural change","behaviour","Implementing agency's recommendation pattern shifted year-on-year (magnitude 100%). Before/after - 2024: 171 works at a median of Rs 19,926 -> 2025: 22 works at a median of Rs 1,716,646. A change point is a lead, not a finding: a new officer or a revised guideline produces one too."
"MP3042496-W274517","MP3042496-W274517","Statistical outlier","multivariate","A trained anomaly detector (IsolationForest) flags this work's amount-and-age profile as unusual against the national portfolio."
"MP3023812-W150710","MP3023812-W150710","Peer amount","amount","Recommended amount at the 100th percentile of 1971 comparable works (robust z 29.0)."
"MP3023812-W150710","MP3023812-W150710","Behavioural change","behaviour","Implementing agency's recommendation pattern shifted year-on-year (magnitude 70%). Before/after - 2025: 108 works at a median of Rs 586,716 -> 2026: 7 works at a median of Rs 1,000,000. A change point is a lead, not a finding: a new officer or a revised guideline produces one too."
"MP3023812-W150710","MP3023812-W150710","Statistical outlier","multivariate","A trained anomaly detector (IsolationForest) flags this work's amount-and-age profile as unusual against the national portfolio."
"MP3017458-W24000","MP3017458-W24000","Peer amount","amount","Recommended amount at the 100th percentile of 53 comparable works (robust z 13.9)."
"MP3017458-W24000","MP3017458-W24000","Peer duration","duration","Open for longer than 94% of comparable works still in progress."
"MP3017458-W24000","MP3017458-W24000","Statistical outlier","multivariate","A trained anomaly detector (IsolationForest) flags this work's amount-and-age profile as unusual against the national portfolio."
"MP3017455-W167531","MP3017455-W167531","Peer amount","amount","Recommended amount at the 100th percentile of 1462 comparable works (robust z 30.0)."
"MP3017455-W167531","MP3017455-W167531","Behavioural change","behaviour","Implementing agency's recommendation pattern shifted year-on-year (magnitude 94%). Before/after - 2023: 50 works at a median of Rs 1,134,160 -> 2024: 73 works at a median of Rs 2,195,272. A change point is a lead, not a finding: a new officer or a revised guideline produces one too."
"MP3017455-W167531","MP3017455-W167531","Statistical outlier","multivariate","A trained anomaly detector (IsolationForest) flags this work's amount-and-age profile as unusual against the national portfolio."
"MP3023700-W228743","MP3023700-W228743","Peer amount","amount","Recommended amount at the 100th percentile of 79 comparable works (robust z 7.9)."
"MP3023700-W228743","MP3023700-W228743","Behavioural change","behaviour","Implementing agency's recommendation pattern shifted year-on-year (magnitude 86%). Before/after - 2024: 177 works at a median of Rs 627,534 -> 2025: 125 works at a median of Rs 1,170,000. A change point is a lead, not a finding: a new officer or a revised guideline produces one too."
"MP3023700-W228743","MP3023700-W228743","Statistical outlier","multivariate","A trained anomaly detector (IsolationForest) flags this work's amount-and-age profile as unusual against the national portfolio."
"MP3017264-W174294","MP3017264-W174294","Peer amount","amount","Recommended amount at the 99th percentile of 1552 comparable works (robust z 30.7)."
"MP3017264-W174294","MP3017264-W174294","Behavioural change","behaviour","Implementing agency's recommendation pattern shifted year-on-year (magnitude 84%). Before/after - 2023: 87 works at a median of Rs 500,000 -> 2024: 12 works at a median of Rs 918,416. A change point is a lead, not a finding: a new officer or a revised guideline produces one too."
"MP3017264-W174294","MP3017264-W174294","Statistical outlier","multivariate","A trained anomaly detector (IsolationForest) flags this work's amount-and-age profile as unusual against the national portfolio."
"MP3023700-W192647","MP3023700-W192647","Peer amount","amount","Recommended amount at the 99th percentile of 602 comparable works (robust z 9.9)."
"MP3023700-W192647","MP3023700-W192647","Behavioural change","behaviour","Implementing agency's recommendation pattern shifted year-on-year (magnitude 86%). Before/after - 2024: 177 works at a median of Rs 627,534 -> 2025: 125 works at a median of Rs 1,170,000. A change point is a lead, not a finding: a new officer or a revised guideline produces one too."
"MP3023700-W192647","MP3023700-W192647","Statistical outlier","multivariate","A trained anomaly detector (IsolationForest) flags this work's amount-and-age profile as unusual against the national portfolio."
"MP3017338-W142762","MP3017338-W142762","Peer amount","amount","Recommended amount at the 99th percentile of 113 comparable works (robust z 448.8)."
"MP3017338-W142762","MP3017338-W142762","Behavioural change","behaviour","Implementing agency's recommendation pattern shifted year-on-year (magnitude 100%). Before/after - 2023: 192 works at a median of Rs 50,000 -> 2024: 21 works at a median of Rs 780,000. A change point is a lead, not a finding: a new officer or a revised guideline produces one too."
"MP3017338-W142762","MP3017338-W142762","Statistical outlier","multivariate","A trained anomaly detector (IsolationForest) flags this work's amount-and-age profile as unusual against the national portfolio."
"MP3018396-W93481","MP3018396-W93481","Peer amount","amount","Recommended amount at the 97th percentile of 152 comparable works (robust z 2.9)."
"MP3018396-W93481","MP3018396-W93481","Behavioural change","behaviour","Implementing agency's recommendation pattern shifted year-on-year (magnitude 94%). Before/after - 2023: 50 works at a median of Rs 1,134,160 -> 2024: 73 works at a median of Rs 2,195,272. A change point is a lead, not a finding: a new officer or a revised guideline produces one too."
"MP3018396-W93481","MP3018396-W93481","Statistical outlier","multivariate","A trained anomaly detector (IsolationForest) flags this work's amount-and-age profile as unusual against the national portfolio."
"MP3017338-W147629","MP3017338-W147629","Peer amount","amount","Recommended amount at the 100th percentile of 7203 comparable works (robust z 8.7)."
"MP3017338-W147629","MP3017338-W147629","Behavioural change","behaviour","Implementing agency's recommendation pattern shifted year-on-year (magnitude 100%). Before/after - 2023: 192 works at a median of Rs 50,000 -> 2024: 21 works at a median of Rs 780,000. A change point is a lead, not a finding: a new officer or a revised guideline produces one too."
"MP3017338-W147629","MP3017338-W147629","Statistical outlier","multivariate","A trained anomaly detector (IsolationForest) flags this work's amount-and-age profile as unusual against the national portfolio."
"MP3017242-W259571","MP3017242-W259571","Peer amount","amount","Recommended amount at the 100th percentile of 120 comparable works (robust z 446.6)."
"MP3017242-W259571","MP3017242-W259571","Behavioural change","behaviour","Implementing agency's recommendation pattern shifted year-on-year (magnitude 100%). Before/after - 2025: 41 works at a median of Rs 499,000 -> 2026: 49 works at a median of Rs 3,400,000. A change point is a lead, not a finding: a new officer or a revised guideline produces one too."
"MP3017242-W259571","MP3017242-W259571","Statistical outlier","multivariate","A trained anomaly detector (IsolationForest) flags this work's amount-and-age profile as unusual against the national portfolio."
"MP3019254-W266612","MP3019254-W266612","Peer amount","amount","Recommended amount at the 97th percentile of 154 comparable works (robust z 0.0)."
"MP3019254-W266612","MP3019254-W266612","Behavioural change","behaviour","Implementing agency's recommendation pattern shifted year-on-year (magnitude 100%). Before/after - 2024: 14 works at a median of Rs 802,332 -> 2025: 22 works at a median of Rs 2,456,000. A change point is a lead, not a finding: a new officer or a revised guideline produces one too."
"MP3019254-W266612","MP3019254-W266612","Statistical outlier","multivariate","A trained anomaly detector (IsolationForest) flags this work's amount-and-age profile as unusual against the national portfolio."
"MP3017328-W218811","MP3017328-W218811","Peer amount","amount","Recommended amount at the 100th percentile of 40 comparable works (robust z 5.9)."
"MP3017328-W218811","MP3017328-W218811","Behavioural change","behaviour","Implementing agency's recommendation pattern shifted year-on-year (magnitude 100%). Before/after - 2024: 90 works at a median of Rs 500,000 -> 2025: 23 works at a median of Rs 3,754,000. A change point is a lead, not a finding: a new officer or a revised guideline produces one too."
"MP3017328-W218811","MP3017328-W218811","Statistical outlier","multivariate","A trained anomaly detector (IsolationForest) flags this work's amount-and-age profile as unusual against the national portfolio."
"MP3017338-W147610","MP3017338-W147610","Peer amount","amount","Recommended amount at the 100th percentile of 6132 comparable works (robust z 343.4)."
"MP3017338-W147610","MP3017338-W147610","Behavioural change","behaviour","Implementing agency's recommendation pattern shifted year-on-year (magnitude 100%). Before/after - 2023: 192 works at a median of Rs 50,000 -> 2024: 21 works at a median of Rs 780,000. A change point is a lead, not a finding: a new officer or a revised guideline produces one too."
"MP3017338-W147610","MP3017338-W147610","Statistical outlier","multivariate","A trained anomaly detector (IsolationForest) flags this work's amount-and-age profile as unusual against the national portfolio."
"MP3018940-W51863","MP3018940-W51863","Peer amount","amount","Recommended amount at the 100th percentile of 44 comparable works (robust z 14.9)."
"MP3018940-W51863","MP3018940-W51863","Peer duration","duration","Open for longer than 91% of comparable works still in progress."
"MP3018940-W51863","MP3018940-W51863","Behavioural change","behaviour","Implementing agency's recommendation pattern shifted year-on-year (magnitude 83%). Before/after - 2023: 6 works at a median of Rs 2,309,328 -> 2024: 124 works at a median of Rs 400,000. A change point is a lead, not a finding: a new officer or a revised guideline produces one too."
"MP3018940-W51863","MP3018940-W51863","Statistical outlier","multivariate","A trained anomaly detector (IsolationForest) flags this work's amount-and-age profile as unusual against the national portfolio."
"MP3017324-W244462","MP3017324-W244462","Peer amount","amount","Recommended amount at the 100th percentile of 7203 comparable works (robust z 8.0)."
"MP3017324-W244462","MP3017324-W244462","Behavioural change","behaviour","Implementing agency's recommendation pattern shifted year-on-year (magnitude 100%). Before/after - 2024: 262 works at a median of Rs 287,000 -> 2025: 69 works at a median of Rs 1,180,000. A change point is a lead, not a finding: a new officer or a revised guideline produces one too."
"MP3017324-W244462","MP3017324-W244462","Statistical outlier","multivariate","A trained anomaly detector (IsolationForest) flags this work's amount-and-age profile as unusual against the national portfolio."
"MP3044251-W155524","MP3044251-W155524","Peer amount","amount","Recommended amount at the 100th percentile of 675 comparable works (robust z 23.9)."
"MP3044251-W155524","MP3044251-W155524","Behavioural change","behaviour","Implementing agency's recommendation pattern shifted year-on-year (magnitude 100%). Before/after - 2024: 12 works at a median of Rs 600,000 -> 2025: 9 works at a median of Rs 3,500,000. A change point is a lead, not a finding: a new officer or a revised guideline produces one too."
"MP3044251-W155524","MP3044251-W155524","Statistical outlier","multivariate","A trained anomaly detector (IsolationForest) flags this work's amount-and-age profile as unusual against the national portfolio."
"MP3042566-W155197","MP3042566-W155197","Peer amount","amount","Recommended amount at the 100th percentile of 1855 comparable works (robust z 6294.4)."
"MP3042566-W155197","MP3042566-W155197","Behavioural change","behaviour","Implementing agency's recommendation pattern shifted year-on-year (magnitude 100%). Before/after - 2023: 23 works at a median of Rs 300,000 -> 2024: 26 works at a median of Rs 1,675,000. A change point is a lead, not a finding: a new officer or a revised guideline produces one too."
"MP3042566-W155197","MP3042566-W155197","Statistical outlier","multivariate","A trained anomaly detector (IsolationForest) flags this work's amount-and-age profile as unusual against the national portfolio."
"MP3017485-W141110","MP3017485-W141110","Peer amount","amount","Recommended amount at the 100th percentile of 401 comparable works (robust z 14.4)."
"MP3017485-W141110","MP3017485-W141110","Behavioural change","behaviour","Implementing agency's recommendation pattern shifted year-on-year (magnitude 100%). Before/after - 2025: 156 works at a median of Rs 500,000 -> 2026: 29 works at a median of Rs 1,100,000. A change point is a lead, not a finding: a new officer or a revised guideline produces one too."
"MP3017485-W141110","MP3017485-W141110","Statistical outlier","multivariate","A trained anomaly detector (IsolationForest) flags this work's amount-and-age profile as unusual against the national portfolio."
"MP3019221-W27287","MP3019221-W27287","Peer amount","amount","Recommended amount at the 100th percentile of 308 comparable works (robust z 6.7)."
"MP3019221-W27287","MP3019221-W27287","Behavioural change","behaviour","Implementing agency's recommendation pattern shifted year-on-year (magnitude 52%). Before/after - 2025: 135 works at a median of Rs 448,000 -> 2026: 224 works at a median of Rs 216,000. A change point is a lead, not a finding: a new officer or a revised guideline produces one too."
"MP3019221-W27287","MP3019221-W27287","Statistical outlier","multivariate","A trained anomaly detector (IsolationForest) flags this work's amount-and-age profile as unusual against the national portfolio."
"MP3042485-W221826","MP3042485-W221826","Peer amount","amount","Recommended amount at the 100th percentile of 16171 comparable works (robust z 7.9)."
"MP3042485-W221826","MP3042485-W221826","Behavioural change","behaviour","Implementing agency's recommendation pattern shifted year-on-year (magnitude 100%). Before/after - 2023: 109 works at a median of Rs 205,000 -> 2024: 39 works at a median of Rs 942,500. A change point is a lead, not a finding: a new officer or a revised guideline produces one too."
"MP3042485-W221826","MP3042485-W221826","Statistical outlier","multivariate","A trained anomaly detector (IsolationForest) flags this work's amount-and-age profile as unusual against the national portfolio."
"MP3017389-W222829","MP3017389-W222829","Peer amount","amount","Recommended amount at the 95th percentile of 45 comparable works (robust z 4.0)."
"MP3017389-W222829","MP3017389-W222829","Behavioural change","behaviour","Implementing agency's recommendation pattern shifted year-on-year (magnitude 100%). Before/after - 2023: 262 works at a median of Rs 249,853 -> 2024: 108 works at a median of Rs 499,448. A change point is a lead, not a finding: a new officer or a revised guideline produces one too."
"MP3017389-W222829","MP3017389-W222829","Statistical outlier","multivariate","A trained anomaly detector (IsolationForest) flags this work's amount-and-age profile as unusual against the national portfolio."
"MP3017305-W70361","MP3017305-W70361","Peer amount","amount","Recommended amount at the 99th percentile of 1462 comparable works (robust z 19.5)."
"MP3017305-W70361","MP3017305-W70361","Peer duration","duration","Open for longer than 95% of comparable works still in progress."
"MP3017305-W70361","MP3017305-W70361","Behavioural change","behaviour","Implementing agency's recommendation pattern shifted year-on-year (magnitude 94%). Before/after - 2023: 50 works at a median of Rs 1,134,160 -> 2024: 73 works at a median of Rs 2,195,272. A change point is a lead, not a finding: a new officer or a revised guideline produces one too."
"MP3017305-W70361","MP3017305-W70361","Statistical outlier","multivariate","A trained anomaly detector (IsolationForest) flags this work's amount-and-age profile as unusual against the national portfolio."
"MP3019160-W51008","MP3019160-W51008","Peer amount","amount","Recommended amount at the 93th percentile of 598 comparable works (robust z 7.1)."
"MP3019160-W51008","MP3019160-W51008","Peer duration","duration","Open for longer than 91% of comparable works still in progress."
"MP3019160-W51008","MP3019160-W51008","Behavioural change","behaviour","Implementing agency's recommendation pattern shifted year-on-year (magnitude 100%). Before/after - 2024: 58 works at a median of Rs 399,063 -> 2025: 74 works at a median of Rs 1,000,000. A change point is a lead, not a finding: a new officer or a revised guideline produces one too."
"MP3019160-W51008","MP3019160-W51008","Statistical outlier","multivariate","A trained anomaly detector (IsolationForest) flags this work's amount-and-age profile as unusual against the national portfolio."
"MP3042546-W156804","MP3042546-W156804","Peer amount","amount","Recommended amount at the 100th percentile of 66 comparable works (robust z 7.1)."
"MP3042546-W156804","MP3042546-W156804","Behavioural change","behaviour","Implementing agency's recommendation pattern shifted year-on-year (magnitude 100%). Before/after - 2025: 230 works at a median of Rs 349,867 -> 2026: 36 works at a median of Rs 2,750,000. A change point is a lead, not a finding: a new officer or a revised guideline produces one too."
"MP3042546-W156804","MP3042546-W156804","Statistical outlier","multivariate","A trained anomaly detector (IsolationForest) flags this work's amount-and-age profile as unusual against the national portfolio."
"MP3043284-W204089","MP3043284-W204089","Peer amount","amount","Recommended amount at the 98th percentile of 4407 comparable works (robust z 12.5)."
"MP3043284-W204089","MP3043284-W204089","Behavioural change","behaviour","Implementing agency's recommendation pattern shifted year-on-year (magnitude 100%). Before/after - 2025: 47 works at a median of Rs 200,000 -> 2026: 12 works at a median of Rs 500,000. A change point is a lead, not a finding: a new officer or a revised guideline produces one too."
"MP3043284-W204089","MP3043284-W204089","Statistical outlier","multivariate","A trained anomaly detector (IsolationForest) flags this work's amount-and-age profile as unusual against the national portfolio."
"MP3017342-W162586","MP3017342-W162586","Peer amount","amount","Recommended amount at the 100th percentile of 7203 comparable works (robust z 8.1)."
"MP3017342-W162586","MP3017342-W162586","Behavioural change","behaviour","Implementing agency's recommendation pattern shifted year-on-year (magnitude 92%). Before/after - 2023: 23 works at a median of Rs 1,552,000 -> 2024: 206 works at a median of Rs 118,971. A change point is a lead, not a finding: a new officer or a revised guideline produces one too."
"MP3017342-W162586","MP3017342-W162586","Statistical outlier","multivariate","A trained anomaly detector (IsolationForest) flags this work's amount-and-age profile as unusual against the national portfolio."
"MP3017342-W162587","MP3017342-W162587","Peer amount","amount","Recommended amount at the 100th percentile of 7203 comparable works (robust z 8.1)."
"MP3017342-W162587","MP3017342-W162587","Behavioural change","behaviour","Implementing agency's recommendation pattern shifted year-on-year (magnitude 92%). Before/after - 2023: 23 works at a median of Rs 1,552,000 -> 2024: 206 works at a median of Rs 118,971. A change point is a lead, not a finding: a new officer or a revised guideline produces one too."
"MP3017342-W162587","MP3017342-W162587","Statistical outlier","multivariate","A trained anomaly detector (IsolationForest) flags this work's amount-and-age profile as unusual against the national portfolio."
"MP3042558-W144148","MP3042558-W144148","Peer amount","amount","Recommended amount at the 98th percentile of 43 comparable works (robust z 7.7)."
"MP3042558-W144148","MP3042558-W144148","Behavioural change","behaviour","Implementing agency's recommendation pattern shifted year-on-year (magnitude 60%). Before/after - 2024: 63 works at a median of Rs 100,000 -> 2025: 478 works at a median of Rs 160,000. A change point is a lead, not a finding: a new officer or a revised guideline produces one too."
"MP3042558-W144148","MP3042558-W144148","Statistical outlier","multivariate","A trained anomaly detector (IsolationForest) flags this work's amount-and-age profile as unusual against the national portfolio."
"MP3017242-W259562","MP3017242-W259562","Peer amount","amount","Recommended amount at the 99th percentile of 120 comparable works (robust z 424.3)."
"MP3017242-W259562","MP3017242-W259562","Behavioural change","behaviour","Implementing agency's recommendation pattern shifted year-on-year (magnitude 100%). Before/after - 2025: 41 works at a median of Rs 499,000 -> 2026: 49 works at a median of Rs 3,400,000. A change point is a lead, not a finding: a new officer or a revised guideline produces one too."
"MP3017242-W259562","MP3017242-W259562","Statistical outlier","multivariate","A trained anomaly detector (IsolationForest) flags this work's amount-and-age profile as unusual against the national portfolio."
"MP3017368-W239492","MP3017368-W239492","Peer amount","amount","Recommended amount at the 100th percentile of 463 comparable works (robust z 32.0)."
"MP3017368-W239492","MP3017368-W239492","Behavioural change","behaviour","Implementing agency's recommendation pattern shifted year-on-year (magnitude 67%). Before/after - 2024: 89 works at a median of Rs 300,000 -> 2025: 99 works at a median of Rs 500,000. A change point is a lead, not a finding: a new officer or a revised guideline produces one too."
"MP3017368-W239492","MP3017368-W239492","Statistical outlier","multivariate","A trained anomaly detector (IsolationForest) flags this work's amount-and-age profile as unusual against the national portfolio."
"MP3018396-W93498","MP3018396-W93498","Peer amount","amount","Recommended amount at the 100th percentile of 679 comparable works (robust z 14.2)."
"MP3018396-W93498","MP3018396-W93498","Behavioural change","behaviour","Implementing agency's recommendation pattern shifted year-on-year (magnitude 94%). Before/after - 2023: 50 works at a median of Rs 1,134,160 -> 2024: 73 works at a median of Rs 2,195,272. A change point is a lead, not a finding: a new officer or a revised guideline produces one too."
"MP3018396-W93498","MP3018396-W93498","Statistical outlier","multivariate","A trained anomaly detector (IsolationForest) flags this work's amount-and-age profile as unusual against the national portfolio."
"MP3018373-W96613","MP3018373-W96613","Peer amount","amount","Recommended amount at the 100th percentile of 32 comparable works (robust z 130.0)."
"MP3018373-W96613","MP3018373-W96613","Behavioural change","behaviour","Implementing agency's recommendation pattern shifted year-on-year (magnitude 97%). Before/after - 2024: 7 works at a median of Rs 6,000,000 -> 2025: 278 works at a median of Rs 150,000. A change point is a lead, not a finding: a new officer or a revised guideline produces one too."
"MP3018373-W96613","MP3018373-W96613","Statistical outlier","multivariate","A trained anomaly detector (IsolationForest) flags this work's amount-and-age profile as unusual against the national portfolio."
"MP3043488-W211195","MP3043488-W211195","Peer amount","amount","Recommended amount at the 100th percentile of 38 comparable works (robust z 7.9)."
"MP3043488-W211195","MP3043488-W211195","Behavioural change","behaviour","Implementing agency's recommendation pattern shifted year-on-year (magnitude 97%). Before/after - 2025: 56 works at a median of Rs 700,000 -> 2026: 23 works at a median of Rs 20,000. A change point is a lead, not a finding: a new officer or a revised guideline produces one too."
"MP3043488-W211195","MP3043488-W211195","Statistical outlier","multivariate","A trained anomaly detector (IsolationForest) flags this work's amount-and-age profile as unusual against the national portfolio."
"MP3019016-W101111","MP3019016-W101111","Peer amount","amount","Recommended amount at the 100th percentile of 35 comparable works (robust z 22.1)."
"MP3019016-W101111","MP3019016-W101111","Peer duration","duration","Open for longer than 97% of comparable works still in progress."
"MP3019016-W101111","MP3019016-W101111","Statistical outlier","multivariate","A trained anomaly detector (IsolationForest) flags this work's amount-and-age profile as unusual against the national portfolio."
"MP3018936-W241839","MP3018936-W241839","Peer amount","amount","Recommended amount at the 96th percentile of 568 comparable works (robust z 5.4)."
"MP3018936-W241839","MP3018936-W241839","Peer duration","duration","Open for longer than 93% of comparable works still in progress."
"MP3018936-W241839","MP3018936-W241839","Behavioural change","behaviour","Implementing agency's recommendation pattern shifted year-on-year (magnitude 100%). Before/after - 2024: 31 works at a median of Rs 117,098 -> 2025: 25 works at a median of Rs 599,562. A change point is a lead, not a finding: a new officer or a revised guideline produces one too."
"MP3018936-W241839","MP3018936-W241839","Statistical outlier","multivariate","A trained anomaly detector (IsolationForest) flags this work's amount-and-age profile as unusual against the national portfolio."
"MP3042546-W208639","MP3042546-W208639","Peer amount","amount","Recommended amount at the 98th percentile of 66 comparable works (robust z 6.9)."
"MP3042546-W208639","MP3042546-W208639","Behavioural change","behaviour","Implementing agency's recommendation pattern shifted year-on-year (magnitude 100%). Before/after - 2025: 230 works at a median of Rs 349,867 -> 2026: 36 works at a median of Rs 2,750,000. A change point is a lead, not a finding: a new officer or a revised guideline produces one too."
"MP3042546-W208639","MP3042546-W208639","Statistical outlier","multivariate","A trained anomaly detector (IsolationForest) flags this work's amount-and-age profile as unusual against the national portfolio."
"MP3019000-W12085","MP3019000-W12085","Peer amount","amount","Recommended amount at the 100th percentile of 148 comparable works (robust z 62.1)."
"MP3019000-W12085","MP3019000-W12085","Peer duration","duration","Open for longer than 100% of comparable works still in progress."
"MP3019000-W12085","MP3019000-W12085","Behavioural change","behaviour","Implementing agency's recommendation pattern shifted year-on-year (magnitude 60%). Before/after - 2024: 63 works at a median of Rs 100,000 -> 2025: 478 works at a median of Rs 160,000. A change point is a lead, not a finding: a new officer or a revised guideline produces one too."
"MP3019000-W12085","MP3019000-W12085","Statistical outlier","multivariate","A trained anomaly detector (IsolationForest) flags this work's amount-and-age profile as unusual against the national portfolio."
"MP3017323-W207135","MP3017323-W207135","Peer amount","amount","Recommended amount at the 100th percentile of 4191 comparable works (robust z 55.9)."
"MP3017323-W207135","MP3017323-W207135","Peer duration","duration","Open for longer than 93% of comparable works still in progress."
"MP3017323-W207135","MP3017323-W207135","Behavioural change","behaviour","Implementing agency's recommendation pattern shifted year-on-year (magnitude 100%). Before/after - 2024: 47 works at a median of Rs 300,000 -> 2025: 62 works at a median of Rs 977,500. A change point is a lead, not a finding: a new officer or a revised guideline produces one too."
"MP3017323-W207135","MP3017323-W207135","Statistical outlier","multivariate","A trained anomaly detector (IsolationForest) flags this work's amount-and-age profile as unusual against the national portfolio."
"MP3043221-W274864","MP3043221-W274864","Peer amount","amount","Recommended amount at the 97th percentile of 156 comparable works (robust z 16089.7)."
"MP3043221-W274864","MP3043221-W274864","Behavioural change","behaviour","Implementing agency's recommendation pattern shifted year-on-year (magnitude 59%). Before/after - 2025: 113 works at a median of Rs 400,000 -> 2026: 20 works at a median of Rs 636,000. A change point is a lead, not a finding: a new officer or a revised guideline produces one too."
"MP3043221-W274864","MP3043221-W274864","Statistical outlier","multivariate","A trained anomaly detector (IsolationForest) flags this work's amount-and-age profile as unusual against the national portfolio."
"MP3018989-W131815","MP3018989-W131815","Peer amount","amount","Recommended amount at the 96th percentile of 3581 comparable works (robust z 6.8)."
"MP3018989-W131815","MP3018989-W131815","Behavioural change","behaviour","Implementing agency's recommendation pattern shifted year-on-year (magnitude 100%). Before/after - 2025: 66 works at a median of Rs 860,971 -> 2026: 13 works at a median of Rs 1,917,200. A change point is a lead, not a finding: a new officer or a revised guideline produces one too."
"MP3018989-W131815","MP3018989-W131815","Statistical outlier","multivariate","A trained anomaly detector (IsolationForest) flags this work's amount-and-age profile as unusual against the national portfolio."
"MP3042535-W145107","MP3042535-W145107","Peer amount","amount","Recommended amount at the 100th percentile of 1827 comparable works (robust z 26.9)."
"MP3042535-W145107","MP3042535-W145107","Behavioural change","behaviour","Implementing agency's recommendation pattern shifted year-on-year (magnitude 69%). Before/after - 2025: 86 works at a median of Rs 983,000 -> 2026: 43 works at a median of Rs 300,000. A change point is a lead, not a finding: a new officer or a revised guideline produces one too."
"MP3042535-W145107","MP3042535-W145107","Statistical outlier","multivariate","A trained anomaly detector (IsolationForest) flags this work's amount-and-age profile as unusual against the national portfolio."
"MP3017242-W259533","MP3017242-W259533","Peer amount","amount","Recommended amount at the 98th percentile of 120 comparable works (robust z 415.4)."
"MP3017242-W259533","MP3017242-W259533","Behavioural change","behaviour","Implementing agency's recommendation pattern shifted year-on-year (magnitude 100%). Before/after - 2025: 41 works at a median of Rs 499,000 -> 2026: 49 works at a median of Rs 3,400,000. A change point is a lead, not a finding: a new officer or a revised guideline produces one too."
"MP3017242-W259533","MP3017242-W259533","Statistical outlier","multivariate","A trained anomaly detector (IsolationForest) flags this work's amount-and-age profile as unusual against the national portfolio."
"MP3017242-W259534","MP3017242-W259534","Peer amount","amount","Recommended amount at the 98th percentile of 120 comparable works (robust z 415.4)."
"MP3017242-W259534","MP3017242-W259534","Behavioural change","behaviour","Implementing agency's recommendation pattern shifted year-on-year (magnitude 100%). Before/after - 2025: 41 works at a median of Rs 499,000 -> 2026: 49 works at a median of Rs 3,400,000. A change point is a lead, not a finding: a new officer or a revised guideline produces one too."
"MP3017242-W259534","MP3017242-W259534","Statistical outlier","multivariate","A trained anomaly detector (IsolationForest) flags this work's amount-and-age profile as unusual against the national portfolio."
"MP3017208-W274786","MP3017208-W274786","Peer amount","amount","Recommended amount at the 99th percentile of 379 comparable works (robust z 25.4)."
"MP3017208-W274786","MP3017208-W274786","Behavioural change","behaviour","Implementing agency's recommendation pattern shifted year-on-year (magnitude 82%). Before/after - 2024: 61 works at a median of Rs 610,839 -> 2025: 105 works at a median of Rs 1,109,900. A change point is a lead, not a finding: a new officer or a revised guideline produces one too."
"MP3017208-W274786","MP3017208-W274786","Statistical outlier","multivariate","A trained anomaly detector (IsolationForest) flags this work's amount-and-age profile as unusual against the national portfolio."
"MP3018941-W198737","MP3018941-W198737","Peer amount","amount","Recommended amount at the 100th percentile of 81 comparable works (robust z 8.1)."
"MP3018941-W198737","MP3018941-W198737","Behavioural change","behaviour","Implementing agency's recommendation pattern shifted year-on-year (magnitude 60%). Before/after - 2024: 134 works at a median of Rs 500,000 -> 2025: 171 works at a median of Rs 200,000. A change point is a lead, not a finding: a new officer or a revised guideline produces one too."
"MP3018941-W198737","MP3018941-W198737","Statistical outlier","multivariate","A trained anomaly detector (IsolationForest) flags this work's amount-and-age profile as unusual against the national portfolio."
"MP3017191-W5064","MP3017191-W5064","Peer amount","amount","Recommended amount at the 96th percentile of 568 comparable works (robust z 5.4)."
"MP3017191-W5064","MP3017191-W5064","Peer duration","duration","Open for longer than 99% of comparable works still in progress."
"MP3017191-W5064","MP3017191-W5064","Behavioural change","behaviour","Implementing agency's recommendation pattern shifted year-on-year (magnitude 73%). Before/after - 2024: 30 works at a median of Rs 497,850 -> 2025: 28 works at a median of Rs 859,221. A change point is a lead, not a finding: a new officer or a revised guideline produces one too."
"MP3017191-W5064","MP3017191-W5064","Statistical outlier","multivariate","A trained anomaly detector (IsolationForest) flags this work's amount-and-age profile as unusual against the national portfolio."
"MP3017338-W282889","MP3017338-W282889","Peer amount","amount","Recommended amount at the 100th percentile of 4191 comparable works (robust z 76.3)."
"MP3017338-W282889","MP3017338-W282889","Behavioural change","behaviour","Implementing agency's recommendation pattern shifted year-on-year (magnitude 100%). Before/after - 2023: 192 works at a median of Rs 50,000 -> 2024: 21 works at a median of Rs 780,000. A change point is a lead, not a finding: a new officer or a revised guideline produces one too."
"MP3017338-W282889","MP3017338-W282889","Statistical outlier","multivariate","A trained anomaly detector (IsolationForest) flags this work's amount-and-age profile as unusual against the national portfolio."
"MP3018342-W72670","MP3018342-W72670","Peer amount","amount","Recommended amount at the 96th percentile of 81 comparable works (robust z 5.4)."
"MP3018342-W72670","MP3018342-W72670","Peer duration","duration","Open for longer than 95% of comparable works still in progress."
"MP3018342-W72670","MP3018342-W72670","Behavioural change","behaviour","Implementing agency's recommendation pattern shifted year-on-year (magnitude 73%). Before/after - 2024: 30 works at a median of Rs 497,850 -> 2025: 28 works at a median of Rs 859,221. A change point is a lead, not a finding: a new officer or a revised guideline produces one too."
"MP3018342-W72670","MP3018342-W72670","Statistical outlier","multivariate","A trained anomaly detector (IsolationForest) flags this work's amount-and-age profile as unusual against the national portfolio."
"MP3018349-W75220","MP3018349-W75220","Peer amount","amount","Recommended amount at the 100th percentile of 1139 comparable works (robust z 34.2)."
"MP3018349-W75220","MP3018349-W75220","Behavioural change","behaviour","Implementing agency's recommendation pattern shifted year-on-year (magnitude 65%). Before/after - 2025: 58 works at a median of Rs 1,000,000 -> 2026: 10 works at a median of Rs 350,000. A change point is a lead, not a finding: a new officer or a revised guideline produces one too."
"MP3018349-W75220","MP3018349-W75220","Statistical outlier","multivariate","A trained anomaly detector (IsolationForest) flags this work's amount-and-age profile as unusual against the national portfolio."
"MP3017412-W136720","MP3017412-W136720","Peer amount","amount","Recommended amount at the 96th percentile of 47 comparable works (robust z 4.1)."
"MP3017412-W136720","MP3017412-W136720","Behavioural change","behaviour","Implementing agency's recommendation pattern shifted year-on-year (magnitude 100%). Before/after - 2025: 250 works at a median of Rs 340,000 -> 2026: 30 works at a median of Rs 750,000. A change point is a lead, not a finding: a new officer or a revised guideline produces one too."
"MP3017412-W136720","MP3017412-W136720","Statistical outlier","multivariate","A trained anomaly detector (IsolationForest) flags this work's amount-and-age profile as unusual against the national portfolio."
"MP3042517-W250209","MP3042517-W250209","Peer amount","amount","Recommended amount at the 100th percentile of 6132 comparable works (robust z 310.2)."
"MP3042517-W250209","MP3042517-W250209","Behavioural change","behaviour","Implementing agency's recommendation pattern shifted year-on-year (magnitude 100%). Before/after - 2025: 1400 works at a median of Rs 20,900 -> 2026: 57 works at a median of Rs 750,000. A change point is a lead, not a finding: a new officer or a revised guideline produces one too."
"MP3042517-W250209","MP3042517-W250209","Statistical outlier","multivariate","A trained anomaly detector (IsolationForest) flags this work's amount-and-age profile as unusual against the national portfolio."
"MP3017417-W194213","MP3017417-W194213","Peer amount","amount","Recommended amount at the 98th percentile of 628 comparable works (robust z 11.0)."
"MP3017417-W194213","MP3017417-W194213","Behavioural change","behaviour","Implementing agency's recommendation pattern shifted year-on-year (magnitude 100%). Before/after - 2025: 235 works at a median of Rs 249,000 -> 2026: 20 works at a median of Rs 530,000. A change point is a lead, not a finding: a new officer or a revised guideline produces one too."
"MP3017417-W194213","MP3017417-W194213","Statistical outlier","multivariate","A trained anomaly detector (IsolationForest) flags this work's amount-and-age profile as unusual against the national portfolio."
"MP3042571-W262440","MP3042571-W262440","Peer amount","amount","Recommended amount at the 100th percentile of 1971 comparable works (robust z 33.8)."
"MP3042571-W262440","MP3042571-W262440","Behavioural change","behaviour","Implementing agency's recommendation pattern shifted year-on-year (magnitude 60%). Before/after - 2025: 26 works at a median of Rs 1,224,954 -> 2026: 22 works at a median of Rs 1,955,284. A change point is a lead, not a finding: a new officer or a revised guideline produces one too."
"MP3042571-W262440","MP3042571-W262440","Statistical outlier","multivariate","A trained anomaly detector (IsolationForest) flags this work's amount-and-age profile as unusual against the national portfolio."
"MP3019529-W81345","MP3019529-W81345","Peer amount","amount","Recommended amount at the 100th percentile of 157 comparable works (robust z 0.0)."
"MP3019529-W81345","MP3019529-W81345","Peer duration","duration","Open for longer than 97% of comparable works still in progress."
"MP3019529-W81345","MP3019529-W81345","Behavioural change","behaviour","Implementing agency's recommendation pattern shifted year-on-year (magnitude 80%). Before/after - 2025: 269 works at a median of Rs 500,000 -> 2026: 78 works at a median of Rs 900,000. A change point is a lead, not a finding: a new officer or a revised guideline produces one too."
"MP3019529-W81345","MP3019529-W81345","Statistical outlier","multivariate","A trained anomaly detector (IsolationForest) flags this work's amount-and-age profile as unusual against the national portfolio."
"MP3019300-W74635","MP3019300-W74635","Peer amount","amount","Recommended amount at the 100th percentile of 1971 comparable works (robust z 29.9)."
"MP3019300-W74635","MP3019300-W74635","Behavioural change","behaviour","Implementing agency's recommendation pattern shifted year-on-year (magnitude 100%). Before/after - 2025: 409 works at a median of Rs 166,376 -> 2026: 48 works at a median of Rs 842,500. A change point is a lead, not a finding: a new officer or a revised guideline produces one too."
"MP3019300-W74635","MP3019300-W74635","Statistical outlier","multivariate","A trained anomaly detector (IsolationForest) flags this work's amount-and-age profile as unusual against the national portfolio."
"MP3017465-W21585","MP3017465-W21585","Peer amount","amount","Recommended amount at the 99th percentile of 93 comparable works (robust z 9.6)."
"MP3017465-W21585","MP3017465-W21585","Peer duration","duration","Open for longer than 99% of comparable works still in progress."
"MP3017465-W21585","MP3017465-W21585","Behavioural change","behaviour","Implementing agency's recommendation pattern shifted year-on-year (magnitude 51%). Before/after - 2024: 155 works at a median of Rs 652,950 -> 2025: 118 works at a median of Rs 986,636. A change point is a lead, not a finding: a new officer or a revised guideline produces one too."
"MP3017465-W21585","MP3017465-W21585","Statistical outlier","multivariate","A trained anomaly detector (IsolationForest) flags this work's amount-and-age profile as unusual against the national portfolio."
"MP3018400-W10265","MP3018400-W10265","Peer amount","amount","Recommended amount at the 98th percentile of 1552 comparable works (robust z 21.0)."
"MP3018400-W10265","MP3018400-W10265","Peer duration","duration","Open for longer than 96% of comparable works still in progress."
"MP3018400-W10265","MP3018400-W10265","Statistical outlier","multivariate","A trained anomaly detector (IsolationForest) flags this work's amount-and-age profile as unusual against the national portfolio."
"MP3018376-W169448","MP3018376-W169448","Peer amount","amount","Recommended amount at the 97th percentile of 2415 comparable works (robust z 7.2)."
"MP3018376-W169448","MP3018376-W169448","Peer duration","duration","Open for longer than 100% of comparable works still in progress."
"MP3018376-W169448","MP3018376-W169448","Behavioural change","behaviour","Implementing agency's recommendation pattern shifted year-on-year (magnitude 60%). Before/after - 2025: 101 works at a median of Rs 500,000 -> 2026: 41 works at a median of Rs 800,000. A change point is a lead, not a finding: a new officer or a revised guideline produces one too."
"MP3018376-W169448","MP3018376-W169448","Statistical outlier","multivariate","A trained anomaly detector (IsolationForest) flags this work's amount-and-age profile as unusual against the national portfolio."
"MP3018956-W101873","MP3018956-W101873","Peer amount","amount","Recommended amount at the 100th percentile of 192 comparable works (robust z 21.9)."
"MP3018956-W101873","MP3018956-W101873","Behavioural change","behaviour","Implementing agency's recommendation pattern shifted year-on-year (magnitude 100%). Before/after - 2024: 15 works at a median of Rs 500,000 -> 2025: 13 works at a median of Rs 1,500,000. A change point is a lead, not a finding: a new officer or a revised guideline produces one too."
"MP3018956-W101873","MP3018956-W101873","Statistical outlier","multivariate","A trained anomaly detector (IsolationForest) flags this work's amount-and-age profile as unusual against the national portfolio."
"MP3017328-W141236","MP3017328-W141236","Peer amount","amount","Recommended amount at the 97th percentile of 88 comparable works (robust z 4.0)."
"MP3017328-W141236","MP3017328-W141236","Behavioural change","behaviour","Implementing agency's recommendation pattern shifted year-on-year (magnitude 100%). Before/after - 2024: 90 works at a median of Rs 500,000 -> 2025: 23 works at a median of Rs 3,754,000. A change point is a lead, not a finding: a new officer or a revised guideline produces one too."
"MP3017328-W141236","MP3017328-W141236","Statistical outlier","multivariate","A trained anomaly detector (IsolationForest) flags this work's amount-and-age profile as unusual against the national portfolio."
"MP3017414-W111717","MP3017414-W111717","Peer amount","amount","Recommended amount at the 100th percentile of 1516 comparable works (robust z 14.5)."
"MP3017414-W111717","MP3017414-W111717","Peer duration","duration","Open for longer than 97% of comparable works still in progress."
"MP3017414-W111717","MP3017414-W111717","Statistical outlier","multivariate","A trained anomaly detector (IsolationForest) flags this work's amount-and-age profile as unusual against the national portfolio."
"MP3017330-W250932","MP3017330-W250932","Peer amount","amount","Recommended amount at the 100th percentile of 4191 comparable works (robust z 76.3)."
"MP3017330-W250932","MP3017330-W250932","Behavioural change","behaviour","Implementing agency's recommendation pattern shifted year-on-year (magnitude 51%). Before/after - 2024: 155 works at a median of Rs 652,950 -> 2025: 118 works at a median of Rs 986,636. A change point is a lead, not a finding: a new officer or a revised guideline produces one too."
"MP3017330-W250932","MP3017330-W250932","Statistical outlier","multivariate","A trained anomaly detector (IsolationForest) flags this work's amount-and-age profile as unusual against the national portfolio."
"MP3019436-W17845","MP3019436-W17845","Peer amount","amount","Recommended amount at the 98th percentile of 25467 comparable works (robust z 12.1)."
"MP3019436-W17845","MP3019436-W17845","Peer duration","duration","Open for longer than 99% of comparable works still in progress."
"MP3019436-W17845","MP3019436-W17845","Behavioural change","behaviour","Implementing agency's recommendation pattern shifted year-on-year (magnitude 100%). Before/after - 2023: 36 works at a median of Rs 927,890 -> 2024: 5 works at a median of Rs 2,511,808. A change point is a lead, not a finding: a new officer or a revised guideline produces one too."
"MP3019436-W17845","MP3019436-W17845","Statistical outlier","multivariate","A trained anomaly detector (IsolationForest) flags this work's amount-and-age profile as unusual against the national portfolio."
"MP3042491-W281155","MP3042491-W281155","Peer amount","amount","Recommended amount at the 100th percentile of 4191 comparable works (robust z 51.4)."
"MP3042491-W281155","MP3042491-W281155","Behavioural change","behaviour","Implementing agency's recommendation pattern shifted year-on-year (magnitude 100%). Before/after - 2024: 256 works at a median of Rs 169,600 -> 2025: 28 works at a median of Rs 941,994. A change point is a lead, not a finding: a new officer or a revised guideline produces one too."
"MP3042491-W281155","MP3042491-W281155","Statistical outlier","multivariate","A trained anomaly detector (IsolationForest) flags this work's amount-and-age profile as unusual against the national portfolio."
"MP3042276-W274686","MP3042276-W274686","Peer amount","amount","Recommended amount at the 100th percentile of 165 comparable works (robust z 13.5)."
"MP3042276-W274686","MP3042276-W274686","Behavioural change","behaviour","Implementing agency's recommendation pattern shifted year-on-year (magnitude 86%). Before/after - 2023: 12 works at a median of Rs 1,854,022 -> 2024: 5 works at a median of Rs 268,509. A change point is a lead, not a finding: a new officer or a revised guideline produces one too."
"MP3042276-W274686","MP3042276-W274686","Statistical outlier","multivariate","A trained anomaly detector (IsolationForest) flags this work's amount-and-age profile as unusual against the national portfolio."
"MP3019240-W110486","MP3019240-W110486","Peer amount","amount","Recommended amount at the 100th percentile of 6396 comparable works (robust z 64.0)."
"MP3019240-W110486","MP3019240-W110486","Behavioural change","behaviour","Implementing agency's recommendation pattern shifted year-on-year (magnitude 100%). Before/after - 2023: 262 works at a median of Rs 249,853 -> 2024: 108 works at a median of Rs 499,448. A change point is a lead, not a finding: a new officer or a revised guideline produces one too."
"MP3019240-W110486","MP3019240-W110486","Statistical outlier","multivariate","A trained anomaly detector (IsolationForest) flags this work's amount-and-age profile as unusual against the national portfolio."
"MP3023700-W251380","MP3023700-W251380","Peer amount","amount","Recommended amount at the 100th percentile of 7203 comparable works (robust z 7.3)."
"MP3023700-W251380","MP3023700-W251380","Behavioural change","behaviour","Implementing agency's recommendation pattern shifted year-on-year (magnitude 86%). Before/after - 2024: 177 works at a median of Rs 627,534 -> 2025: 125 works at a median of Rs 1,170,000. A change point is a lead, not a finding: a new officer or a revised guideline produces one too."
"MP3023700-W251380","MP3023700-W251380","Statistical outlier","multivariate","A trained anomaly detector (IsolationForest) flags this work's amount-and-age profile as unusual against the national portfolio."
"MP3019240-W110961","MP3019240-W110961","Peer amount","amount","Recommended amount at the 100th percentile of 6396 comparable works (robust z 64.0)."
"MP3019240-W110961","MP3019240-W110961","Behavioural change","behaviour","Implementing agency's recommendation pattern shifted year-on-year (magnitude 100%). Before/after - 2023: 262 works at a median of Rs 249,853 -> 2024: 108 works at a median of Rs 499,448. A change point is a lead, not a finding: a new officer or a revised guideline produces one too."
"MP3019240-W110961","MP3019240-W110961","Statistical outlier","multivariate","A trained anomaly detector (IsolationForest) flags this work's amount-and-age profile as unusual against the national portfolio."
"MP3045896-W269245","MP3045896-W269245","Peer amount","amount","Recommended amount at the 98th percentile of 61 comparable works (robust z 10.0)."
"MP3045896-W269245","MP3045896-W269245","Behavioural change","behaviour","Implementing agency's recommendation pattern shifted year-on-year (magnitude 75%). Before/after - 2024: 9 works at a median of Rs 1,713,944 -> 2025: 24 works at a median of Rs 421,700. A change point is a lead, not a finding: a new officer or a revised guideline produces one too."
"MP3045896-W269245","MP3045896-W269245","Statistical outlier","multivariate","A trained anomaly detector (IsolationForest) flags this work's amount-and-age profile as unusual against the national portfolio."
"MP3019059-W18587","MP3019059-W18587","Peer amount","amount","Recommended amount at the 100th percentile of 258 comparable works (robust z 28.1)."
"MP3019059-W18587","MP3019059-W18587","Behavioural change","behaviour","Implementing agency's recommendation pattern shifted year-on-year (magnitude 83%). Before/after - 2025: 43 works at a median of Rs 720,000 -> 2026: 5 works at a median of Rs 125,000. A change point is a lead, not a finding: a new officer or a revised guideline produces one too."
"MP3019059-W18587","MP3019059-W18587","Statistical outlier","multivariate","A trained anomaly detector (IsolationForest) flags this work's amount-and-age profile as unusual against the national portfolio."
"MP3017476-W33976","MP3017476-W33976","Peer amount","amount","Recommended amount at the 99th percentile of 7203 comparable works (robust z 7.0)."
"MP3017476-W33976","MP3017476-W33976","Peer duration","duration","Open for longer than 96% of comparable works still in progress."
"MP3017476-W33976","MP3017476-W33976","Statistical outlier","multivariate","A trained anomaly detector (IsolationForest) flags this work's amount-and-age profile as unusual against the national portfolio."
"MP3023700-W192593","MP3023700-W192593","Peer amount","amount","Recommended amount at the 100th percentile of 35 comparable works (robust z 6.0)."
"MP3023700-W192593","MP3023700-W192593","Behavioural change","behaviour","Implementing agency's recommendation pattern shifted year-on-year (magnitude 86%). Before/after - 2024: 177 works at a median of Rs 627,534 -> 2025: 125 works at a median of Rs 1,170,000. A change point is a lead, not a finding: a new officer or a revised guideline produces one too."
"MP3023700-W192593","MP3023700-W192593","Statistical outlier","multivariate","A trained anomaly detector (IsolationForest) flags this work's amount-and-age profile as unusual against the national portfolio."
"MP3023812-W145089","MP3023812-W145089","Peer amount","amount","Recommended amount at the 100th percentile of 2819 comparable works (robust z 24.9)."
"MP3023812-W145089","MP3023812-W145089","Behavioural change","behaviour","Implementing agency's recommendation pattern shifted year-on-year (magnitude 70%). Before/after - 2025: 108 works at a median of Rs 586,716 -> 2026: 7 works at a median of Rs 1,000,000. A change point is a lead, not a finding: a new officer or a revised guideline produces one too."
"MP3023812-W145089","MP3023812-W145089","Statistical outlier","multivariate","A trained anomaly detector (IsolationForest) flags this work's amount-and-age profile as unusual against the national portfolio."
"MP3043393-W156920","MP3043393-W156920","Peer amount","amount","Recommended amount at the 99th percentile of 763 comparable works (robust z 8.4)."
"MP3043393-W156920","MP3043393-W156920","Behavioural change","behaviour","Implementing agency's recommendation pattern shifted year-on-year (magnitude 100%). Before/after - 2024: 313 works at a median of Rs 176,468 -> 2025: 173 works at a median of Rs 400,000. A change point is a lead, not a finding: a new officer or a revised guideline produces one too."
"MP3043393-W156920","MP3043393-W156920","Statistical outlier","multivariate","A trained anomaly detector (IsolationForest) flags this work's amount-and-age profile as unusual against the national portfolio."
"MP3017480-W13756","MP3017480-W13756","Peer amount","amount","Recommended amount at the 99th percentile of 401 comparable works (robust z 5.9)."
"MP3017480-W13756","MP3017480-W13756","Peer duration","duration","Open for longer than 98% of comparable works still in progress."
"MP3017480-W13756","MP3017480-W13756","Behavioural change","behaviour","Implementing agency's recommendation pattern shifted year-on-year (magnitude 60%). Before/after - 2025: 26 works at a median of Rs 1,224,954 -> 2026: 22 works at a median of Rs 1,955,284. A change point is a lead, not a finding: a new officer or a revised guideline produces one too."
"MP3017480-W13756","MP3017480-W13756","Statistical outlier","multivariate","A trained anomaly detector (IsolationForest) flags this work's amount-and-age profile as unusual against the national portfolio."
"MP3018400-W37050","MP3018400-W37050","Peer amount","amount","Recommended amount at the 97th percentile of 1552 comparable works (robust z 20.2)."
"MP3018400-W37050","MP3018400-W37050","Peer duration","duration","Open for longer than 94% of comparable works still in progress."
"MP3018400-W37050","MP3018400-W37050","Statistical outlier","multivariate","A trained anomaly detector (IsolationForest) flags this work's amount-and-age profile as unusual against the national portfolio."
"MP3042566-W199843","MP3042566-W199843","Peer amount","amount","Recommended amount at the 100th percentile of 1855 comparable works (robust z 5433.0)."
"MP3042566-W199843","MP3042566-W199843","Behavioural change","behaviour","Implementing agency's recommendation pattern shifted year-on-year (magnitude 100%). Before/after - 2025: 41 works at a median of Rs 499,000 -> 2026: 49 works at a median of Rs 3,400,000. A change point is a lead, not a finding: a new officer or a revised guideline produces one too."
"MP3042566-W199843","MP3042566-W199843","Statistical outlier","multivariate","A trained anomaly detector (IsolationForest) flags this work's amount-and-age profile as unusual against the national portfolio."
"MP3042286-W182174","MP3042286-W182174","Peer amount","amount","Recommended amount at the 96th percentile of 950 comparable works (robust z 11.3)."
"MP3042286-W182174","MP3042286-W182174","Behavioural change","behaviour","Implementing agency's recommendation pattern shifted year-on-year (magnitude 57%). Before/after - 2024: 98 works at a median of Rs 478,294 -> 2025: 44 works at a median of Rs 750,916. A change point is a lead, not a finding: a new officer or a revised guideline produces one too."
"MP3042286-W182174","MP3042286-W182174","Statistical outlier","multivariate","A trained anomaly detector (IsolationForest) flags this work's amount-and-age profile as unusual against the national portfolio."
"MP3018396-W246425","MP3018396-W246425","Peer amount","amount","Recommended amount at the 100th percentile of 1462 comparable works (robust z 24.9)."
"MP3018396-W246425","MP3018396-W246425","Behavioural change","behaviour","Implementing agency's recommendation pattern shifted year-on-year (magnitude 94%). Before/after - 2023: 50 works at a median of Rs 1,134,160 -> 2024: 73 works at a median of Rs 2,195,272. A change point is a lead, not a finding: a new officer or a revised guideline produces one too."
"MP3018396-W246425","MP3018396-W246425","Statistical outlier","multivariate","A trained anomaly detector (IsolationForest) flags this work's amount-and-age profile as unusual against the national portfolio."
"MP3017486-W100926","MP3017486-W100926","Peer amount","amount","Recommended amount at the 100th percentile of 1971 comparable works (robust z 35.7)."
"MP3017486-W100926","MP3017486-W100926","Behavioural change","behaviour","Implementing agency's recommendation pattern shifted year-on-year (magnitude 100%). Before/after - 2023: 37 works at a median of Rs 349,764 -> 2024: 39 works at a median of Rs 1,142,572. A change point is a lead, not a finding: a new officer or a revised guideline produces one too."
"MP3017486-W100926","MP3017486-W100926","Statistical outlier","multivariate","A trained anomaly detector (IsolationForest) flags this work's amount-and-age profile as unusual against the national portfolio."
"MP3042292-W251884","MP3042292-W251884","Peer amount","amount","Recommended amount at the 100th percentile of 310 comparable works (robust z 23.6)."
"MP3042292-W251884","MP3042292-W251884","Behavioural change","behaviour","Implementing agency's recommendation pattern shifted year-on-year (magnitude 100%). Before/after - 2024: 91 works at a median of Rs 239,428 -> 2025: 34 works at a median of Rs 500,000. A change point is a lead, not a finding: a new officer or a revised guideline produces one too."
"MP3042292-W251884","MP3042292-W251884","Statistical outlier","multivariate","A trained anomaly detector (IsolationForest) flags this work's amount-and-age profile as unusual against the national portfolio."
"MP3044716-W275951","MP3044716-W275951","Peer amount","amount","Recommended amount at the 100th percentile of 4191 comparable works (robust z 65.7)."
"MP3044716-W275951","MP3044716-W275951","Behavioural change","behaviour","Implementing agency's recommendation pattern shifted year-on-year (magnitude 100%). Before/after - 2023: 878 works at a median of Rs 21,109 -> 2024: 557 works at a median of Rs 177,842. A change point is a lead, not a finding: a new officer or a revised guideline produces one too."
"MP3044716-W275951","MP3044716-W275951","Statistical outlier","multivariate","A trained anomaly detector (IsolationForest) flags this work's amount-and-age profile as unusual against the national portfolio."
"MP3019300-W55585","MP3019300-W55585","Peer amount","amount","Recommended amount at the 100th percentile of 1971 comparable works (robust z 26.7)."
"MP3019300-W55585","MP3019300-W55585","Behavioural change","behaviour","Implementing agency's recommendation pattern shifted year-on-year (magnitude 100%). Before/after - 2025: 409 works at a median of Rs 166,376 -> 2026: 48 works at a median of Rs 842,500. A change point is a lead, not a finding: a new officer or a revised guideline produces one too."
"MP3019300-W55585","MP3019300-W55585","Statistical outlier","multivariate","A trained anomaly detector (IsolationForest) flags this work's amount-and-age profile as unusual against the national portfolio."
"MP3017328-W141232","MP3017328-W141232","Peer amount","amount","Recommended amount at the 99th percentile of 79 comparable works (robust z 5.9)."
"MP3017328-W141232","MP3017328-W141232","Behavioural change","behaviour","Implementing agency's recommendation pattern shifted year-on-year (magnitude 100%). Before/after - 2024: 90 works at a median of Rs 500,000 -> 2025: 23 works at a median of Rs 3,754,000. A change point is a lead, not a finding: a new officer or a revised guideline produces one too."
"MP3017328-W141232","MP3017328-W141232","Statistical outlier","multivariate","A trained anomaly detector (IsolationForest) flags this work's amount-and-age profile as unusual against the national portfolio."
"MP3017328-W141251","MP3017328-W141251","Peer amount","amount","Recommended amount at the 99th percentile of 1941 comparable works (robust z 5.6)."
"MP3017328-W141251","MP3017328-W141251","Behavioural change","behaviour","Implementing agency's recommendation pattern shifted year-on-year (magnitude 100%). Before/after - 2024: 90 works at a median of Rs 500,000 -> 2025: 23 works at a median of Rs 3,754,000. A change point is a lead, not a finding: a new officer or a revised guideline produces one too."
"MP3017328-W141251","MP3017328-W141251","Statistical outlier","multivariate","A trained anomaly detector (IsolationForest) flags this work's amount-and-age profile as unusual against the national portfolio."
"MP3017484-W18436","MP3017484-W18436","Peer amount","amount","Recommended amount at the 99th percentile of 1971 comparable works (robust z 26.3)."
"MP3017484-W18436","MP3017484-W18436","Peer duration","duration","Open for longer than 96% of comparable works still in progress."
"MP3017484-W18436","MP3017484-W18436","Statistical outlier","multivariate","A trained anomaly detector (IsolationForest) flags this work's amount-and-age profile as unusual against the national portfolio."
"MP3017486-W100930","MP3017486-W100930","Peer amount","amount","Recommended amount at the 100th percentile of 1971 comparable works (robust z 34.3)."
"MP3017486-W100930","MP3017486-W100930","Behavioural change","behaviour","Implementing agency's recommendation pattern shifted year-on-year (magnitude 100%). Before/after - 2023: 37 works at a median of Rs 349,764 -> 2024: 39 works at a median of Rs 1,142,572. A change point is a lead, not a finding: a new officer or a revised guideline produces one too."
"MP3017486-W100930","MP3017486-W100930","Statistical outlier","multivariate","A trained anomaly detector (IsolationForest) flags this work's amount-and-age profile as unusual against the national portfolio."
"MP3017414-W123942","MP3017414-W123942","Peer amount","amount","Recommended amount at the 99th percentile of 1516 comparable works (robust z 13.2)."
"MP3017414-W123942","MP3017414-W123942","Peer duration","duration","Open for longer than 96% of comparable works still in progress."
"MP3017414-W123942","MP3017414-W123942","Statistical outlier","multivariate","A trained anomaly detector (IsolationForest) flags this work's amount-and-age profile as unusual against the national portfolio."
"MP3019235-W189523","MP3019235-W189523","Peer amount","amount","Recommended amount at the 100th percentile of 2819 comparable works (robust z 22.6)."
"MP3019235-W189523","MP3019235-W189523","Behavioural change","behaviour","Implementing agency's recommendation pattern shifted year-on-year (magnitude 85%). Before/after - 2024: 60 works at a median of Rs 420,000 -> 2025: 44 works at a median of Rs 775,461. A change point is a lead, not a finding: a new officer or a revised guideline produces one too."
"MP3019235-W189523","MP3019235-W189523","Statistical outlier","multivariate","A trained anomaly detector (IsolationForest) flags this work's amount-and-age profile as unusual against the national portfolio."
"MP3019201-W140292","MP3019201-W140292","Peer amount","amount","Recommended amount at the 99th percentile of 13232 comparable works (robust z 39.7)."
"MP3019201-W140292","MP3019201-W140292","Behavioural change","behaviour","Implementing agency's recommendation pattern shifted year-on-year (magnitude 100%). Before/after - 2023: 15 works at a median of Rs 600,000 -> 2024: 31 works at a median of Rs 1,215,970. A change point is a lead, not a finding: a new officer or a revised guideline produces one too."
"MP3019201-W140292","MP3019201-W140292","Statistical outlier","multivariate","A trained anomaly detector (IsolationForest) flags this work's amount-and-age profile as unusual against the national portfolio."
"MP3019045-W131294","MP3019045-W131294","Peer amount","amount","Recommended amount at the 99th percentile of 791 comparable works (robust z 25.6)."
"MP3019045-W131294","MP3019045-W131294","Behavioural change","behaviour","Implementing agency's recommendation pattern shifted year-on-year (magnitude 92%). Before/after - 2024: 7 works at a median of Rs 6,500,000 -> 2025: 28 works at a median of Rs 500,000. A change point is a lead, not a finding: a new officer or a revised guideline produces one too."
"MP3019045-W131294","MP3019045-W131294","Statistical outlier","multivariate","A trained anomaly detector (IsolationForest) flags this work's amount-and-age profile as unusual against the national portfolio."
"MP3017489-W1022","MP3017489-W1022","Peer amount","amount","Recommended amount at the 100th percentile of 36 comparable works (robust z 4.4)."
"MP3017489-W1022","MP3017489-W1022","Peer duration","duration","Open for longer than 96% of comparable works still in progress."
"MP3017489-W1022","MP3017489-W1022","Behavioural change","behaviour","Implementing agency's recommendation pattern shifted year-on-year (magnitude 100%). Before/after - 2025: 156 works at a median of Rs 500,000 -> 2026: 29 works at a median of Rs 1,100,000. A change point is a lead, not a finding: a new officer or a revised guideline produces one too."
"MP3017489-W1022","MP3017489-W1022","Statistical outlier","multivariate","A trained anomaly detector (IsolationForest) flags this work's amount-and-age profile as unusual against the national portfolio."
"MP3019201-W140290","MP3019201-W140290","Peer amount","amount","Recommended amount at the 99th percentile of 13232 comparable works (robust z 39.0)."
"MP3019201-W140290","MP3019201-W140290","Behavioural change","behaviour","Implementing agency's recommendation pattern shifted year-on-year (magnitude 100%). Before/after - 2023: 15 works at a median of Rs 600,000 -> 2024: 31 works at a median of Rs 1,215,970. A change point is a lead, not a finding: a new officer or a revised guideline produces one too."
"MP3019201-W140290","MP3019201-W140290","Statistical outlier","multivariate","A trained anomaly detector (IsolationForest) flags this work's amount-and-age profile as unusual against the national portfolio."
"MP3042331-W239295","MP3042331-W239295","Peer amount","amount","Recommended amount at the 100th percentile of 465 comparable works (robust z 58.4)."
"MP3042331-W239295","MP3042331-W239295","Behavioural change","behaviour","Implementing agency's recommendation pattern shifted year-on-year (magnitude 100%). Before/after - 2022: 74 works at a median of Rs 55,785 -> 2023: 115 works at a median of Rs 250,000. A change point is a lead, not a finding: a new officer or a revised guideline produces one too."
"MP3042331-W239295","MP3042331-W239295","Statistical outlier","multivariate","A trained anomaly detector (IsolationForest) flags this work's amount-and-age profile as unusual against the national portfolio."
"MP3018342-W70169","MP3018342-W70169","Peer amount","amount","Recommended amount at the 97th percentile of 112 comparable works (robust z 16.9)."
"MP3018342-W70169","MP3018342-W70169","Behavioural change","behaviour","Implementing agency's recommendation pattern shifted year-on-year (magnitude 73%). Before/after - 2024: 30 works at a median of Rs 497,850 -> 2025: 28 works at a median of Rs 859,221. A change point is a lead, not a finding: a new officer or a revised guideline produces one too."
"MP3018342-W70169","MP3018342-W70169","Statistical outlier","multivariate","A trained anomaly detector (IsolationForest) flags this work's amount-and-age profile as unusual against the national portfolio."
"MP3017325-W10275","MP3017325-W10275","Peer amount","amount","Recommended amount at the 100th percentile of 602 comparable works (robust z 9.9)."
"MP3017325-W10275","MP3017325-W10275","Peer duration","duration","Open for longer than 96% of comparable works still in progress."
"MP3017325-W10275","MP3017325-W10275","Statistical outlier","multivariate","A trained anomaly detector (IsolationForest) flags this work's amount-and-age profile as unusual against the national portfolio."
"MP3017413-W130576","MP3017413-W130576","Peer amount","amount","Recommended amount at the 97th percentile of 35 comparable works (robust z 3.9)."
"MP3017413-W130576","MP3017413-W130576","Behavioural change","behaviour","Implementing agency's recommendation pattern shifted year-on-year (magnitude 100%). Before/after - 2024: 313 works at a median of Rs 176,468 -> 2025: 173 works at a median of Rs 400,000. A change point is a lead, not a finding: a new officer or a revised guideline produces one too."
"MP3017413-W130576","MP3017413-W130576","Statistical outlier","multivariate","A trained anomaly detector (IsolationForest) flags this work's amount-and-age profile as unusual against the national portfolio."
"MP3042283-W241572","MP3042283-W241572","Peer amount","amount","Recommended amount at the 100th percentile of 2550 comparable works (robust z 320.1)."
"MP3042283-W241572","MP3042283-W241572","Behavioural change","behaviour","Implementing agency's recommendation pattern shifted year-on-year (magnitude 83%). Before/after - 2023: 6 works at a median of Rs 2,309,328 -> 2024: 124 works at a median of Rs 400,000. A change point is a lead, not a finding: a new officer or a revised guideline produces one too."
"MP3042283-W241572","MP3042283-W241572","Statistical outlier","multivariate","A trained anomaly detector (IsolationForest) flags this work's amount-and-age profile as unusual against the national portfolio."
"MP3044146-W268504","MP3044146-W268504","Peer amount","amount","Recommended amount at the 100th percentile of 1276 comparable works (robust z 11.8)."
"MP3044146-W268504","MP3044146-W268504","Behavioural change","behaviour","Implementing agency's recommendation pattern shifted year-on-year (magnitude 100%). Before/after - 2025: 188 works at a median of Rs 360,000 -> 2026: 20 works at a median of Rs 993,344. A change point is a lead, not a finding: a new officer or a revised guideline produces one too."
"MP3044146-W268504","MP3044146-W268504","Statistical outlier","multivariate","A trained anomaly detector (IsolationForest) flags this work's amount-and-age profile as unusual against the national portfolio."
"MP3042555-W156279","MP3042555-W156279","Peer amount","amount","Recommended amount at the 97th percentile of 33 comparable works (robust z 2.8)."
"MP3042555-W156279","MP3042555-W156279","Peer duration","duration","Open for longer than 100% of comparable works still in progress."
"MP3042555-W156279","MP3042555-W156279","Behavioural change","behaviour","Implementing agency's recommendation pattern shifted year-on-year (magnitude 72%). Before/after - 2024: 71 works at a median of Rs 1,000,000 -> 2025: 34 works at a median of Rs 275,000. A change point is a lead, not a finding: a new officer or a revised guideline produces one too."
"MP3042555-W156279","MP3042555-W156279","Statistical outlier","multivariate","A trained anomaly detector (IsolationForest) flags this work's amount-and-age profile as unusual against the national portfolio."
"MP3044811-W220474","MP3044811-W220474","Peer amount","amount","Recommended amount at the 100th percentile of 1975 comparable works (robust z 50.3)."
"MP3044811-W220474","MP3044811-W220474","Behavioural change","behaviour","Implementing agency's recommendation pattern shifted year-on-year (magnitude 100%). Before/after - 2025: 156 works at a median of Rs 500,000 -> 2026: 29 works at a median of Rs 1,100,000. A change point is a lead, not a finding: a new officer or a revised guideline produces one too."
"MP3044811-W220474","MP3044811-W220474","Statistical outlier","multivariate","A trained anomaly detector (IsolationForest) flags this work's amount-and-age profile as unusual against the national portfolio."
"MP3017324-W266256","MP3017324-W266256","Peer amount","amount","Recommended amount at the 99th percentile of 7203 comparable works (robust z 6.1)."
"MP3017324-W266256","MP3017324-W266256","Behavioural change","behaviour","Implementing agency's recommendation pattern shifted year-on-year (magnitude 100%). Before/after - 2024: 262 works at a median of Rs 287,000 -> 2025: 69 works at a median of Rs 1,180,000. A change point is a lead, not a finding: a new officer or a revised guideline produces one too."
"MP3017324-W266256","MP3017324-W266256","Statistical outlier","multivariate","A trained anomaly detector (IsolationForest) flags this work's amount-and-age profile as unusual against the national portfolio."
"MP3017455-W166886","MP3017455-W166886","Peer amount","amount","Recommended amount at the 95th percentile of 147 comparable works (robust z 5.3)."
"MP3017455-W166886","MP3017455-W166886","Behavioural change","behaviour","Implementing agency's recommendation pattern shifted year-on-year (magnitude 94%). Before/after - 2023: 50 works at a median of Rs 1,134,160 -> 2024: 73 works at a median of Rs 2,195,272. A change point is a lead, not a finding: a new officer or a revised guideline produces one too."
"MP3017455-W166886","MP3017455-W166886","Statistical outlier","multivariate","A trained anomaly detector (IsolationForest) flags this work's amount-and-age profile as unusual against the national portfolio."
"MP3019045-W131898","MP3019045-W131898","Peer amount","amount","Recommended amount at the 100th percentile of 41 comparable works (robust z 734.7)."
"MP3019045-W131898","MP3019045-W131898","Behavioural change","behaviour","Implementing agency's recommendation pattern shifted year-on-year (magnitude 92%). Before/after - 2024: 7 works at a median of Rs 6,500,000 -> 2025: 28 works at a median of Rs 500,000. A change point is a lead, not a finding: a new officer or a revised guideline produces one too."
"MP3019045-W131898","MP3019045-W131898","Statistical outlier","multivariate","A trained anomaly detector (IsolationForest) flags this work's amount-and-age profile as unusual against the national portfolio."
"MP3017324-W266258","MP3017324-W266258","Peer amount","amount","Recommended amount at the 99th percentile of 7203 comparable works (robust z 6.0)."
"MP3017324-W266258","MP3017324-W266258","Behavioural change","behaviour","Implementing agency's recommendation pattern shifted year-on-year (magnitude 100%). Before/after - 2024: 262 works at a median of Rs 287,000 -> 2025: 69 works at a median of Rs 1,180,000. A change point is a lead, not a finding: a new officer or a revised guideline produces one too."
"MP3017324-W266258","MP3017324-W266258","Statistical outlier","multivariate","A trained anomaly detector (IsolationForest) flags this work's amount-and-age profile as unusual against the national portfolio."
"MP3019169-W199393","MP3019169-W199393","Peer amount","amount","Recommended amount at the 97th percentile of 46 comparable works (robust z 4.2)."
"MP3019169-W199393","MP3019169-W199393","Behavioural change","behaviour","Implementing agency's recommendation pattern shifted year-on-year (magnitude 100%). Before/after - 2024: 58 works at a median of Rs 399,063 -> 2025: 74 works at a median of Rs 1,000,000. A change point is a lead, not a finding: a new officer or a revised guideline produces one too."
"MP3019169-W199393","MP3019169-W199393","Statistical outlier","multivariate","A trained anomaly detector (IsolationForest) flags this work's amount-and-age profile as unusual against the national portfolio."
"MP3042566-W226487","MP3042566-W226487","Peer amount","amount","Recommended amount at the 100th percentile of 1855 comparable works (robust z 5035.5)."
"MP3042566-W226487","MP3042566-W226487","Behavioural change","behaviour","Implementing agency's recommendation pattern shifted year-on-year (magnitude 100%). Before/after - 2025: 41 works at a median of Rs 499,000 -> 2026: 49 works at a median of Rs 3,400,000. A change point is a lead, not a finding: a new officer or a revised guideline produces one too."
"MP3042566-W226487","MP3042566-W226487","Statistical outlier","multivariate","A trained anomaly detector (IsolationForest) flags this work's amount-and-age profile as unusual against the national portfolio."
"MP3042444-W176199","MP3042444-W176199","Peer amount","amount","Recommended amount at the 100th percentile of 7859 comparable works (robust z 4.8)."
"MP3042444-W176199","MP3042444-W176199","Behavioural change","behaviour","Implementing agency's recommendation pattern shifted year-on-year (magnitude 90%). Before/after - 2024: 80 works at a median of Rs 525,996 -> 2025: 41 works at a median of Rs 1,000,000. A change point is a lead, not a finding: a new officer or a revised guideline produces one too."
"MP3042444-W176199","MP3042444-W176199","Statistical outlier","multivariate","A trained anomaly detector (IsolationForest) flags this work's amount-and-age profile as unusual against the national portfolio."
"MP3045896-W261209","MP3045896-W261209","Peer amount","amount","Recommended amount at the 99th percentile of 163 comparable works (robust z 17.9)."
"MP3045896-W261209","MP3045896-W261209","Behavioural change","behaviour","Implementing agency's recommendation pattern shifted year-on-year (magnitude 75%). Before/after - 2024: 9 works at a median of Rs 1,713,944 -> 2025: 24 works at a median of Rs 421,700. A change point is a lead, not a finding: a new officer or a revised guideline produces one too."
"MP3045896-W261209","MP3045896-W261209","Statistical outlier","multivariate","A trained anomaly detector (IsolationForest) flags this work's amount-and-age profile as unusual against the national portfolio."
"MP3058540-W267626","MP3058540-W267626","Peer amount","amount","Recommended amount at the 100th percentile of 1462 comparable works (robust z 22.0)."
"MP3058540-W267626","MP3058540-W267626","Behavioural change","behaviour","Implementing agency's recommendation pattern shifted year-on-year (magnitude 65%). Before/after - 2024: 122 works at a median of Rs 909,000 -> 2025: 83 works at a median of Rs 1,500,000. A change point is a lead, not a finding: a new officer or a revised guideline produces one too."
"MP3058540-W267626","MP3058540-W267626","Statistical outlier","multivariate","A trained anomaly detector (IsolationForest) flags this work's amount-and-age profile as unusual against the national portfolio."
"MP3019300-W71172","MP3019300-W71172","Peer amount","amount","Recommended amount at the 98th percentile of 63 comparable works (robust z 6.8)."
"MP3019300-W71172","MP3019300-W71172","Behavioural change","behaviour","Implementing agency's recommendation pattern shifted year-on-year (magnitude 100%). Before/after - 2025: 409 works at a median of Rs 166,376 -> 2026: 48 works at a median of Rs 842,500. A change point is a lead, not a finding: a new officer or a revised guideline produces one too."
"MP3019300-W71172","MP3019300-W71172","Statistical outlier","multivariate","A trained anomaly detector (IsolationForest) flags this work's amount-and-age profile as unusual against the national portfolio."
"MP3018400-W510","MP3018400-W510","Peer amount","amount","Recommended amount at the 96th percentile of 1552 comparable works (robust z 17.5)."
"MP3018400-W510","MP3018400-W510","Peer duration","duration","Open for longer than 98% of comparable works still in progress."
"MP3018400-W510","MP3018400-W510","Statistical outlier","multivariate","A trained anomaly detector (IsolationForest) flags this work's amount-and-age profile as unusual against the national portfolio."
"MP3019166-W25204","MP3019166-W25204","Peer amount","amount","Recommended amount at the 96th percentile of 152 comparable works (robust z 2.0)."
"MP3019166-W25204","MP3019166-W25204","Behavioural change","behaviour","Implementing agency's recommendation pattern shifted year-on-year (magnitude 94%). Before/after - 2023: 50 works at a median of Rs 1,134,160 -> 2024: 73 works at a median of Rs 2,195,272. A change point is a lead, not a finding: a new officer or a revised guideline produces one too."
"MP3019166-W25204","MP3019166-W25204","Statistical outlier","multivariate","A trained anomaly detector (IsolationForest) flags this work's amount-and-age profile as unusual against the national portfolio."
"MP3042319-W281457","MP3042319-W281457","Peer amount","amount","Recommended amount at the 100th percentile of 1276 comparable works (robust z 11.8)."
"MP3042319-W281457","MP3042319-W281457","Behavioural change","behaviour","Implementing agency's recommendation pattern shifted year-on-year (magnitude 82%). Before/after - 2025: 84 works at a median of Rs 699,313 -> 2026: 19 works at a median of Rs 1,275,000. A change point is a lead, not a finding: a new officer or a revised guideline produces one too."
"MP3042319-W281457","MP3042319-W281457","Statistical outlier","multivariate","A trained anomaly detector (IsolationForest) flags this work's amount-and-age profile as unusual against the national portfolio."
"MP3017243-W281928","MP3017243-W281928","Peer amount","amount","Recommended amount at the 100th percentile of 3148 comparable works (robust z 131.5)."
"MP3017243-W281928","MP3017243-W281928","Behavioural change","behaviour","Implementing agency's recommendation pattern shifted year-on-year (magnitude 92%). Before/after - 2024: 7 works at a median of Rs 6,500,000 -> 2025: 28 works at a median of Rs 500,000. A change point is a lead, not a finding: a new officer or a revised guideline produces one too."
"MP3017243-W281928","MP3017243-W281928","Statistical outlier","multivariate","A trained anomaly detector (IsolationForest) flags this work's amount-and-age profile as unusual against the national portfolio."
"MP3017243-W281928","MP3017243-W281928","Near-duplicate work","duplication","A work in the same state and archetype is 98.8% semantically similar (MP3017243-W281929). Repeated descriptions are common in this scheme, so a human should confirm these are genuinely separate works."
"MP3017243-W281929","MP3017243-W281929","Peer amount","amount","Recommended amount at the 100th percentile of 3148 comparable works (robust z 131.5)."
"MP3017243-W281929","MP3017243-W281929","Behavioural change","behaviour","Implementing agency's recommendation pattern shifted year-on-year (magnitude 92%). Before/after - 2024: 7 works at a median of Rs 6,500,000 -> 2025: 28 works at a median of Rs 500,000. A change point is a lead, not a finding: a new officer or a revised guideline produces one too."
"MP3017243-W281929","MP3017243-W281929","Statistical outlier","multivariate","A trained anomaly detector (IsolationForest) flags this work's amount-and-age profile as unusual against the national portfolio."
"MP3017243-W281929","MP3017243-W281929","Near-duplicate work","duplication","A work in the same state and archetype is 98.8% semantically similar (MP3017243-W281928). Repeated descriptions are common in this scheme, so a human should confirm these are genuinely separate works."
"MP3017492-W120156","MP3017492-W120156","Peer amount","amount","Recommended amount at the 99th percentile of 401 comparable works (robust z 7.2)."
"MP3017492-W120156","MP3017492-W120156","Behavioural change","behaviour","Implementing agency's recommendation pattern shifted year-on-year (magnitude 100%). Before/after - 2025: 230 works at a median of Rs 349,867 -> 2026: 36 works at a median of Rs 2,750,000. A change point is a lead, not a finding: a new officer or a revised guideline produces one too."
"MP3017492-W120156","MP3017492-W120156","Statistical outlier","multivariate","A trained anomaly detector (IsolationForest) flags this work's amount-and-age profile as unusual against the national portfolio."
"MP3017485-W190727","MP3017485-W190727","Peer amount","amount","Recommended amount at the 97th percentile of 246 comparable works (robust z 6.8)."
"MP3017485-W190727","MP3017485-W190727","Behavioural change","behaviour","Implementing agency's recommendation pattern shifted year-on-year (magnitude 100%). Before/after - 2025: 156 works at a median of Rs 500,000 -> 2026: 29 works at a median of Rs 1,100,000. A change point is a lead, not a finding: a new officer or a revised guideline produces one too."
"MP3017485-W190727","MP3017485-W190727","Statistical outlier","multivariate","A trained anomaly detector (IsolationForest) flags this work's amount-and-age profile as unusual against the national portfolio."
"MP3019059-W221011","MP3019059-W221011","Peer amount","amount","Recommended amount at the 100th percentile of 2348 comparable works (robust z 36.2)."
"MP3019059-W221011","MP3019059-W221011","Behavioural change","behaviour","Implementing agency's recommendation pattern shifted year-on-year (magnitude 83%). Before/after - 2025: 43 works at a median of Rs 720,000 -> 2026: 5 works at a median of Rs 125,000. A change point is a lead, not a finding: a new officer or a revised guideline produces one too."
"MP3019059-W221011","MP3019059-W221011","Statistical outlier","multivariate","A trained anomaly detector (IsolationForest) flags this work's amount-and-age profile as unusual against the national portfolio."
"MP3017328-W81759","MP3017328-W81759","Peer amount","amount","Recommended amount at the 100th percentile of 120 comparable works (robust z 49.8)."
"MP3017328-W81759","MP3017328-W81759","Peer duration","duration","Open for longer than 96% of comparable works still in progress."
"MP3017328-W81759","MP3017328-W81759","Behavioural change","behaviour","Implementing agency's recommendation pattern shifted year-on-year (magnitude 100%). Before/after - 2024: 90 works at a median of Rs 500,000 -> 2025: 23 works at a median of Rs 3,754,000. A change point is a lead, not a finding: a new officer or a revised guideline produces one too."
"MP3018400-W511","MP3018400-W511","Peer amount","amount","Recommended amount at the 100th percentile of 155 comparable works (robust z 20.5)."
"MP3018400-W511","MP3018400-W511","Peer duration","duration","Open for longer than 95% of comparable works still in progress."
"MP3018400-W511","MP3018400-W511","Statistical outlier","multivariate","A trained anomaly detector (IsolationForest) flags this work's amount-and-age profile as unusual against the national portfolio."
"MP3042282-W221109","MP3042282-W221109","Peer amount","amount","Recommended amount at the 100th percentile of 2550 comparable works (robust z 320.1)."
"MP3042282-W221109","MP3042282-W221109","Behavioural change","behaviour","Implementing agency's recommendation pattern shifted year-on-year (magnitude 60%). Before/after - 2024: 134 works at a median of Rs 500,000 -> 2025: 171 works at a median of Rs 200,000. A change point is a lead, not a finding: a new officer or a revised guideline produces one too."
"MP3042282-W221109","MP3042282-W221109","Statistical outlier","multivariate","A trained anomaly detector (IsolationForest) flags this work's amount-and-age profile as unusual against the national portfolio."
"MP3018367-W7973","MP3018367-W7973","Peer amount","amount","Recommended amount at the 99th percentile of 3271 comparable works (robust z 8.8)."
"MP3018367-W7973","MP3018367-W7973","Peer duration","duration","Open for longer than 100% of comparable works still in progress."
"MP3018367-W7973","MP3018367-W7973","Behavioural change","behaviour","Implementing agency's recommendation pattern shifted year-on-year (magnitude 100%). Before/after - 2023: 74 works at a median of Rs 1,144,298 -> 2024: 5 works at a median of Rs 2,484,987. A change point is a lead, not a finding: a new officer or a revised guideline produces one too."
"MP3018367-W7973","MP3018367-W7973","Statistical outlier","multivariate","A trained anomaly detector (IsolationForest) flags this work's amount-and-age profile as unusual against the national portfolio."
"MP3017338-W147636","MP3017338-W147636","Peer amount","amount","Recommended amount at the 99th percentile of 756 comparable works (robust z 8.9)."
"MP3017338-W147636","MP3017338-W147636","Behavioural change","behaviour","Implementing agency's recommendation pattern shifted year-on-year (magnitude 100%). Before/after - 2023: 192 works at a median of Rs 50,000 -> 2024: 21 works at a median of Rs 780,000. A change point is a lead, not a finding: a new officer or a revised guideline produces one too."
"MP3017338-W147636","MP3017338-W147636","Statistical outlier","multivariate","A trained anomaly detector (IsolationForest) flags this work's amount-and-age profile as unusual against the national portfolio."
"MP3019173-W71923","MP3019173-W71923","Peer amount","amount","Recommended amount at the 100th percentile of 766 comparable works (robust z 27.2)."
"MP3019173-W71923","MP3019173-W71923","Peer duration","duration","Open for longer than 93% of comparable works still in progress."
"MP3019173-W71923","MP3019173-W71923","Behavioural change","behaviour","Implementing agency's recommendation pattern shifted year-on-year (magnitude 58%). Before/after - 2025: 47 works at a median of Rs 1,500,000 -> 2026: 47 works at a median of Rs 630,000. A change point is a lead, not a finding: a new officer or a revised guideline produces one too."
"MP3019173-W71923","MP3019173-W71923","Statistical outlier","multivariate","A trained anomaly detector (IsolationForest) flags this work's amount-and-age profile as unusual against the national portfolio."
"MP3043535-W263804","MP3043535-W263804","Peer amount","amount","Recommended amount at the 99th percentile of 581 comparable works (robust z 7.5)."
"MP3043535-W263804","MP3043535-W263804","Behavioural change","behaviour","Implementing agency's recommendation pattern shifted year-on-year (magnitude 100%). Before/after - 2023: 107 works at a median of Rs 41,445 -> 2024: 147 works at a median of Rs 502,000. A change point is a lead, not a finding: a new officer or a revised guideline produces one too."
"MP3043535-W263804","MP3043535-W263804","Statistical outlier","multivariate","A trained anomaly detector (IsolationForest) flags this work's amount-and-age profile as unusual against the national portfolio."
"MP3042298-W137519","MP3042298-W137519","Peer amount","amount","Recommended amount at the 100th percentile of 51 comparable works (robust z 14.2)."
"MP3042298-W137519","MP3042298-W137519","Behavioural change","behaviour","Implementing agency's recommendation pattern shifted year-on-year (magnitude 64%). Before/after - 2023: 10 works at a median of Rs 2,500,000 -> 2024: 49 works at a median of Rs 900,000. A change point is a lead, not a finding: a new officer or a revised guideline produces one too."
"MP3042298-W137519","MP3042298-W137519","Statistical outlier","multivariate","A trained anomaly detector (IsolationForest) flags this work's amount-and-age profile as unusual against the national portfolio."
"MP3019300-W55586","MP3019300-W55586","Peer amount","amount","Recommended amount at the 99th percentile of 1971 comparable works (robust z 24.5)."
"MP3019300-W55586","MP3019300-W55586","Behavioural change","behaviour","Implementing agency's recommendation pattern shifted year-on-year (magnitude 100%). Before/after - 2025: 409 works at a median of Rs 166,376 -> 2026: 48 works at a median of Rs 842,500. A change point is a lead, not a finding: a new officer or a revised guideline produces one too."
"MP3019300-W55586","MP3019300-W55586","Statistical outlier","multivariate","A trained anomaly detector (IsolationForest) flags this work's amount-and-age profile as unusual against the national portfolio."
"MP3018939-W37168","MP3018939-W37168","Peer amount","amount","Recommended amount at the 99th percentile of 126 comparable works (robust z 30.4)."
"MP3018939-W37168","MP3018939-W37168","Peer duration","duration","Open for longer than 95% of comparable works still in progress."
"MP3018939-W37168","MP3018939-W37168","Statistical outlier","multivariate","A trained anomaly detector (IsolationForest) flags this work's amount-and-age profile as unusual against the national portfolio."
"MP3019255-W168247","MP3019255-W168247","Peer amount","amount","Recommended amount at the 99th percentile of 126 comparable works (robust z 30.4)."
"MP3019255-W168247","MP3019255-W168247","Behavioural change","behaviour","Implementing agency's recommendation pattern shifted year-on-year (magnitude 100%). Before/after - 2025: 53 works at a median of Rs 263,500 -> 2026: 11 works at a median of Rs 1,000,000. A change point is a lead, not a finding: a new officer or a revised guideline produces one too."
"MP3019255-W168247","MP3019255-W168247","Statistical outlier","multivariate","A trained anomaly detector (IsolationForest) flags this work's amount-and-age profile as unusual against the national portfolio."
"MP3045227-W250877","MP3045227-W250877","Peer amount","amount","Recommended amount at the 98th percentile of 251 comparable works (robust z 12.1)."
"MP3045227-W250877","MP3045227-W250877","Behavioural change","behaviour","Implementing agency's recommendation pattern shifted year-on-year (magnitude 100%). Before/after - 2024: 244 works at a median of Rs 200,000 -> 2025: 6 works at a median of Rs 425,000. A change point is a lead, not a finding: a new officer or a revised guideline produces one too."
"MP3045227-W250877","MP3045227-W250877","Statistical outlier","multivariate","A trained anomaly detector (IsolationForest) flags this work's amount-and-age profile as unusual against the national portfolio."
"MP3017380-W91475","MP3017380-W91475","Peer amount","amount","Recommended amount at the 97th percentile of 252 comparable works (robust z 6.2)."
"MP3017380-W91475","MP3017380-W91475","Behavioural change","behaviour","Implementing agency's recommendation pattern shifted year-on-year (magnitude 60%). Before/after - 2024: 23 works at a median of Rs 1,000,000 -> 2025: 15 works at a median of Rs 400,000. A change point is a lead, not a finding: a new officer or a revised guideline produces one too."
"MP3017380-W91475","MP3017380-W91475","Statistical outlier","multivariate","A trained anomaly detector (IsolationForest) flags this work's amount-and-age profile as unusual against the national portfolio."
"MP3019643-W99691","MP3019643-W99691","Peer amount","amount","Recommended amount at the 97th percentile of 598 comparable works (robust z 8.1)."
"MP3019643-W99691","MP3019643-W99691","Behavioural change","behaviour","Implementing agency's recommendation pattern shifted year-on-year (magnitude 94%). Before/after - 2023: 50 works at a median of Rs 1,134,160 -> 2024: 73 works at a median of Rs 2,195,272. A change point is a lead, not a finding: a new officer or a revised guideline produces one too."
"MP3019643-W99691","MP3019643-W99691","Statistical outlier","multivariate","A trained anomaly detector (IsolationForest) flags this work's amount-and-age profile as unusual against the national portfolio."
"MP3018943-W42091","MP3018943-W42091","Peer amount","amount","Recommended amount at the 99th percentile of 112 comparable works (robust z 7.4)."
"MP3018943-W42091","MP3018943-W42091","Peer duration","duration","Open for longer than 93% of comparable works still in progress."
"MP3018943-W42091","MP3018943-W42091","Statistical outlier","multivariate","A trained anomaly detector (IsolationForest) flags this work's amount-and-age profile as unusual against the national portfolio."
"MP3042341-W175040","MP3042341-W175040","Peer amount","amount","Recommended amount at the 100th percentile of 25467 comparable works (robust z 14.3)."
"MP3042341-W175040","MP3042341-W175040","Behavioural change","behaviour","Implementing agency's recommendation pattern shifted year-on-year (magnitude 100%). Before/after - 2023: 43 works at a median of Rs 500,000 -> 2024: 11 works at a median of Rs 1,000,000. A change point is a lead, not a finding: a new officer or a revised guideline produces one too."
"MP3042341-W175040","MP3042341-W175040","Statistical outlier","multivariate","A trained anomaly detector (IsolationForest) flags this work's amount-and-age profile as unusual against the national portfolio."
"MP3018956-W68375","MP3018956-W68375","Peer amount","amount","Recommended amount at the 99th percentile of 192 comparable works (robust z 18.5)."
"MP3018956-W68375","MP3018956-W68375","Behavioural change","behaviour","Implementing agency's recommendation pattern shifted year-on-year (magnitude 64%). Before/after - 2023: 10 works at a median of Rs 2,500,000 -> 2024: 49 works at a median of Rs 900,000. A change point is a lead, not a finding: a new officer or a revised guideline produces one too."
"MP3018956-W68375","MP3018956-W68375","Statistical outlier","multivariate","A trained anomaly detector (IsolationForest) flags this work's amount-and-age profile as unusual against the national portfolio."
"MP3019255-W159541","MP3019255-W159541","Peer amount","amount","Recommended amount at the 92th percentile of 317 comparable works (robust z 12.4)."
"MP3019255-W159541","MP3019255-W159541","Behavioural change","behaviour","Implementing agency's recommendation pattern shifted year-on-year (magnitude 100%). Before/after - 2024: 10 works at a median of Rs 184,250 -> 2025: 70 works at a median of Rs 400,268. A change point is a lead, not a finding: a new officer or a revised guideline produces one too."
"MP3019255-W159541","MP3019255-W159541","Statistical outlier","multivariate","A trained anomaly detector (IsolationForest) flags this work's amount-and-age profile as unusual against the national portfolio."
"MP3019253-W216511","MP3019253-W216511","Peer amount","amount","Recommended amount at the 100th percentile of 88 comparable works (robust z 1074.3)."
"MP3019253-W216511","MP3019253-W216511","Behavioural change","behaviour","Implementing agency's recommendation pattern shifted year-on-year (magnitude 100%). Before/after - 2025: 233 works at a median of Rs 145,000 -> 2026: 113 works at a median of Rs 500,000. A change point is a lead, not a finding: a new officer or a revised guideline produces one too."
"MP3019253-W216511","MP3019253-W216511","Statistical outlier","multivariate","A trained anomaly detector (IsolationForest) flags this work's amount-and-age profile as unusual against the national portfolio."
"MP3017304-W142704","MP3017304-W142704","Peer amount","amount","Recommended amount at the 97th percentile of 598 comparable works (robust z 8.1)."
"MP3017304-W142704","MP3017304-W142704","Behavioural change","behaviour","Implementing agency's recommendation pattern shifted year-on-year (magnitude 78%). Before/after - 2023: 154 works at a median of Rs 450,000 -> 2024: 68 works at a median of Rs 799,932. A change point is a lead, not a finding: a new officer or a revised guideline produces one too."
"MP3017304-W142704","MP3017304-W142704","Statistical outlier","multivariate","A trained anomaly detector (IsolationForest) flags this work's amount-and-age profile as unusual against the national portfolio."
"MP3019167-W170954","MP3019167-W170954","Peer amount","amount","Recommended amount at the 97th percentile of 598 comparable works (robust z 8.1)."
"MP3019167-W170954","MP3019167-W170954","Behavioural change","behaviour","Implementing agency's recommendation pattern shifted year-on-year (magnitude 78%). Before/after - 2023: 154 works at a median of Rs 450,000 -> 2024: 68 works at a median of Rs 799,932. A change point is a lead, not a finding: a new officer or a revised guideline produces one too."
"MP3019167-W170954","MP3019167-W170954","Statistical outlier","multivariate","A trained anomaly detector (IsolationForest) flags this work's amount-and-age profile as unusual against the national portfolio."
"MP3019004-W118305","MP3019004-W118305","Peer amount","amount","Recommended amount at the 100th percentile of 16189 comparable works (robust z 10.3)."
"MP3019004-W118305","MP3019004-W118305","Peer duration","duration","Open for longer than 100% of comparable works still in progress."
"MP3019004-W118305","MP3019004-W118305","Behavioural change","behaviour","Implementing agency's recommendation pattern shifted year-on-year (magnitude 100%). Before/after - 2025: 195 works at a median of Rs 200,000 -> 2026: 81 works at a median of Rs 500,000. A change point is a lead, not a finding: a new officer or a revised guideline produces one too."
"MP3019173-W71924","MP3019173-W71924","Peer amount","amount","Recommended amount at the 100th percentile of 766 comparable works (robust z 25.8)."
"MP3019173-W71924","MP3019173-W71924","Peer duration","duration","Open for longer than 93% of comparable works still in progress."
"MP3019173-W71924","MP3019173-W71924","Behavioural change","behaviour","Implementing agency's recommendation pattern shifted year-on-year (magnitude 58%). Before/after - 2025: 47 works at a median of Rs 1,500,000 -> 2026: 47 works at a median of Rs 630,000. A change point is a lead, not a finding: a new officer or a revised guideline produces one too."
"MP3019173-W71924","MP3019173-W71924","Statistical outlier","multivariate","A trained anomaly detector (IsolationForest) flags this work's amount-and-age profile as unusual against the national portfolio."
"MP3042567-W259024","MP3042567-W259024","Peer amount","amount","Recommended amount at the 100th percentile of 31 comparable works (robust z 43.9)."
"MP3042567-W259024","MP3042567-W259024","Behavioural change","behaviour","Implementing agency's recommendation pattern shifted year-on-year (magnitude 100%). Before/after - 2025: 227 works at a median of Rs 500,000 -> 2026: 48 works at a median of Rs 1,000,000. A change point is a lead, not a finding: a new officer or a revised guideline produces one too."
"MP3042567-W259024","MP3042567-W259024","Statistical outlier","multivariate","A trained anomaly detector (IsolationForest) flags this work's amount-and-age profile as unusual against the national portfolio."
"MP3018342-W70170","MP3018342-W70170","Peer amount","amount","Recommended amount at the 96th percentile of 112 comparable works (robust z 15.2)."
"MP3018342-W70170","MP3018342-W70170","Behavioural change","behaviour","Implementing agency's recommendation pattern shifted year-on-year (magnitude 73%). Before/after - 2024: 30 works at a median of Rs 497,850 -> 2025: 28 works at a median of Rs 859,221. A change point is a lead, not a finding: a new officer or a revised guideline produces one too."
"MP3018342-W70170","MP3018342-W70170","Statistical outlier","multivariate","A trained anomaly detector (IsolationForest) flags this work's amount-and-age profile as unusual against the national portfolio."
"MP3017368-W232164","MP3017368-W232164","Peer amount","amount","Recommended amount at the 100th percentile of 30 comparable works (robust z 35.7)."
"MP3017368-W232164","MP3017368-W232164","Behavioural change","behaviour","Implementing agency's recommendation pattern shifted year-on-year (magnitude 67%). Before/after - 2024: 200 works at a median of Rs 300,000 -> 2025: 245 works at a median of Rs 500,000. A change point is a lead, not a finding: a new officer or a revised guideline produces one too."
"MP3017368-W232164","MP3017368-W232164","Statistical outlier","multivariate","A trained anomaly detector (IsolationForest) flags this work's amount-and-age profile as unusual against the national portfolio."
"MP3017496-W52172","MP3017496-W52172","Peer amount","amount","Recommended amount at the 99th percentile of 1827 comparable works (robust z 14.2)."
"MP3017496-W52172","MP3017496-W52172","Peer duration","duration","Open for longer than 95% of comparable works still in progress."
"MP3017496-W52172","MP3017496-W52172","Behavioural change","behaviour","Implementing agency's recommendation pattern shifted year-on-year (magnitude 54%). Before/after - 2025: 441 works at a median of Rs 325,000 -> 2026: 27 works at a median of Rs 500,000. A change point is a lead, not a finding: a new officer or a revised guideline produces one too."
"MP3023812-W183657","MP3023812-W183657","Peer amount","amount","Recommended amount at the 100th percentile of 63 comparable works (robust z 7.8)."
"MP3023812-W183657","MP3023812-W183657","Behavioural change","behaviour","Implementing agency's recommendation pattern shifted year-on-year (magnitude 100%). Before/after - 2025: 156 works at a median of Rs 500,000 -> 2026: 29 works at a median of Rs 1,100,000. A change point is a lead, not a finding: a new officer or a revised guideline produces one too."
"MP3023812-W183657","MP3023812-W183657","Statistical outlier","multivariate","A trained anomaly detector (IsolationForest) flags this work's amount-and-age profile as unusual against the national portfolio."
"MP3017171-W46809","MP3017171-W46809","Peer amount","amount","Recommended amount at the 98th percentile of 1637 comparable works (robust z 5.4)."
"MP3017171-W46809","MP3017171-W46809","Peer duration","duration","Open for longer than 90% of comparable works still in progress."
"MP3017171-W46809","MP3017171-W46809","Statistical outlier","multivariate","A trained anomaly detector (IsolationForest) flags this work's amount-and-age profile as unusual against the national portfolio."
"MP3019436-W210639","MP3019436-W210639","Peer amount","amount","Recommended amount at the 100th percentile of 72 comparable works (robust z 0.7)."
"MP3019436-W210639","MP3019436-W210639","Behavioural change","behaviour","Implementing agency's recommendation pattern shifted year-on-year (magnitude 100%). Before/after - 2023: 36 works at a median of Rs 927,890 -> 2024: 5 works at a median of Rs 2,511,808. A change point is a lead, not a finding: a new officer or a revised guideline produces one too."
"MP3019436-W210639","MP3019436-W210639","Statistical outlier","multivariate","A trained anomaly detector (IsolationForest) flags this work's amount-and-age profile as unusual against the national portfolio."
"MP3017489-W907","MP3017489-W907","Peer amount","amount","Recommended amount at the 96th percentile of 63 comparable works (robust z 5.4)."
"MP3017489-W907","MP3017489-W907","Peer duration","duration","Open for longer than 100% of comparable works still in progress."
"MP3017489-W907","MP3017489-W907","Behavioural change","behaviour","Implementing agency's recommendation pattern shifted year-on-year (magnitude 100%). Before/after - 2025: 156 works at a median of Rs 500,000 -> 2026: 29 works at a median of Rs 1,100,000. A change point is a lead, not a finding: a new officer or a revised guideline produces one too."
"MP3017489-W907","MP3017489-W907","Statistical outlier","multivariate","A trained anomaly detector (IsolationForest) flags this work's amount-and-age profile as unusual against the national portfolio."
"MP3019007-W122631","MP3019007-W122631","Peer amount","amount","Recommended amount at the 100th percentile of 468 comparable works (robust z 21.1)."
"MP3019007-W122631","MP3019007-W122631","Behavioural change","behaviour","Implementing agency's recommendation pattern shifted year-on-year (magnitude 66%). Before/after - 2025: 18 works at a median of Rs 445,268 -> 2026: 30 works at a median of Rs 737,500. A change point is a lead, not a finding: a new officer or a revised guideline produces one too."
"MP3019007-W122631","MP3019007-W122631","Statistical outlier","multivariate","A trained anomaly detector (IsolationForest) flags this work's amount-and-age profile as unusual against the national portfolio."
"MP3017278-W251752","MP3017278-W251752","Peer amount","amount","Recommended amount at the 98th percentile of 42 comparable works (robust z 4.3)."
"MP3017278-W251752","MP3017278-W251752","Behavioural change","behaviour","Implementing agency's recommendation pattern shifted year-on-year (magnitude 100%). Before/after - 2024: 5 works at a median of Rs 1,000,000 -> 2025: 11 works at a median of Rs 2,000,000. A change point is a lead, not a finding: a new officer or a revised guideline produces one too."
"MP3017278-W251752","MP3017278-W251752","Statistical outlier","multivariate","A trained anomaly detector (IsolationForest) flags this work's amount-and-age profile as unusual against the national portfolio."
"MP3019243-W100839","MP3019243-W100839","Peer amount","amount","Recommended amount at the 97th percentile of 598 comparable works (robust z 8.1)."
"MP3019243-W100839","MP3019243-W100839","Behavioural change","behaviour","Implementing agency's recommendation pattern shifted year-on-year (magnitude 65%). Before/after - 2024: 122 works at a median of Rs 909,000 -> 2025: 83 works at a median of Rs 1,500,000. A change point is a lead, not a finding: a new officer or a revised guideline produces one too."
"MP3019243-W100839","MP3019243-W100839","Statistical outlier","multivariate","A trained anomaly detector (IsolationForest) flags this work's amount-and-age profile as unusual against the national portfolio."
"MP3017455-W273242","MP3017455-W273242","Peer amount","amount","Recommended amount at the 99th percentile of 1462 comparable works (robust z 19.3)."
"MP3017455-W273242","MP3017455-W273242","Behavioural change","behaviour","Implementing agency's recommendation pattern shifted year-on-year (magnitude 94%). Before/after - 2023: 50 works at a median of Rs 1,134,160 -> 2024: 73 works at a median of Rs 2,195,272. A change point is a lead, not a finding: a new officer or a revised guideline produces one too."
"MP3017455-W273242","MP3017455-W273242","Statistical outlier","multivariate","A trained anomaly detector (IsolationForest) flags this work's amount-and-age profile as unusual against the national portfolio."
"MP3019235-W152381","MP3019235-W152381","Peer amount","amount","Recommended amount at the 97th percentile of 246 comparable works (robust z 6.8)."
"MP3019235-W152381","MP3019235-W152381","Behavioural change","behaviour","Implementing agency's recommendation pattern shifted year-on-year (magnitude 85%). Before/after - 2024: 60 works at a median of Rs 420,000 -> 2025: 44 works at a median of Rs 775,461. A change point is a lead, not a finding: a new officer or a revised guideline produces one too."
"MP3019235-W152381","MP3019235-W152381","Statistical outlier","multivariate","A trained anomaly detector (IsolationForest) flags this work's amount-and-age profile as unusual against the national portfolio."
"MP3019235-W152382","MP3019235-W152382","Peer amount","amount","Recommended amount at the 97th percentile of 246 comparable works (robust z 6.8)."
"MP3019235-W152382","MP3019235-W152382","Behavioural change","behaviour","Implementing agency's recommendation pattern shifted year-on-year (magnitude 85%). Before/after - 2024: 60 works at a median of Rs 420,000 -> 2025: 44 works at a median of Rs 775,461. A change point is a lead, not a finding: a new officer or a revised guideline produces one too."
"MP3019235-W152382","MP3019235-W152382","Statistical outlier","multivariate","A trained anomaly detector (IsolationForest) flags this work's amount-and-age profile as unusual against the national portfolio."
"MP3019235-W209067","MP3019235-W209067","Peer amount","amount","Recommended amount at the 100th percentile of 1827 comparable works (robust z 21.6)."
"MP3019235-W209067","MP3019235-W209067","Behavioural change","behaviour","Implementing agency's recommendation pattern shifted year-on-year (magnitude 85%). Before/after - 2024: 60 works at a median of Rs 420,000 -> 2025: 44 works at a median of Rs 775,461. A change point is a lead, not a finding: a new officer or a revised guideline produces one too."
"MP3019235-W209067","MP3019235-W209067","Statistical outlier","multivariate","A trained anomaly detector (IsolationForest) flags this work's amount-and-age profile as unusual against the national portfolio."
"MP3017328-W141250","MP3017328-W141250","Peer amount","amount","Recommended amount at the 100th percentile of 116 comparable works (robust z 6.7)."
"MP3017328-W141250","MP3017328-W141250","Behavioural change","behaviour","Implementing agency's recommendation pattern shifted year-on-year (magnitude 100%). Before/after - 2024: 90 works at a median of Rs 500,000 -> 2025: 23 works at a median of Rs 3,754,000. A change point is a lead, not a finding: a new officer or a revised guideline produces one too."
"MP3017328-W141250","MP3017328-W141250","Statistical outlier","multivariate","A trained anomaly detector (IsolationForest) flags this work's amount-and-age profile as unusual against the national portfolio."
"MP3061320-W261384","MP3061320-W261384","Peer amount","amount","Recommended amount at the 97th percentile of 598 comparable works (robust z 8.1)."
"MP3061320-W261384","MP3061320-W261384","Behavioural change","behaviour","Implementing agency's recommendation pattern shifted year-on-year (magnitude 53%). Before/after - 2024: 88 works at a median of Rs 519,995 -> 2025: 79 works at a median of Rs 797,664. A change point is a lead, not a finding: a new officer or a revised guideline produces one too."
"MP3061320-W261384","MP3061320-W261384","Statistical outlier","multivariate","A trained anomaly detector (IsolationForest) flags this work's amount-and-age profile as unusual against the national portfolio."
"MP3061320-W261385","MP3061320-W261385","Peer amount","amount","Recommended amount at the 97th percentile of 598 comparable works (robust z 8.1)."
"MP3061320-W261385","MP3061320-W261385","Behavioural change","behaviour","Implementing agency's recommendation pattern shifted year-on-year (magnitude 53%). Before/after - 2024: 88 works at a median of Rs 519,995 -> 2025: 79 works at a median of Rs 797,664. A change point is a lead, not a finding: a new officer or a revised guideline produces one too."
"MP3061320-W261385","MP3061320-W261385","Statistical outlier","multivariate","A trained anomaly detector (IsolationForest) flags this work's amount-and-age profile as unusual against the national portfolio."
"MP3042797-W157891","MP3042797-W157891","Peer amount","amount","Recommended amount at the 94th percentile of 598 comparable works (robust z 7.7)."
"MP3042797-W157891","MP3042797-W157891","Behavioural change","behaviour","Implementing agency's recommendation pattern shifted year-on-year (magnitude 82%). Before/after - 2023: 157 works at a median of Rs 498,968 -> 2024: 16 works at a median of Rs 907,653. A change point is a lead, not a finding: a new officer or a revised guideline produces one too."
"MP3042797-W157891","MP3042797-W157891","Statistical outlier","multivariate","A trained anomaly detector (IsolationForest) flags this work's amount-and-age profile as unusual against the national portfolio."
"MP3017405-W43020","MP3017405-W43020","Peer amount","amount","Recommended amount at the 100th percentile of 42 comparable works (robust z 33.7)."
"MP3017405-W43020","MP3017405-W43020","Peer duration","duration","Open for longer than 96% of comparable works still in progress."
"MP3017405-W43020","MP3017405-W43020","Behavioural change","behaviour","Implementing agency's recommendation pattern shifted year-on-year (magnitude 100%). Before/after - 2025: 41 works at a median of Rs 499,000 -> 2026: 49 works at a median of Rs 3,400,000. A change point is a lead, not a finding: a new officer or a revised guideline produces one too."
"MP3017405-W43020","MP3017405-W43020","Statistical outlier","multivariate","A trained anomaly detector (IsolationForest) flags this work's amount-and-age profile as unusual against the national portfolio."
"MP3018400-W514","MP3018400-W514","Peer amount","amount","Recommended amount at the 99th percentile of 155 comparable works (robust z 18.6)."
"MP3018400-W514","MP3018400-W514","Peer duration","duration","Open for longer than 95% of comparable works still in progress."
"MP3018400-W514","MP3018400-W514","Statistical outlier","multivariate","A trained anomaly detector (IsolationForest) flags this work's amount-and-age profile as unusual against the national portfolio."
"MP3050536-W279146","MP3050536-W279146","Peer amount","amount","Recommended amount at the 96th percentile of 568 comparable works (robust z 5.4)."
"MP3050536-W279146","MP3050536-W279146","Behavioural change","behaviour","Implementing agency's recommendation pattern shifted year-on-year (magnitude 100%). Before/after - 2024: 91 works at a median of Rs 239,428 -> 2025: 34 works at a median of Rs 500,000. A change point is a lead, not a finding: a new officer or a revised guideline produces one too."
"MP3050536-W279146","MP3050536-W279146","Statistical outlier","multivariate","A trained anomaly detector (IsolationForest) flags this work's amount-and-age profile as unusual against the national portfolio."
"MP3019528-W49803","MP3019528-W49803","Peer amount","amount","Recommended amount at the 98th percentile of 7203 comparable works (robust z 4.4)."
"MP3019528-W49803","MP3019528-W49803","Peer duration","duration","Open for longer than 90% of comparable works still in progress."
"MP3019528-W49803","MP3019528-W49803","Behavioural change","behaviour","Implementing agency's recommendation pattern shifted year-on-year (magnitude 100%). Before/after - 2022: 14 works at a median of Rs 142,500 -> 2023: 128 works at a median of Rs 516,000. A change point is a lead, not a finding: a new officer or a revised guideline produces one too."
"MP3042529-W283395","MP3042529-W283395","Peer amount","amount","Recommended amount at the 100th percentile of 4191 comparable works (robust z 67.5)."
"MP3042529-W283395","MP3042529-W283395","Behavioural change","behaviour","Implementing agency's recommendation pattern shifted year-on-year (magnitude 100%). Before/after - 2024: 98 works at a median of Rs 331,712 -> 2025: 44 works at a median of Rs 1,000,000. A change point is a lead, not a finding: a new officer or a revised guideline produces one too."
"MP3042529-W283395","MP3042529-W283395","Statistical outlier","multivariate","A trained anomaly detector (IsolationForest) flags this work's amount-and-age profile as unusual against the national portfolio."
"MP3017328-W141234","MP3017328-W141234","Peer amount","amount","Recommended amount at the 99th percentile of 308 comparable works (robust z 6.2)."
"MP3017328-W141234","MP3017328-W141234","Behavioural change","behaviour","Implementing agency's recommendation pattern shifted year-on-year (magnitude 100%). Before/after - 2024: 90 works at a median of Rs 500,000 -> 2025: 23 works at a median of Rs 3,754,000. A change point is a lead, not a finding: a new officer or a revised guideline produces one too."
"MP3017328-W141234","MP3017328-W141234","Statistical outlier","multivariate","A trained anomaly detector (IsolationForest) flags this work's amount-and-age profile as unusual against the national portfolio."
"MP3042382-W255585","MP3042382-W255585","Peer amount","amount","Recommended amount at the 100th percentile of 311 comparable works (robust z 34.3)."
"MP3042382-W255585","MP3042382-W255585","Behavioural change","behaviour","Implementing agency's recommendation pattern shifted year-on-year (magnitude 100%). Before/after - 2024: 175 works at a median of Rs 306,327 -> 2025: 73 works at a median of Rs 1,000,000. A change point is a lead, not a finding: a new officer or a revised guideline produces one too."
"MP3042382-W255585","MP3042382-W255585","Statistical outlier","multivariate","A trained anomaly detector (IsolationForest) flags this work's amount-and-age profile as unusual against the national portfolio."
"MP3018396-W93516","MP3018396-W93516","Peer amount","amount","Recommended amount at the 91th percentile of 152 comparable works (robust z 1.7)."
"MP3018396-W93516","MP3018396-W93516","Behavioural change","behaviour","Implementing agency's recommendation pattern shifted year-on-year (magnitude 94%). Before/after - 2023: 50 works at a median of Rs 1,134,160 -> 2024: 73 works at a median of Rs 2,195,272. A change point is a lead, not a finding: a new officer or a revised guideline produces one too."
"MP3018396-W93516","MP3018396-W93516","Statistical outlier","multivariate","A trained anomaly detector (IsolationForest) flags this work's amount-and-age profile as unusual against the national portfolio."
"MP3019529-W81453","MP3019529-W81453","Peer amount","amount","Recommended amount at the 99th percentile of 157 comparable works (robust z 0.0)."
"MP3019529-W81453","MP3019529-W81453","Peer duration","duration","Open for longer than 97% of comparable works still in progress."
"MP3019529-W81453","MP3019529-W81453","Behavioural change","behaviour","Implementing agency's recommendation pattern shifted year-on-year (magnitude 80%). Before/after - 2025: 269 works at a median of Rs 500,000 -> 2026: 78 works at a median of Rs 900,000. A change point is a lead, not a finding: a new officer or a revised guideline produces one too."
"MP3019529-W81453","MP3019529-W81453","Statistical outlier","multivariate","A trained anomaly detector (IsolationForest) flags this work's amount-and-age profile as unusual against the national portfolio."
"MP3044066-W201271","MP3044066-W201271","Peer amount","amount","Recommended amount at the 99th percentile of 1855 comparable works (robust z 2981.5)."
"MP3044066-W201271","MP3044066-W201271","Behavioural change","behaviour","Implementing agency's recommendation pattern shifted year-on-year (magnitude 80%). Before/after - 2025: 269 works at a median of Rs 500,000 -> 2026: 78 works at a median of Rs 900,000. A change point is a lead, not a finding: a new officer or a revised guideline produces one too."
"MP3044066-W201271","MP3044066-W201271","Statistical outlier","multivariate","A trained anomaly detector (IsolationForest) flags this work's amount-and-age profile as unusual against the national portfolio."
"MP3044066-W201271","MP3044066-W201271","Near-duplicate work","duplication","A work in the same state and archetype is 100.0% semantically similar (MP3044066-W201272). Repeated descriptions are common in this scheme, so a human should confirm these are genuinely separate works."
"MP3044066-W201272","MP3044066-W201272","Peer amount","amount","Recommended amount at the 99th percentile of 1855 comparable works (robust z 2981.5)."
"MP3044066-W201272","MP3044066-W201272","Behavioural change","behaviour","Implementing agency's recommendation pattern shifted year-on-year (magnitude 80%). Before/after - 2025: 269 works at a median of Rs 500,000 -> 2026: 78 works at a median of Rs 900,000. A change point is a lead, not a finding: a new officer or a revised guideline produces one too."
"MP3044066-W201272","MP3044066-W201272","Statistical outlier","multivariate","A trained anomaly detector (IsolationForest) flags this work's amount-and-age profile as unusual against the national portfolio."
"MP3044066-W201272","MP3044066-W201272","Near-duplicate work","duplication","A work in the same state and archetype is 100.0% semantically similar (MP3044066-W204268). Repeated descriptions are common in this scheme, so a human should confirm these are genuinely separate works."
"MP3044066-W204268","MP3044066-W204268","Peer amount","amount","Recommended amount at the 99th percentile of 1855 comparable works (robust z 2981.5)."
"MP3044066-W204268","MP3044066-W204268","Behavioural change","behaviour","Implementing agency's recommendation pattern shifted year-on-year (magnitude 80%). Before/after - 2025: 269 works at a median of Rs 500,000 -> 2026: 78 works at a median of Rs 900,000. A change point is a lead, not a finding: a new officer or a revised guideline produces one too."
"MP3044066-W204268","MP3044066-W204268","Statistical outlier","multivariate","A trained anomaly detector (IsolationForest) flags this work's amount-and-age profile as unusual against the national portfolio."
"MP3044066-W204268","MP3044066-W204268","Near-duplicate work","duplication","A work in the same state and archetype is 100.0% semantically similar (MP3044066-W204269). Repeated descriptions are common in this scheme, so a human should confirm these are genuinely separate works."
"MP3044066-W204269","MP3044066-W204269","Peer amount","amount","Recommended amount at the 99th percentile of 1855 comparable works (robust z 2981.5)."
"MP3044066-W204269","MP3044066-W204269","Behavioural change","behaviour","Implementing agency's recommendation pattern shifted year-on-year (magnitude 80%). Before/after - 2025: 269 works at a median of Rs 500,000 -> 2026: 78 works at a median of Rs 900,000. A change point is a lead, not a finding: a new officer or a revised guideline produces one too."
"MP3044066-W204269","MP3044066-W204269","Statistical outlier","multivariate","A trained anomaly detector (IsolationForest) flags this work's amount-and-age profile as unusual against the national portfolio."
"MP3044066-W204269","MP3044066-W204269","Near-duplicate work","duplication","A work in the same state and archetype is 100.0% semantically similar (MP3044066-W204268). Repeated descriptions are common in this scheme, so a human should confirm these are genuinely separate works."
"MP3019087-W102300","MP3019087-W102300","Peer amount","amount","Recommended amount at the 98th percentile of 59 comparable works (robust z 5.4)."
"MP3019087-W102300","MP3019087-W102300","Peer duration","duration","Open for longer than 91% of comparable works still in progress."
"MP3019087-W102300","MP3019087-W102300","Behavioural change","behaviour","Implementing agency's recommendation pattern shifted year-on-year (magnitude 100%). Before/after - 2023: 133 works at a median of Rs 400,000 -> 2024: 89 works at a median of Rs 998,500. A change point is a lead, not a finding: a new officer or a revised guideline produces one too."
"MP3019087-W102300","MP3019087-W102300","Statistical outlier","multivariate","A trained anomaly detector (IsolationForest) flags this work's amount-and-age profile as unusual against the national portfolio."
"MP3017288-W196007","MP3017288-W196007","Peer amount","amount","Recommended amount at the 99th percentile of 72 comparable works (robust z 18.4)."
"MP3017288-W196007","MP3017288-W196007","Behavioural change","behaviour","Implementing agency's recommendation pattern shifted year-on-year (magnitude 100%). Before/after - 2024: 38 works at a median of Rs 500,000 -> 2025: 8 works at a median of Rs 1,000,000. A change point is a lead, not a finding: a new officer or a revised guideline produces one too."
"MP3017288-W196007","MP3017288-W196007","Statistical outlier","multivariate","A trained anomaly detector (IsolationForest) flags this work's amount-and-age profile as unusual against the national portfolio."
"MP3019643-W213689","MP3019643-W213689","Peer amount","amount","Recommended amount at the 90th percentile of 152 comparable works (robust z 1.7)."
"MP3019643-W213689","MP3019643-W213689","Behavioural change","behaviour","Implementing agency's recommendation pattern shifted year-on-year (magnitude 94%). Before/after - 2023: 50 works at a median of Rs 1,134,160 -> 2024: 73 works at a median of Rs 2,195,272. A change point is a lead, not a finding: a new officer or a revised guideline produces one too."
"MP3019643-W213689","MP3019643-W213689","Statistical outlier","multivariate","A trained anomaly detector (IsolationForest) flags this work's amount-and-age profile as unusual against the national portfolio."
"MP3017417-W169147","MP3017417-W169147","Peer amount","amount","Recommended amount at the 100th percentile of 340 comparable works (robust z 11.9)."
"MP3017417-W169147","MP3017417-W169147","Behavioural change","behaviour","Implementing agency's recommendation pattern shifted year-on-year (magnitude 100%). Before/after - 2025: 235 works at a median of Rs 249,000 -> 2026: 20 works at a median of Rs 530,000. A change point is a lead, not a finding: a new officer or a revised guideline produces one too."
"MP3017417-W169147","MP3017417-W169147","Statistical outlier","multivariate","A trained anomaly detector (IsolationForest) flags this work's amount-and-age profile as unusual against the national portfolio."
"MP3020004-W164047","MP3020004-W164047","Peer amount","amount","Recommended amount at the 98th percentile of 223 comparable works (robust z 6.0)."
"MP3020004-W164047","MP3020004-W164047","Behavioural change","behaviour","Implementing agency's recommendation pattern shifted year-on-year (magnitude 75%). Before/after - 2024: 9 works at a median of Rs 1,713,944 -> 2025: 24 works at a median of Rs 421,700. A change point is a lead, not a finding: a new officer or a revised guideline produces one too."
"MP3020004-W164047","MP3020004-W164047","Statistical outlier","multivariate","A trained anomaly detector (IsolationForest) flags this work's amount-and-age profile as unusual against the national portfolio."
"MP3042546-W208642","MP3042546-W208642","Peer amount","amount","Recommended amount at the 94th percentile of 66 comparable works (robust z 4.8)."
"MP3042546-W208642","MP3042546-W208642","Behavioural change","behaviour","Implementing agency's recommendation pattern shifted year-on-year (magnitude 100%). Before/after - 2025: 230 works at a median of Rs 349,867 -> 2026: 36 works at a median of Rs 2,750,000. A change point is a lead, not a finding: a new officer or a revised guideline produces one too."
"MP3042546-W208642","MP3042546-W208642","Statistical outlier","multivariate","A trained anomaly detector (IsolationForest) flags this work's amount-and-age profile as unusual against the national portfolio."
"MP3042546-W208641","MP3042546-W208641","Peer amount","amount","Recommended amount at the 92th percentile of 66 comparable works (robust z 4.8)."
"MP3042546-W208641","MP3042546-W208641","Behavioural change","behaviour","Implementing agency's recommendation pattern shifted year-on-year (magnitude 100%). Before/after - 2025: 230 works at a median of Rs 349,867 -> 2026: 36 works at a median of Rs 2,750,000. A change point is a lead, not a finding: a new officer or a revised guideline produces one too."
"MP3042546-W208641","MP3042546-W208641","Statistical outlier","multivariate","A trained anomaly detector (IsolationForest) flags this work's amount-and-age profile as unusual against the national portfolio."
"MP3018418-W59292","MP3018418-W59292","Peer amount","amount","Recommended amount at the 98th percentile of 246 comparable works (robust z 8.1)."
"MP3018418-W59292","MP3018418-W59292","Behavioural change","behaviour","Implementing agency's recommendation pattern shifted year-on-year (magnitude 100%). Before/after - 2025: 409 works at a median of Rs 166,376 -> 2026: 48 works at a median of Rs 842,500. A change point is a lead, not a finding: a new officer or a revised guideline produces one too."
"MP3018418-W59292","MP3018418-W59292","Statistical outlier","multivariate","A trained anomaly detector (IsolationForest) flags this work's amount-and-age profile as unusual against the national portfolio."
"MP3017242-W259563","MP3017242-W259563","Peer amount","amount","Recommended amount at the 97th percentile of 120 comparable works (robust z 294.8)."
"MP3017242-W259563","MP3017242-W259563","Behavioural change","behaviour","Implementing agency's recommendation pattern shifted year-on-year (magnitude 100%). Before/after - 2025: 41 works at a median of Rs 499,000 -> 2026: 49 works at a median of Rs 3,400,000. A change point is a lead, not a finding: a new officer or a revised guideline produces one too."
"MP3017242-W259563","MP3017242-W259563","Statistical outlier","multivariate","A trained anomaly detector (IsolationForest) flags this work's amount-and-age profile as unusual against the national portfolio."
"MP3050536-W245769","MP3050536-W245769","Peer amount","amount","Recommended amount at the 99th percentile of 2550 comparable works (robust z 277.4)."
"MP3050536-W245769","MP3050536-W245769","Behavioural change","behaviour","Implementing agency's recommendation pattern shifted year-on-year (magnitude 100%). Before/after - 2024: 91 works at a median of Rs 239,428 -> 2025: 34 works at a median of Rs 500,000. A change point is a lead, not a finding: a new officer or a revised guideline produces one too."
"MP3050536-W245769","MP3050536-W245769","Statistical outlier","multivariate","A trained anomaly detector (IsolationForest) flags this work's amount-and-age profile as unusual against the national portfolio."
"MP3042333-W173052","MP3042333-W173052","Peer amount","amount","Recommended amount at the 100th percentile of 502 comparable works (robust z 60.7)."
"MP3042333-W173052","MP3042333-W173052","Behavioural change","behaviour","Implementing agency's recommendation pattern shifted year-on-year (magnitude 60%). Before/after - 2024: 63 works at a median of Rs 100,000 -> 2025: 478 works at a median of Rs 160,000. A change point is a lead, not a finding: a new officer or a revised guideline produces one too."
"MP3042333-W173052","MP3042333-W173052","Statistical outlier","multivariate","A trained anomaly detector (IsolationForest) flags this work's amount-and-age profile as unusual against the national portfolio."
"MP3017307-W213229","MP3017307-W213229","Peer amount","amount","Recommended amount at the 93th percentile of 152 comparable works (robust z 2.0)."
"MP3017307-W213229","MP3017307-W213229","Behavioural change","behaviour","Implementing agency's recommendation pattern shifted year-on-year (magnitude 56%). Before/after - 2025: 124 works at a median of Rs 700,000 -> 2026: 6 works at a median of Rs 1,090,000. A change point is a lead, not a finding: a new officer or a revised guideline produces one too."
"MP3017307-W213229","MP3017307-W213229","Statistical outlier","multivariate","A trained anomaly detector (IsolationForest) flags this work's amount-and-age profile as unusual against the national portfolio."
"MP3018342-W70152","MP3018342-W70152","Peer amount","amount","Recommended amount at the 96th percentile of 568 comparable works (robust z 5.4)."
"MP3018342-W70152","MP3018342-W70152","Behavioural change","behaviour","Implementing agency's recommendation pattern shifted year-on-year (magnitude 73%). Before/after - 2024: 30 works at a median of Rs 497,850 -> 2025: 28 works at a median of Rs 859,221. A change point is a lead, not a finding: a new officer or a revised guideline produces one too."
"MP3018342-W70152","MP3018342-W70152","Statistical outlier","multivariate","A trained anomaly detector (IsolationForest) flags this work's amount-and-age profile as unusual against the national portfolio."
"MP3019193-W8626","MP3019193-W8626","Peer amount","amount","Recommended amount at the 91th percentile of 35 comparable works (robust z 3.8)."
"MP3019193-W8626","MP3019193-W8626","Peer duration","duration","Open for longer than 96% of comparable works still in progress."
"MP3019193-W8626","MP3019193-W8626","Behavioural change","behaviour","Implementing agency's recommendation pattern shifted year-on-year (magnitude 100%). Before/after - 2025: 136 works at a median of Rs 212,074 -> 2026: 21 works at a median of Rs 1,017,017. A change point is a lead, not a finding: a new officer or a revised guideline produces one too."
"MP3019193-W8626","MP3019193-W8626","Statistical outlier","multivariate","A trained anomaly detector (IsolationForest) flags this work's amount-and-age profile as unusual against the national portfolio."
"MP3042283-W242290","MP3042283-W242290","Peer amount","amount","Recommended amount at the 95th percentile of 568 comparable works (robust z 5.3)."
"MP3042283-W242290","MP3042283-W242290","Behavioural change","behaviour","Implementing agency's recommendation pattern shifted year-on-year (magnitude 83%). Before/after - 2023: 6 works at a median of Rs 2,309,328 -> 2024: 124 works at a median of Rs 400,000. A change point is a lead, not a finding: a new officer or a revised guideline produces one too."
"MP3042283-W242290","MP3042283-W242290","Statistical outlier","multivariate","A trained anomaly detector (IsolationForest) flags this work's amount-and-age profile as unusual against the national portfolio."
"MP3042295-W166142","MP3042295-W166142","Peer amount","amount","Recommended amount at the 100th percentile of 919 comparable works (robust z 45.9)."
"MP3042295-W166142","MP3042295-W166142","Behavioural change","behaviour","Implementing agency's recommendation pattern shifted year-on-year (magnitude 100%). Before/after - 2024: 109 works at a median of Rs 400,000 -> 2025: 30 works at a median of Rs 900,000. A change point is a lead, not a finding: a new officer or a revised guideline produces one too."
"MP3042295-W166142","MP3042295-W166142","Statistical outlier","multivariate","A trained anomaly detector (IsolationForest) flags this work's amount-and-age profile as unusual against the national portfolio."
"MP3017441-W42079","MP3017441-W42079","Peer amount","amount","Recommended amount at the 100th percentile of 615 comparable works (robust z 22.9)."
"MP3017441-W42079","MP3017441-W42079","Peer duration","duration","Open for longer than 98% of comparable works still in progress."
"MP3017441-W42079","MP3017441-W42079","Behavioural change","behaviour","Implementing agency's recommendation pattern shifted year-on-year (magnitude 100%). Before/after - 2023: 154 works at a median of Rs 167,450 -> 2024: 18 works at a median of Rs 424,227. A change point is a lead, not a finding: a new officer or a revised guideline produces one too."
"MP3017376-W26536","MP3017376-W26536","Peer amount","amount","Recommended amount at the 96th percentile of 568 comparable works (robust z 5.4)."
"MP3017376-W26536","MP3017376-W26536","Behavioural change","behaviour","Implementing agency's recommendation pattern shifted year-on-year (magnitude 60%). Before/after - 2024: 134 works at a median of Rs 500,000 -> 2025: 171 works at a median of Rs 200,000. A change point is a lead, not a finding: a new officer or a revised guideline produces one too."
"MP3017376-W26536","MP3017376-W26536","Statistical outlier","multivariate","A trained anomaly detector (IsolationForest) flags this work's amount-and-age profile as unusual against the national portfolio."
"MP3042816-W277142","MP3042816-W277142","Peer amount","amount","Recommended amount at the 100th percentile of 4191 comparable works (robust z 58.7)."
"MP3042816-W277142","MP3042816-W277142","Behavioural change","behaviour","Implementing agency's recommendation pattern shifted year-on-year (magnitude 86%). Before/after - 2024: 177 works at a median of Rs 627,534 -> 2025: 125 works at a median of Rs 1,170,000. A change point is a lead, not a finding: a new officer or a revised guideline produces one too."
"MP3042816-W277142","MP3042816-W277142","Statistical outlier","multivariate","A trained anomaly detector (IsolationForest) flags this work's amount-and-age profile as unusual against the national portfolio."
"MP3042535-W207623","MP3042535-W207623","Peer amount","amount","Recommended amount at the 100th percentile of 489 comparable works (robust z 8.5)."
"MP3042535-W207623","MP3042535-W207623","Behavioural change","behaviour","Implementing agency's recommendation pattern shifted year-on-year (magnitude 100%). Before/after - 2023: 107 works at a median of Rs 41,445 -> 2024: 147 works at a median of Rs 502,000. A change point is a lead, not a finding: a new officer or a revised guideline produces one too."
"MP3042535-W207623","MP3042535-W207623","Statistical outlier","multivariate","A trained anomaly detector (IsolationForest) flags this work's amount-and-age profile as unusual against the national portfolio."
"MP3042535-W145108","MP3042535-W145108","Peer amount","amount","Recommended amount at the 100th percentile of 1827 comparable works (robust z 18.5)."
"MP3042535-W145108","MP3042535-W145108","Behavioural change","behaviour","Implementing agency's recommendation pattern shifted year-on-year (magnitude 69%). Before/after - 2025: 86 works at a median of Rs 983,000 -> 2026: 43 works at a median of Rs 300,000. A change point is a lead, not a finding: a new officer or a revised guideline produces one too."
"MP3042535-W145108","MP3042535-W145108","Statistical outlier","multivariate","A trained anomaly detector (IsolationForest) flags this work's amount-and-age profile as unusual against the national portfolio."
"MP3019243-W100834","MP3019243-W100834","Peer amount","amount","Recommended amount at the 94th percentile of 598 comparable works (robust z 7.2)."
"MP3019243-W100834","MP3019243-W100834","Behavioural change","behaviour","Implementing agency's recommendation pattern shifted year-on-year (magnitude 65%). Before/after - 2024: 122 works at a median of Rs 909,000 -> 2025: 83 works at a median of Rs 1,500,000. A change point is a lead, not a finding: a new officer or a revised guideline produces one too."
"MP3019243-W100834","MP3019243-W100834","Statistical outlier","multivariate","A trained anomaly detector (IsolationForest) flags this work's amount-and-age profile as unusual against the national portfolio."
"MP3019999-W121818","MP3019999-W121818","Peer amount","amount","Recommended amount at the 97th percentile of 791 comparable works (robust z 10.9)."
"MP3019999-W121818","MP3019999-W121818","Behavioural change","behaviour","Implementing agency's recommendation pattern shifted year-on-year (magnitude 65%). Before/after - 2025: 41 works at a median of Rs 819,952 -> 2026: 12 works at a median of Rs 284,534. A change point is a lead, not a finding: a new officer or a revised guideline produces one too."
"MP3019999-W121818","MP3019999-W121818","Statistical outlier","multivariate","A trained anomaly detector (IsolationForest) flags this work's amount-and-age profile as unusual against the national portfolio."
"MP3042382-W176443","MP3042382-W176443","Peer amount","amount","Recommended amount at the 100th percentile of 756 comparable works (robust z 11.8)."
"MP3042382-W176443","MP3042382-W176443","Behavioural change","behaviour","Implementing agency's recommendation pattern shifted year-on-year (magnitude 100%). Before/after - 2024: 175 works at a median of Rs 306,327 -> 2025: 73 works at a median of Rs 1,000,000. A change point is a lead, not a finding: a new officer or a revised guideline produces one too."
"MP3042382-W176443","MP3042382-W176443","Statistical outlier","multivariate","A trained anomaly detector (IsolationForest) flags this work's amount-and-age profile as unusual against the national portfolio."
"MP3042382-W249889","MP3042382-W249889","Peer amount","amount","Recommended amount at the 100th percentile of 239 comparable works (robust z 10.1)."
"MP3042382-W249889","MP3042382-W249889","Behavioural change","behaviour","Implementing agency's recommendation pattern shifted year-on-year (magnitude 100%). Before/after - 2024: 175 works at a median of Rs 306,327 -> 2025: 73 works at a median of Rs 1,000,000. A change point is a lead, not a finding: a new officer or a revised guideline produces one too."
"MP3042382-W249889","MP3042382-W249889","Statistical outlier","multivariate","A trained anomaly detector (IsolationForest) flags this work's amount-and-age profile as unusual against the national portfolio."
"MP3042382-W255493","MP3042382-W255493","Peer amount","amount","Recommended amount at the 100th percentile of 756 comparable works (robust z 11.8)."
"MP3042382-W255493","MP3042382-W255493","Behavioural change","behaviour","Implementing agency's recommendation pattern shifted year-on-year (magnitude 100%). Before/after - 2024: 175 works at a median of Rs 306,327 -> 2025: 73 works at a median of Rs 1,000,000. A change point is a lead, not a finding: a new officer or a revised guideline produces one too."
"MP3042382-W255493","MP3042382-W255493","Statistical outlier","multivariate","A trained anomaly detector (IsolationForest) flags this work's amount-and-age profile as unusual against the national portfolio."
"MP3017253-W272054","MP3017253-W272054","Peer amount","amount","Recommended amount at the 95th percentile of 1038 comparable works (robust z 6.3)."
"MP3017253-W272054","MP3017253-W272054","Behavioural change","behaviour","Implementing agency's recommendation pattern shifted year-on-year (magnitude 60%). Before/after - 2025: 101 works at a median of Rs 500,000 -> 2026: 41 works at a median of Rs 800,000. A change point is a lead, not a finding: a new officer or a revised guideline produces one too."
"MP3017253-W272054","MP3017253-W272054","Statistical outlier","multivariate","A trained anomaly detector (IsolationForest) flags this work's amount-and-age profile as unusual against the national portfolio."
"MP3019436-W10638","MP3019436-W10638","Peer duration","duration","Open for longer than 96% of comparable works still in progress."
"MP3019436-W10638","MP3019436-W10638","Behavioural change","behaviour","Implementing agency's recommendation pattern shifted year-on-year (magnitude 100%). Before/after - 2023: 36 works at a median of Rs 927,890 -> 2024: 5 works at a median of Rs 2,511,808. A change point is a lead, not a finding: a new officer or a revised guideline produces one too."
"MP3019436-W10638","MP3019436-W10638","Statistical outlier","multivariate","A trained anomaly detector (IsolationForest) flags this work's amount-and-age profile as unusual against the national portfolio."
"MP3018400-W513","MP3018400-W513","Peer amount","amount","Recommended amount at the 97th percentile of 155 comparable works (robust z 17.5)."
"MP3018400-W513","MP3018400-W513","Peer duration","duration","Open for longer than 95% of comparable works still in progress."
"MP3018400-W513","MP3018400-W513","Statistical outlier","multivariate","A trained anomaly detector (IsolationForest) flags this work's amount-and-age profile as unusual against the national portfolio."
"MP3017222-W157687","MP3017222-W157687","Peer amount","amount","Recommended amount at the 100th percentile of 1139 comparable works (robust z 20.7)."
"MP3017222-W157687","MP3017222-W157687","Behavioural change","behaviour","Implementing agency's recommendation pattern shifted year-on-year (magnitude 100%). Before/after - 2023: 13 works at a median of Rs 250,000 -> 2024: 7 works at a median of Rs 500,000. A change point is a lead, not a finding: a new officer or a revised guideline produces one too."
"MP3017222-W157687","MP3017222-W157687","Statistical outlier","multivariate","A trained anomaly detector (IsolationForest) flags this work's amount-and-age profile as unusual against the national portfolio."
"MP3018989-W131740","MP3018989-W131740","Peer amount","amount","Recommended amount at the 97th percentile of 1038 comparable works (robust z 8.2)."
"MP3018989-W131740","MP3018989-W131740","Behavioural change","behaviour","Implementing agency's recommendation pattern shifted year-on-year (magnitude 100%). Before/after - 2025: 66 works at a median of Rs 860,971 -> 2026: 13 works at a median of Rs 1,917,200. A change point is a lead, not a finding: a new officer or a revised guideline produces one too."
"MP3018989-W131740","MP3018989-W131740","Statistical outlier","multivariate","A trained anomaly detector (IsolationForest) flags this work's amount-and-age profile as unusual against the national portfolio."
"MP3019184-W117738","MP3019184-W117738","Peer amount","amount","Recommended amount at the 96th percentile of 3968 comparable works (robust z 11.6)."
"MP3019184-W117738","MP3019184-W117738","Behavioural change","behaviour","Implementing agency's recommendation pattern shifted year-on-year (magnitude 100%). Before/after - 2023: 109 works at a median of Rs 205,000 -> 2024: 39 works at a median of Rs 942,500. A change point is a lead, not a finding: a new officer or a revised guideline produces one too."
"MP3019184-W117738","MP3019184-W117738","Statistical outlier","multivariate","A trained anomaly detector (IsolationForest) flags this work's amount-and-age profile as unusual against the national portfolio."
"MP3042485-W174766","MP3042485-W174766","Peer amount","amount","Recommended amount at the 96th percentile of 3968 comparable works (robust z 11.6)."
"MP3042485-W174766","MP3042485-W174766","Behavioural change","behaviour","Implementing agency's recommendation pattern shifted year-on-year (magnitude 100%). Before/after - 2024: 41 works at a median of Rs 390,000 -> 2025: 5 works at a median of Rs 5,372,892. A change point is a lead, not a finding: a new officer or a revised guideline produces one too."
"MP3042485-W174766","MP3042485-W174766","Statistical outlier","multivariate","A trained anomaly detector (IsolationForest) flags this work's amount-and-age profile as unusual against the national portfolio."
"MP3044251-W198721","MP3044251-W198721","Peer amount","amount","Recommended amount at the 98th percentile of 3978 comparable works (robust z 10.1)."
"MP3044251-W198721","MP3044251-W198721","Behavioural change","behaviour","Implementing agency's recommendation pattern shifted year-on-year (magnitude 100%). Before/after - 2024: 12 works at a median of Rs 600,000 -> 2025: 9 works at a median of Rs 3,500,000. A change point is a lead, not a finding: a new officer or a revised guideline produces one too."
"MP3044251-W198721","MP3044251-W198721","Statistical outlier","multivariate","A trained anomaly detector (IsolationForest) flags this work's amount-and-age profile as unusual against the national portfolio."
"MP3042794-W229128","MP3042794-W229128","Peer amount","amount","Recommended amount at the 98th percentile of 198 comparable works (robust z 7.3)."
"MP3042794-W229128","MP3042794-W229128","Behavioural change","behaviour","Implementing agency's recommendation pattern shifted year-on-year (magnitude 100%). Before/after - 2024: 34 works at a median of Rs 200,000 -> 2025: 22 works at a median of Rs 400,000. A change point is a lead, not a finding: a new officer or a revised guideline produces one too."
"MP3042794-W229128","MP3042794-W229128","Statistical outlier","multivariate","A trained anomaly detector (IsolationForest) flags this work's amount-and-age profile as unusual against the national portfolio."
"MP3042485-W180904","MP3042485-W180904","Peer amount","amount","Recommended amount at the 95th percentile of 16171 comparable works (robust z 5.0)."
"MP3042485-W180904","MP3042485-W180904","Behavioural change","behaviour","Implementing agency's recommendation pattern shifted year-on-year (magnitude 100%). Before/after - 2023: 109 works at a median of Rs 205,000 -> 2024: 39 works at a median of Rs 942,500. A change point is a lead, not a finding: a new officer or a revised guideline produces one too."
"MP3042485-W180904","MP3042485-W180904","Statistical outlier","multivariate","A trained anomaly detector (IsolationForest) flags this work's amount-and-age profile as unusual against the national portfolio."
"MP3019147-W58625","MP3019147-W58625","Peer amount","amount","Recommended amount at the 92th percentile of 598 comparable works (robust z 6.9)."
"MP3019147-W58625","MP3019147-W58625","Behavioural change","behaviour","Implementing agency's recommendation pattern shifted year-on-year (magnitude 82%). Before/after - 2023: 157 works at a median of Rs 498,968 -> 2024: 16 works at a median of Rs 907,653. A change point is a lead, not a finding: a new officer or a revised guideline produces one too."
"MP3019147-W58625","MP3019147-W58625","Statistical outlier","multivariate","A trained anomaly detector (IsolationForest) flags this work's amount-and-age profile as unusual against the national portfolio."
"MP3019233-W266013","MP3019233-W266013","Peer amount","amount","Recommended amount at the 99th percentile of 1971 comparable works (robust z 22.0)."
"MP3019233-W266013","MP3019233-W266013","Behavioural change","behaviour","Implementing agency's recommendation pattern shifted year-on-year (magnitude 57%). Before/after - 2025: 255 works at a median of Rs 350,000 -> 2026: 112 works at a median of Rs 150,000. A change point is a lead, not a finding: a new officer or a revised guideline produces one too."
"MP3019233-W266013","MP3019233-W266013","Statistical outlier","multivariate","A trained anomaly detector (IsolationForest) flags this work's amount-and-age profile as unusual against the national portfolio."
"MP3017493-W254693","MP3017493-W254693","Peer amount","amount","Recommended amount at the 98th percentile of 628 comparable works (robust z 10.1)."
"MP3017493-W254693","MP3017493-W254693","Behavioural change","behaviour","Implementing agency's recommendation pattern shifted year-on-year (magnitude 100%). Before/after - 2025: 156 works at a median of Rs 500,000 -> 2026: 29 works at a median of Rs 1,100,000. A change point is a lead, not a finding: a new officer or a revised guideline produces one too."
"MP3017493-W254693","MP3017493-W254693","Statistical outlier","multivariate","A trained anomaly detector (IsolationForest) flags this work's amount-and-age profile as unusual against the national portfolio."
"MP3018396-W187271","MP3018396-W187271","Peer amount","amount","Recommended amount at the 99th percentile of 1462 comparable works (robust z 19.5)."
"MP3018396-W187271","MP3018396-W187271","Behavioural change","behaviour","Implementing agency's recommendation pattern shifted year-on-year (magnitude 60%). Before/after - 2024: 46 works at a median of Rs 250,000 -> 2025: 265 works at a median of Rs 400,000. A change point is a lead, not a finding: a new officer or a revised guideline produces one too."
"MP3018396-W187271","MP3018396-W187271","Statistical outlier","multivariate","A trained anomaly detector (IsolationForest) flags this work's amount-and-age profile as unusual against the national portfolio."
"MP3019050-W118424","MP3019050-W118424","Peer amount","amount","Recommended amount at the 99th percentile of 1516 comparable works (robust z 10.5)."
"MP3019050-W118424","MP3019050-W118424","Peer duration","duration","Open for longer than 96% of comparable works still in progress."
"MP3019050-W118424","MP3019050-W118424","Behavioural change","behaviour","Implementing agency's recommendation pattern shifted year-on-year (magnitude 100%). Before/after - 2024: 313 works at a median of Rs 176,468 -> 2025: 173 works at a median of Rs 400,000. A change point is a lead, not a finding: a new officer or a revised guideline produces one too."
"MP3018367-W9017","MP3018367-W9017","Peer amount","amount","Recommended amount at the 98th percentile of 1941 comparable works (robust z 5.1)."
"MP3018367-W9017","MP3018367-W9017","Peer duration","duration","Open for longer than 98% of comparable works still in progress."
"MP3018367-W9017","MP3018367-W9017","Behavioural change","behaviour","Implementing agency's recommendation pattern shifted year-on-year (magnitude 100%). Before/after - 2023: 74 works at a median of Rs 1,144,298 -> 2024: 5 works at a median of Rs 2,484,987. A change point is a lead, not a finding: a new officer or a revised guideline produces one too."
"MP3018367-W9017","MP3018367-W9017","Statistical outlier","multivariate","A trained anomaly detector (IsolationForest) flags this work's amount-and-age profile as unusual against the national portfolio."
"MP3019156-W202605","MP3019156-W202605","Peer amount","amount","Recommended amount at the 98th percentile of 598 comparable works (robust z 10.2)."
"MP3019156-W202605","MP3019156-W202605","Behavioural change","behaviour","Implementing agency's recommendation pattern shifted year-on-year (magnitude 66%). Before/after - 2025: 143 works at a median of Rs 450,000 -> 2026: 29 works at a median of Rs 748,000. A change point is a lead, not a finding: a new officer or a revised guideline produces one too."
"MP3019156-W202605","MP3019156-W202605","Statistical outlier","multivariate","A trained anomaly detector (IsolationForest) flags this work's amount-and-age profile as unusual against the national portfolio."
"MP3042468-W266346","MP3042468-W266346","Peer amount","amount","Recommended amount at the 100th percentile of 118 comparable works (robust z 10.6)."
"MP3042468-W266346","MP3042468-W266346","Behavioural change","behaviour","Implementing agency's recommendation pattern shifted year-on-year (magnitude 65%). Before/after - 2024: 122 works at a median of Rs 909,000 -> 2025: 83 works at a median of Rs 1,500,000. A change point is a lead, not a finding: a new officer or a revised guideline produces one too."
"MP3042468-W266346","MP3042468-W266346","Statistical outlier","multivariate","A trained anomaly detector (IsolationForest) flags this work's amount-and-age profile as unusual against the national portfolio."
"MP3017281-W46813","MP3017281-W46813","Peer amount","amount","Recommended amount at the 97th percentile of 1787 comparable works (robust z 14.8)."
"MP3017281-W46813","MP3017281-W46813","Peer duration","duration","Open for longer than 97% of comparable works still in progress."
"MP3017281-W46813","MP3017281-W46813","Statistical outlier","multivariate","A trained anomaly detector (IsolationForest) flags this work's amount-and-age profile as unusual against the national portfolio."
"MP3019300-W89810","MP3019300-W89810","Peer amount","amount","Recommended amount at the 97th percentile of 737 comparable works (robust z 60.9)."
"MP3019300-W89810","MP3019300-W89810","Peer duration","duration","Open for longer than 90% of comparable works still in progress."
"MP3019300-W89810","MP3019300-W89810","Behavioural change","behaviour","Implementing agency's recommendation pattern shifted year-on-year (magnitude 100%). Before/after - 2025: 409 works at a median of Rs 166,376 -> 2026: 48 works at a median of Rs 842,500. A change point is a lead, not a finding: a new officer or a revised guideline produces one too."
"MP3017406-W6339","MP3017406-W6339","Peer amount","amount","Recommended amount at the 99th percentile of 344 comparable works (robust z 12.1)."
"MP3017406-W6339","MP3017406-W6339","Peer duration","duration","Open for longer than 100% of comparable works still in progress."
"MP3017406-W6339","MP3017406-W6339","Behavioural change","behaviour","Implementing agency's recommendation pattern shifted year-on-year (magnitude 80%). Before/after - 2025: 269 works at a median of Rs 500,000 -> 2026: 78 works at a median of Rs 900,000. A change point is a lead, not a finding: a new officer or a revised guideline produces one too."
"MP3017406-W6339","MP3017406-W6339","Statistical outlier","multivariate","A trained anomaly detector (IsolationForest) flags this work's amount-and-age profile as unusual against the national portfolio."
"MP3017338-W168700","MP3017338-W168700","Peer amount","amount","Recommended amount at the 100th percentile of 4191 comparable works (robust z 37.7)."
"MP3017338-W168700","MP3017338-W168700","Peer duration","duration","Open for longer than 96% of comparable works still in progress."
"MP3017338-W168700","MP3017338-W168700","Behavioural change","behaviour","Implementing agency's recommendation pattern shifted year-on-year (magnitude 86%). Before/after - 2024: 177 works at a median of Rs 627,534 -> 2025: 125 works at a median of Rs 1,170,000. A change point is a lead, not a finding: a new officer or a revised guideline produces one too."
"MP3017338-W168700","MP3017338-W168700","Statistical outlier","multivariate","A trained anomaly detector (IsolationForest) flags this work's amount-and-age profile as unusual against the national portfolio."
"MP3017488-W120007","MP3017488-W120007","Peer amount","amount","Recommended amount at the 91th percentile of 66 comparable works (robust z 4.4)."
"MP3017488-W120007","MP3017488-W120007","Behavioural change","behaviour","Implementing agency's recommendation pattern shifted year-on-year (magnitude 100%). Before/after - 2025: 409 works at a median of Rs 166,376 -> 2026: 48 works at a median of Rs 842,500. A change point is a lead, not a finding: a new officer or a revised guideline produces one too."
"MP3017488-W120007","MP3017488-W120007","Statistical outlier","multivariate","A trained anomaly detector (IsolationForest) flags this work's amount-and-age profile as unusual against the national portfolio."
"MP3019052-W117635","MP3019052-W117635","Peer amount","amount","Recommended amount at the 100th percentile of 2556 comparable works (robust z 152.7)."
"MP3019052-W117635","MP3019052-W117635","Behavioural change","behaviour","Implementing agency's recommendation pattern shifted year-on-year (magnitude 100%). Before/after - 2023: 8 works at a median of Rs 198,092 -> 2024: 13 works at a median of Rs 1,000,000. A change point is a lead, not a finding: a new officer or a revised guideline produces one too."
"MP3019052-W117635","MP3019052-W117635","Statistical outlier","multivariate","A trained anomaly detector (IsolationForest) flags this work's amount-and-age profile as unusual against the national portfolio."
"MP3020007-W124307","MP3020007-W124307","Peer amount","amount","Recommended amount at the 95th percentile of 791 comparable works (robust z 9.9)."
"MP3020007-W124307","MP3020007-W124307","Behavioural change","behaviour","Implementing agency's recommendation pattern shifted year-on-year (magnitude 100%). Before/after - 2025: 88 works at a median of Rs 444,148 -> 2026: 6 works at a median of Rs 895,294. A change point is a lead, not a finding: a new officer or a revised guideline produces one too."
"MP3020007-W124307","MP3020007-W124307","Statistical outlier","multivariate","A trained anomaly detector (IsolationForest) flags this work's amount-and-age profile as unusual against the national portfolio."
"MP3019999-W122910","MP3019999-W122910","Peer amount","amount","Recommended amount at the 96th percentile of 791 comparable works (robust z 10.4)."
"MP3019999-W122910","MP3019999-W122910","Behavioural change","behaviour","Implementing agency's recommendation pattern shifted year-on-year (magnitude 65%). Before/after - 2025: 41 works at a median of Rs 819,952 -> 2026: 12 works at a median of Rs 284,534. A change point is a lead, not a finding: a new officer or a revised guideline produces one too."
"MP3019999-W122910","MP3019999-W122910","Statistical outlier","multivariate","A trained anomaly detector (IsolationForest) flags this work's amount-and-age profile as unusual against the national portfolio."
"MP3019166-W42976","MP3019166-W42976","Peer amount","amount","Recommended amount at the 91th percentile of 152 comparable works (robust z 1.7)."
"MP3019166-W42976","MP3019166-W42976","Behavioural change","behaviour","Implementing agency's recommendation pattern shifted year-on-year (magnitude 60%). Before/after - 2024: 46 works at a median of Rs 250,000 -> 2025: 265 works at a median of Rs 400,000. A change point is a lead, not a finding: a new officer or a revised guideline produces one too."
"MP3019166-W42976","MP3019166-W42976","Statistical outlier","multivariate","A trained anomaly detector (IsolationForest) flags this work's amount-and-age profile as unusual against the national portfolio."
"MP3042329-W188247","MP3042329-W188247","Peer amount","amount","Recommended amount at the 93th percentile of 252 comparable works (robust z 4.6)."
"MP3042329-W188247","MP3042329-W188247","Behavioural change","behaviour","Implementing agency's recommendation pattern shifted year-on-year (magnitude 100%). Before/after - 2023: 74 works at a median of Rs 1,144,298 -> 2024: 5 works at a median of Rs 2,484,987. A change point is a lead, not a finding: a new officer or a revised guideline produces one too."
"MP3042329-W188247","MP3042329-W188247","Statistical outlier","multivariate","A trained anomaly detector (IsolationForest) flags this work's amount-and-age profile as unusual against the national portfolio."
"MP3042329-W221148","MP3042329-W221148","Peer amount","amount","Recommended amount at the 93th percentile of 252 comparable works (robust z 4.6)."
"MP3042329-W221148","MP3042329-W221148","Behavioural change","behaviour","Implementing agency's recommendation pattern shifted year-on-year (magnitude 100%). Before/after - 2023: 74 works at a median of Rs 1,144,298 -> 2024: 5 works at a median of Rs 2,484,987. A change point is a lead, not a finding: a new officer or a revised guideline produces one too."
"MP3042329-W221148","MP3042329-W221148","Statistical outlier","multivariate","A trained anomaly detector (IsolationForest) flags this work's amount-and-age profile as unusual against the national portfolio."
"MP3018396-W149088","MP3018396-W149088","Peer amount","amount","Recommended amount at the 100th percentile of 1124 comparable works (robust z 4.6)."
"MP3018396-W149088","MP3018396-W149088","Behavioural change","behaviour","Implementing agency's recommendation pattern shifted year-on-year (magnitude 94%). Before/after - 2023: 50 works at a median of Rs 1,134,160 -> 2024: 73 works at a median of Rs 2,195,272. A change point is a lead, not a finding: a new officer or a revised guideline produces one too."
"MP3018396-W149088","MP3018396-W149088","Statistical outlier","multivariate","A trained anomaly detector (IsolationForest) flags this work's amount-and-age profile as unusual against the national portfolio."
"MP3017242-W259561","MP3017242-W259561","Peer amount","amount","Recommended amount at the 96th percentile of 120 comparable works (robust z 268.0)."
"MP3017242-W259561","MP3017242-W259561","Behavioural change","behaviour","Implementing agency's recommendation pattern shifted year-on-year (magnitude 100%). Before/after - 2025: 41 works at a median of Rs 499,000 -> 2026: 49 works at a median of Rs 3,400,000. A change point is a lead, not a finding: a new officer or a revised guideline produces one too."
"MP3017242-W259561","MP3017242-W259561","Statistical outlier","multivariate","A trained anomaly detector (IsolationForest) flags this work's amount-and-age profile as unusual against the national portfolio."
"MP3019235-W209066","MP3019235-W209066","Peer amount","amount","Recommended amount at the 100th percentile of 1827 comparable works (robust z 18.8)."
"MP3019235-W209066","MP3019235-W209066","Behavioural change","behaviour","Implementing agency's recommendation pattern shifted year-on-year (magnitude 85%). Before/after - 2024: 60 works at a median of Rs 420,000 -> 2025: 44 works at a median of Rs 775,461. A change point is a lead, not a finding: a new officer or a revised guideline produces one too."
"MP3019235-W209066","MP3019235-W209066","Statistical outlier","multivariate","A trained anomaly detector (IsolationForest) flags this work's amount-and-age profile as unusual against the national portfolio."
"MP3017174-W225137","MP3017174-W225137","Peer amount","amount","Recommended amount at the 99th percentile of 1039 comparable works (robust z 5.2)."
"MP3017174-W225137","MP3017174-W225137","Behavioural change","behaviour","Implementing agency's recommendation pattern shifted year-on-year (magnitude 75%). Before/after - 2025: 11 works at a median of Rs 2,000,000 -> 2026: 5 works at a median of Rs 500,000. A change point is a lead, not a finding: a new officer or a revised guideline produces one too."
"MP3017174-W225137","MP3017174-W225137","Statistical outlier","multivariate","A trained anomaly detector (IsolationForest) flags this work's amount-and-age profile as unusual against the national portfolio."
"MP3017494-W48918","MP3017494-W48918","Peer amount","amount","Recommended amount at the 100th percentile of 297 comparable works (robust z 29.0)."
"MP3017494-W48918","MP3017494-W48918","Peer duration","duration","Open for longer than 92% of comparable works still in progress."
"MP3017494-W48918","MP3017494-W48918","Statistical outlier","multivariate","A trained anomaly detector (IsolationForest) flags this work's amount-and-age profile as unusual against the national portfolio."
"MP3019201-W8645","MP3019201-W8645","Peer amount","amount","Recommended amount at the 99th percentile of 13232 comparable works (robust z 24.0)."
"MP3019201-W8645","MP3019201-W8645","Peer duration","duration","Open for longer than 100% of comparable works still in progress."
"MP3019201-W8645","MP3019201-W8645","Behavioural change","behaviour","Implementing agency's recommendation pattern shifted year-on-year (magnitude 100%). Before/after - 2023: 15 works at a median of Rs 600,000 -> 2024: 31 works at a median of Rs 1,215,970. A change point is a lead, not a finding: a new officer or a revised guideline produces one too."
"MP3017290-W240538","MP3017290-W240538","Peer amount","amount","Recommended amount at the 100th percentile of 757 comparable works (robust z 18.3)."
"MP3017290-W240538","MP3017290-W240538","Behavioural change","behaviour","Implementing agency's recommendation pattern shifted year-on-year (magnitude 100%). Before/after - 2023: 154 works at a median of Rs 521,312 -> 2024: 7 works at a median of Rs 1,600,000. A change point is a lead, not a finding: a new officer or a revised guideline produces one too."
"MP3017290-W240538","MP3017290-W240538","Statistical outlier","multivariate","A trained anomaly detector (IsolationForest) flags this work's amount-and-age profile as unusual against the national portfolio."
"MP3017491-W282367","MP3017491-W282367","Peer amount","amount","Recommended amount at the 99th percentile of 1975 comparable works (robust z 28.4)."
"MP3017491-W282367","MP3017491-W282367","Behavioural change","behaviour","Implementing agency's recommendation pattern shifted year-on-year (magnitude 100%). Before/after - 2025: 230 works at a median of Rs 349,867 -> 2026: 36 works at a median of Rs 2,750,000. A change point is a lead, not a finding: a new officer or a revised guideline produces one too."
"MP3017491-W282367","MP3017491-W282367","Statistical outlier","multivariate","A trained anomaly detector (IsolationForest) flags this work's amount-and-age profile as unusual against the national portfolio."
"MP3019045-W131214","MP3019045-W131214","Peer amount","amount","Recommended amount at the 99th percentile of 36 comparable works (robust z 40.5)."
"MP3019045-W131214","MP3019045-W131214","Behavioural change","behaviour","Implementing agency's recommendation pattern shifted year-on-year (magnitude 92%). Before/after - 2024: 7 works at a median of Rs 6,500,000 -> 2025: 28 works at a median of Rs 500,000. A change point is a lead, not a finding: a new officer or a revised guideline produces one too."
"MP3019045-W131214","MP3019045-W131214","Statistical outlier","multivariate","A trained anomaly detector (IsolationForest) flags this work's amount-and-age profile as unusual against the national portfolio."
