"Work_Ref__c","Description__c","State__c","Constituency__c","Implementing_Agency__c","MP_Name__c","Recommended_Amount__c","Exposure__c","Audit_ROI__c","Priority__c","Confidence_Band__c","Signal_Families__c","Work_Type__c","Recommendation_Date__c","Work_Status__c","Evidence_Summary__c","Recommended_Next_Step__c","Suggested_Actions__c","Early_Warning_Level__c","Early_Warning_Reason__c","Compliance_Findings__c","Escalation_Tier__c","Target_Review_Date__c","Investigation_Status__c","Officer_Finding__c","Not_A_Fraud_Finding__c"
"MP3018356-W86316","Construction of Outdoor Gym in 70 locations in Various Blocks in the District of Saran","Bihar","SARAN","SARAN(DISTRICT PLANNING OFFICE SARAN CHAPRA_IDA)","Rajiv Pratap Rudy","65000000.00","28687135.00","135661423.00","0.9458","HIGH","4","Open gym - gym equipment - installation open","2024-01-21","Open","Peer amount: Recommended amount at the 100th percentile of 144 comparable works (robust z 115.3).; Peer duration: Open for longer than 100% of comparable works still in progress.; Behavioural change: Implementing agency's recommendation pattern shifted year-on-year (magnitude 100%). Before/after - 2023: 70 works at a median of Rs 1,044,788 -> 2024: 42 works at a median of Rs 2,394,173. A change point is a lead, not a finding: a new officer or a revised guideline produces one too.; Statistical outlier: A trained anomaly detector (IsolationForest) flags this work's amount-and-age profile as unusual against the national portfolio.","A human should verify the scope and estimate for this work against its peers via the Implementing Agency.","Review the lifecycle history and sanction record | Compare scope and estimate with peer works | Request a progress update from the implementing agency | Verify supporting documents and field evidence","HIGH","HIGH - open 5.5x longer than the typical completed work of this type in Bihar (155 days); and the survival model puts a 44% chance it will not complete within 365 days.","Stalled beyond peer norm (STATISTICAL_OUTLIER); Amount outlier vs peers (STATISTICAL_OUTLIER)","State Nodal","2026-06-09","New","","TRUE"
"MP3019436-W119849","Procurement of MRI Mechine to Hospital Agatti","Lakshadweep","LAKSHADWEEP(ST)","LAKSHADWEEP DISTRICT(COLLECTOR CUM DEV COMMISSIONER LAKSHADWEEP_IDA)","Faizal PP Mohammed(17th Lok Sabha)","75742166.00","13193184.00","46416518.00","0.8796","HIGH","3","Installation cctv - cctv cameras - cctv camera","2024-03-04","Open","Peer amount: Recommended amount at the 100th percentile of 30 comparable works (robust z 226.0).; Behavioural change: Implementing agency's recommendation pattern shifted year-on-year (magnitude 100%). Before/after - 2023: 36 works at a median of Rs 927,890 -> 2024: 5 works at a median of Rs 2,511,808. A change point is a lead, not a finding: a new officer or a revised guideline produces one too.; Statistical outlier: A trained anomaly detector (IsolationForest) flags this work's amount-and-age profile as unusual against the national portfolio.","A human should verify the scope and estimate for this work against its peers via the Implementing Agency.","Review the lifecycle history and sanction record | Compare scope and estimate with peer works | Verify supporting documents and field evidence","LOW","No stalling indicators; the work is progressing within normal ranges.","Amount outlier vs peers (STATISTICAL_OUTLIER)","State Nodal","2026-06-09","New","","TRUE"
"MP3017510-W231145","strengthening of flood protection bandh embankment in gurdaspur District.","Punjab","Sitting Rajya Sabha","GURDASPUR(DEPUTY COMMISSIONER GURDASPUR_IDA)","Shri Raghav Chadha","27500000.00","9708411.00","34156322.00","0.8796","HIGH","3","Protection wall - construction protection - flood protection","2025-09-03","Open","Peer amount: Recommended amount at the 100th percentile of 950 comparable works (robust z 56.9).; Behavioural change: Implementing agency's recommendation pattern shifted year-on-year (magnitude 100%). Before/after - 2023: 154 works at a median of Rs 167,450 -> 2024: 18 works at a median of Rs 424,227. A change point is a lead, not a finding: a new officer or a revised guideline produces one too.; Statistical outlier: A trained anomaly detector (IsolationForest) flags this work's amount-and-age profile as unusual against the national portfolio.","A human should verify the scope and estimate for this work against its peers via the Implementing Agency.","Review the lifecycle history and sanction record | Compare scope and estimate with peer works | Verify supporting documents and field evidence","LOW","No stalling indicators; the work is progressing within normal ranges.","Amount outlier vs peers (STATISTICAL_OUTLIER)","State Nodal","2026-06-09","New","","TRUE"
"MP3042530-W216762","installation of semi high mask light octogonal and LED in 99 different blocks as per the attachment","Uttar Pradesh","SULTANPUR","SULTANPUR(DISTRICT MAGISTRATE SULTANPUR_IDA)","RAMBHUAL NISHAD","24641199.00","8108750.00","28528363.00","0.8796","HIGH","3","Highmast light - installation highmast - mask light","2025-07-10","Open","Peer amount: Recommended amount at the 100th percentile of 6132 comparable works (robust z 1721.7).; Behavioural change: Implementing agency's recommendation pattern shifted year-on-year (magnitude 100%). Before/after - 2025: 26 works at a median of Rs 1,000,000 -> 2026: 7 works at a median of Rs 2,000,000. A change point is a lead, not a finding: a new officer or a revised guideline produces one too.; Statistical outlier: A trained anomaly detector (IsolationForest) flags this work's amount-and-age profile as unusual against the national portfolio.","A human should verify the scope and estimate for this work against its peers via the Implementing Agency.","Review the lifecycle history and sanction record | Compare scope and estimate with peer works | Verify supporting documents and field evidence","LOW","LOW - open 1.3x longer than the typical completed work of this type in Uttar Pradesh (252 days).","Amount outlier vs peers (STATISTICAL_OUTLIER)","State Nodal","2026-06-09","New","","TRUE"
"MP3042521-W274638","Sanlagn latter ke anusar 113 Nag Highmast Light (9.00 Mitar)","Uttar Pradesh","PHULPUR","PRAYAGRAJ(DISTRICT MAGISTRAE ALLAHABAD_IDA)","PRAVEEN PATEL","20792000.00","7870376.00","27689712.00","0.8796","HIGH","3","Mast light - high mast - semi high","2026-03-16","Open","Peer amount: Recommended amount at the 100th percentile of 13232 comparable works (robust z 212.2).; Behavioural change: Implementing agency's recommendation pattern shifted year-on-year (magnitude 100%). Before/after - 2023: 878 works at a median of Rs 21,109 -> 2024: 557 works at a median of Rs 177,842. A change point is a lead, not a finding: a new officer or a revised guideline produces one too.; Statistical outlier: A trained anomaly detector (IsolationForest) flags this work's amount-and-age profile as unusual against the national portfolio.","A human should verify the scope and estimate for this work against its peers via the Implementing Agency.","Review the lifecycle history and sanction record | Compare scope and estimate with peer works | Verify supporting documents and field evidence","LOW","No stalling indicators; the work is progressing within normal ranges.","Amount outlier vs peers (STATISTICAL_OUTLIER)","State Nodal","2026-06-09","New","","TRUE"
"MP3042791-W216827","Procurement of a 32 slice CT Scan Machine to to Indira Gandhi Hospital,Kavaratti","Lakshadweep","LAKSHADWEEP(ST)","LAKSHADWEEP DISTRICT(COLLECTOR CUM DEV COMMISSIONER LAKSHADWEEP_IDA)","MUHAMMED HAMDULLAH SAYEED","45000000.00","7840251.00","27583726.00","0.8796","HIGH","3","Installation cctv - cctv cameras - cctv camera","2025-07-10","Open","Peer amount: Recommended amount at the 97th percentile of 30 comparable works (robust z 133.9).; Behavioural change: Implementing agency's recommendation pattern shifted year-on-year (magnitude 100%). Before/after - 2023: 36 works at a median of Rs 927,890 -> 2024: 5 works at a median of Rs 2,511,808. A change point is a lead, not a finding: a new officer or a revised guideline produces one too.; Statistical outlier: A trained anomaly detector (IsolationForest) flags this work's amount-and-age profile as unusual against the national portfolio.","A human should verify the scope and estimate for this work against its peers via the Implementing Agency.","Compare scope and estimate with peer works | Verify supporting documents and field evidence","LOW","No stalling indicators; the work is progressing within normal ranges.","","State Nodal","2026-06-09","New","","TRUE"
"MP3019225-W229416","works recomonded in letter no 216 for jamalpur block","Uttar Pradesh","MIRZAPUR","MIRZAPUR(DISTRICT MAGISTRATE MIRZAPUR_IDA)","Smt Anupriya Patel","22131000.00","7798479.00","27436762.00","0.8796","HIGH","3","Construction paver - paving - village","2025-08-26","Open","Peer amount: Recommended amount at the 100th percentile of 13232 comparable works (robust z 225.9).; Behavioural change: Implementing agency's recommendation pattern shifted year-on-year (magnitude 100%). Before/after - 2024: 90 works at a median of Rs 500,000 -> 2025: 23 works at a median of Rs 3,754,000. A change point is a lead, not a finding: a new officer or a revised guideline produces one too.; Statistical outlier: A trained anomaly detector (IsolationForest) flags this work's amount-and-age profile as unusual against the national portfolio.","A human should verify the scope and estimate for this work against its peers via the Implementing Agency.","Review the lifecycle history and sanction record | Compare scope and estimate with peer works | Verify supporting documents and field evidence","LOW","No stalling indicators; the work is progressing within normal ranges.","Amount outlier vs peers (STATISTICAL_OUTLIER)","State Nodal","2026-06-09","New","","TRUE"
"MP3020008-W31791","Installation of CCTV Cameras","Delhi","EAST DELHI","South East(COMMISSIONER MCD SOUTH EAST_IDA)","Gautam Gambhir (17th Lok Sabha)","32000000.00","5576177.00","25892583.00","0.9287","HIGH","4","Installation cctv - cctv cameras - cctv camera","2023-10-05","Open","Peer amount: Recommended amount at the 100th percentile of 791 comparable works (robust z 69.4).; Peer duration: Open for longer than 94% of comparable works still in progress.; Behavioural change: Implementing agency's recommendation pattern shifted year-on-year (magnitude 78%). Before/after - 2023: 12 works at a median of Rs 428,098 -> 2025: 10 works at a median of Rs 762,192. A change point is a lead, not a finding: a new officer or a revised guideline produces one too.; Statistical outlier: A trained anomaly detector (IsolationForest) flags this work's amount-and-age profile as unusual against the national portfolio.","A human should verify the scope and estimate for this work against its peers via the Implementing Agency.","Review the lifecycle history and sanction record | Compare scope and estimate with peer works | Verify supporting documents and field evidence","LOW","LOW - open 1.8x longer than the typical completed work of this type in Delhi (539 days).","Amount outlier vs peers (STATISTICAL_OUTLIER)","State Nodal","2026-06-09","New","","TRUE"
"MP3017330-W180182","This money is being released for the construction of an overflow-type swimming pool at Malikhera Sports Stadium, Amroha.","Uttar Pradesh","Sitting Rajya Sabha","AMROHA(DISTRICT MAGISTRATE JYOTIBAPHULE NAGAR_IDA)","Shri Jayant Chaudhary","25400000.00","7212142.00","25373901.00","0.8796","HIGH","3","Water tank - installation water - submersible pump","2025-03-08","Open","Peer amount: Recommended amount at the 100th percentile of 628 comparable works (robust z 56.0).; Behavioural change: Implementing agency's recommendation pattern shifted year-on-year (magnitude 100%). Before/after - 2024: 83 works at a median of Rs 167,260 -> 2025: 45 works at a median of Rs 1,241,038. A change point is a lead, not a finding: a new officer or a revised guideline produces one too.; Statistical outlier: A trained anomaly detector (IsolationForest) flags this work's amount-and-age profile as unusual against the national portfolio.","A human should verify the scope and estimate for this work against its peers via the Implementing Agency.","Review the lifecycle history and sanction record | Compare scope and estimate with peer works | Verify supporting documents and field evidence","LOW","No stalling indicators; the work is progressing within normal ranges.","Amount outlier vs peers (STATISTICAL_OUTLIER)","State Nodal","2026-06-09","New","","TRUE"
"MP3050535-W254735","Construction of Skill Hub Building with in the compound of Government ITI, Kakinada.","Andhra Pradesh","Sitting Rajya Sabha","Kakinada(DISTRICT COLLECTOR KAKINADA_IDA)","Shri Sana Sathish Babu","53000000.00","7647295.00","25320563.00","0.8278","HIGH","3","Construction building - community building - cultural activities","2025-12-23","Open","Peer amount: Recommended amount at the 100th percentile of 42 comparable works (robust z 117.5).; Behavioural change: Implementing agency's recommendation pattern shifted year-on-year (magnitude 57%). Before/after - 2024: 98 works at a median of Rs 478,294 -> 2025: 44 works at a median of Rs 750,916. A change point is a lead, not a finding: a new officer or a revised guideline produces one too.; Statistical outlier: A trained anomaly detector (IsolationForest) flags this work's amount-and-age profile as unusual against the national portfolio.","A human should verify the scope and estimate for this work against its peers via the Implementing Agency.","Review the lifecycle history and sanction record | Compare scope and estimate with peer works | Verify supporting documents and field evidence","LOW","No stalling indicators; the work is progressing within normal ranges.","Amount outlier vs peers (STATISTICAL_OUTLIER)","State Nodal","2026-06-09","New","","TRUE"
"MP3019244-W34366","SUPPLY AND INSTALLATION OF LED SEMI HIGH MAST LIGHT(04 LIGHT WALI 200 WATT) AT 54 DIFFRENT PLACES AT MISHRIKH LOK SABHA AS PER ATTACHEMENT OF LIST (ENCLOSED) PER LED LIGHT COST 171000.00 TOTAL COST 14193000.00","Uttar Pradesh","MISRIKH(SC)","HARDOI(DISTRICT MAGISTRATE HARDOI_IDA)","Ashok Kumar Rawat(17TH Lok Sabha)","13840000.00","5112341.00","24090378.00","0.9424","HIGH","4","High mast - mast light - LED","2023-10-08","Open","Peer amount: Recommended amount at the 100th percentile of 13232 comparable works (robust z 140.7).; Peer duration: Open for longer than 95% of comparable works still in progress.; Behavioural change: Implementing agency's recommendation pattern shifted year-on-year (magnitude 100%). Before/after - 2023: 15 works at a median of Rs 600,000 -> 2024: 31 works at a median of Rs 1,215,970. A change point is a lead, not a finding: a new officer or a revised guideline produces one too.; Statistical outlier: A trained anomaly detector (IsolationForest) flags this work's amount-and-age profile as unusual against the national portfolio.","A human should verify the scope and estimate for this work against its peers via the Implementing Agency.","Review the lifecycle history and sanction record | Compare scope and estimate with peer works | Verify supporting documents and field evidence","MEDIUM","MEDIUM - open 2.2x longer than the typical completed work of this type in Uttar Pradesh (439 days).","Amount outlier vs peers (STATISTICAL_OUTLIER)","State Nodal","2026-06-09","New","","TRUE"
"MP3020004-W164588","Provision of 5000 Precast, RCC Benches with Back Rest at public places of your parliamentary Constituency (West Delhi) From MPLADS funds.","Delhi","WEST DELHI","WEST(COMMISSIONER MCD WEST)","Parvesh Sahib Singh (17th Lok Sabha)","37735000.00","6739440.00","23710832.00","0.8796","HIGH","3","Sitting bench - rcc benches - RCC","2023-09-29","Open","Peer amount: Recommended amount at the 100th percentile of 61 comparable works (robust z 61.5).; Behavioural change: Implementing agency's recommendation pattern shifted year-on-year (magnitude 100%). Before/after - 2025: 13 works at a median of Rs 461,445 -> 2026: 5 works at a median of Rs 5,000,000. A change point is a lead, not a finding: a new officer or a revised guideline produces one too.; Statistical outlier: A trained anomaly detector (IsolationForest) flags this work's amount-and-age profile as unusual against the national portfolio.","A human should verify the scope and estimate for this work against its peers via the Implementing Agency.","Review the lifecycle history and sanction record | Compare scope and estimate with peer works | Verify supporting documents and field evidence","LOW","No stalling indicators; the work is progressing within normal ranges.","Amount outlier vs peers (STATISTICAL_OUTLIER)","State Nodal","2026-06-09","New","","TRUE"
"MP3017343-W35268","supply and installation of semi high mast light at various public places with each cost 2.48 lakh approx with add upto 133.92 lakh approx.","Uttar Pradesh","Sitting Rajya Sabha","Mahrajganj(DISTRICT MAGISTRAE MAHARAJGANJ_IDA)","Smt. Sangeeta Yadav","13392000.00","4946921.00","23309243.00","0.9424","HIGH","4","High mast - mast light - LED","2023-10-10","Open","Peer amount: Recommended amount at the 100th percentile of 13232 comparable works (robust z 136.0).; Peer duration: Open for longer than 95% of comparable works still in progress.; Behavioural change: Implementing agency's recommendation pattern shifted year-on-year (magnitude 100%). Before/after - 2023: 20 works at a median of Rs 500,000 -> 2024: 58 works at a median of Rs 2,127,127. A change point is a lead, not a finding: a new officer or a revised guideline produces one too.; Statistical outlier: A trained anomaly detector (IsolationForest) flags this work's amount-and-age profile as unusual against the national portfolio.","A human should verify the scope and estimate for this work against its peers via the Implementing Agency.","Review the lifecycle history and sanction record | Compare scope and estimate with peer works | Verify supporting documents and field evidence","MEDIUM","MEDIUM - open 2.2x longer than the typical completed work of this type in Uttar Pradesh (439 days).","Amount outlier vs peers (STATISTICAL_OUTLIER)","District Monitoring","2026-06-09","New","","TRUE"
"MP3017455-W51808","Construction of Community Center in Vellalar street dn-112, Zone-9.","Tamil Nadu","CHENNAI CENTRAL","CHENNAI(COMMISSIONER MUNCIPAL CORPORATION CHENNAI_IDA)","Thiru Dayanidhi Maran (17th Lok Sabha)","22500000.00","4966501.00","23242407.00","0.9360","HIGH","4","Community centre - construction community - community center","2023-11-22","Open","Peer amount: Recommended amount at the 100th percentile of 598 comparable works (robust z 44.8).; Peer duration: Open for longer than 91% of comparable works still in progress.; Behavioural change: Implementing agency's recommendation pattern shifted year-on-year (magnitude 94%). Before/after - 2023: 50 works at a median of Rs 1,134,160 -> 2024: 73 works at a median of Rs 2,195,272. A change point is a lead, not a finding: a new officer or a revised guideline produces one too.; Statistical outlier: A trained anomaly detector (IsolationForest) flags this work's amount-and-age profile as unusual against the national portfolio.","A human should verify the scope and estimate for this work against its peers via the Implementing Agency.","Review the lifecycle history and sanction record | Compare scope and estimate with peer works | Verify supporting documents and field evidence","LOW","LOW - open 1.7x longer than the typical completed work of this type in Tamil Nadu (529 days).","Amount outlier vs peers (STATISTICAL_OUTLIER)","District Monitoring","2026-06-09","New","","TRUE"
"MP3017343-W162408","installation of 69 semi high mast light as per the list","Uttar Pradesh","Sitting Rajya Sabha","DEORIA(DISTRICT MAGISTRATE DEORIA)","Smt. Sangeeta Yadav","19044000.00","7033731.00","23221289.00","0.8254","HIGH","3","High mast - mast light - LED","2024-12-30","Open","Peer amount: Recommended amount at the 100th percentile of 13232 comparable works (robust z 194.2).; Behavioural change: Implementing agency's recommendation pattern shifted year-on-year (magnitude 55%). Before/after - 2025: 122 works at a median of Rs 700,000 -> 2026: 45 works at a median of Rs 315,000. A change point is a lead, not a finding: a new officer or a revised guideline produces one too.; Statistical outlier: A trained anomaly detector (IsolationForest) flags this work's amount-and-age profile as unusual against the national portfolio.","A human should verify the scope and estimate for this work against its peers via the Implementing Agency.","Review the lifecycle history and sanction record | Compare scope and estimate with peer works | Verify supporting documents and field evidence","LOW","No stalling indicators; the work is progressing within normal ranges.","Amount outlier vs peers (STATISTICAL_OUTLIER)","State Nodal","2026-06-09","New","","TRUE"
"MP3019225-W68167","installation of specific quality of high mast light in different 86 location in mirzapur district (all village list enclosed )","Uttar Pradesh","MIRZAPUR","MIRZAPUR(DISTRICT MAGISTRATE MIRZAPUR_IDA)","Smt Anupriya Patel(17th Lok Sabha)","16822000.00","6475347.00","22781693.00","0.8796","HIGH","3","Mast light - high mast - mini mast","2023-12-22","Open","Peer amount: Recommended amount at the 100th percentile of 13232 comparable works (robust z 171.3).; Behavioural change: Implementing agency's recommendation pattern shifted year-on-year (magnitude 100%). Before/after - 2024: 90 works at a median of Rs 500,000 -> 2025: 23 works at a median of Rs 3,754,000. A change point is a lead, not a finding: a new officer or a revised guideline produces one too.; Statistical outlier: A trained anomaly detector (IsolationForest) flags this work's amount-and-age profile as unusual against the national portfolio.","A human should verify the scope and estimate for this work against its peers via the Implementing Agency.","Review the lifecycle history and sanction record | Compare scope and estimate with peer works | Verify supporting documents and field evidence","MEDIUM","MEDIUM - open 2.0x longer than the typical completed work of this type in Uttar Pradesh (439 days).","Amount outlier vs peers (STATISTICAL_OUTLIER)","State Nodal","2026-06-09","New","","TRUE"
"MP3019643-W41077","Construction of indoor shuttle court area with wooden flooring and formation of footpath and fixing of outdoor gym equipment at existing play field at central avenue road MKB nagar in Dn-37, Unit-9, Zone-4.","Tamil Nadu","CHENNAI NORTH","CHENNAI(COMMISSIONER MUNCIPAL CORPORATION CHENNAI_IDA)","Kalanidhi Veeraswamy (17th Lok Sabha)","22000000.00","4856184.00","22742052.00","0.9366","HIGH","4","Open gym - gym equipment - installation open","2023-10-27","Open","Peer amount: Recommended amount at the 100th percentile of 628 comparable works (robust z 48.3).; Peer duration: Open for longer than 92% of comparable works still in progress.; Behavioural change: Implementing agency's recommendation pattern shifted year-on-year (magnitude 94%). Before/after - 2023: 50 works at a median of Rs 1,134,160 -> 2024: 73 works at a median of Rs 2,195,272. A change point is a lead, not a finding: a new officer or a revised guideline produces one too.; Statistical outlier: A trained anomaly detector (IsolationForest) flags this work's amount-and-age profile as unusual against the national portfolio.","A human should verify the scope and estimate for this work against its peers via the Implementing Agency.","Review the lifecycle history and sanction record | Compare scope and estimate with peer works | Verify supporting documents and field evidence","LOW","LOW - open 1.7x longer than the typical completed work of this type in Tamil Nadu (540 days).","Amount outlier vs peers (STATISTICAL_OUTLIER)","District Monitoring","2026-06-09","New","","TRUE"
"MP3019244-W34369","SUPPLY AND INSTALLATION OF LED SEMI HIGH MAST LIGHT(04 LIGHT WALI 200 WATT) AT 67 DIFFRENT PLACES AT MISHRIKH LOK SABHA AS PER ATTACHEMENT OF LIST (ENCLOSED) PER LED LIGHT COST 171000.00 TOTAL COST 11457000.00","Uttar Pradesh","MISRIKH(SC)","HARDOI(DISTRICT MAGISTRATE HARDOI_IDA)","Ashok Kumar Rawat(17TH Lok Sabha)","11457000.00","4232411.00","19943973.00","0.9424","HIGH","4","High mast - mast light - LED","2023-10-08","Open","Peer amount: Recommended amount at the 100th percentile of 13232 comparable works (robust z 116.1).; Peer duration: Open for longer than 95% of comparable works still in progress.; Behavioural change: Implementing agency's recommendation pattern shifted year-on-year (magnitude 100%). Before/after - 2023: 15 works at a median of Rs 600,000 -> 2024: 31 works at a median of Rs 1,215,970. A change point is a lead, not a finding: a new officer or a revised guideline produces one too.; Statistical outlier: A trained anomaly detector (IsolationForest) flags this work's amount-and-age profile as unusual against the national portfolio.","A human should verify the scope and estimate for this work against its peers via the Implementing Agency.","Review the lifecycle history and sanction record | Compare scope and estimate with peer works | Verify supporting documents and field evidence","MEDIUM","MEDIUM - open 2.2x longer than the typical completed work of this type in Uttar Pradesh (439 days).","Amount outlier vs peers (STATISTICAL_OUTLIER)","District Monitoring","2026-06-09","New","","TRUE"
"MP3018396-W103765","Additional Fund for Community Hall, Alwarpet","Tamil Nadu","CHENNAI SOUTH","CHENNAI(COMMISSIONER MUNCIPAL CORPORATION CHENNAI_IDA)","T Sumathy (A) Thamizhachi Thangapandian","25000000.00","5193758.00","18111617.00","0.8718","HIGH","3","Community hall - construction community - hall village","2024-02-12","Open","Peer amount: Recommended amount at the 100th percentile of 598 comparable works (robust z 50.0).; Behavioural change: Implementing agency's recommendation pattern shifted year-on-year (magnitude 94%). Before/after - 2023: 50 works at a median of Rs 1,134,160 -> 2024: 73 works at a median of Rs 2,195,272. A change point is a lead, not a finding: a new officer or a revised guideline produces one too.; Statistical outlier: A trained anomaly detector (IsolationForest) flags this work's amount-and-age profile as unusual against the national portfolio.","A human should verify the scope and estimate for this work against its peers via the Implementing Agency.","Review the lifecycle history and sanction record | Compare scope and estimate with peer works | Verify supporting documents and field evidence","LOW","LOW - open 1.6x longer than the typical completed work of this type in Tamil Nadu (529 days).","Amount outlier vs peers (STATISTICAL_OUTLIER)","State Nodal","2026-06-09","New","","TRUE"
"MP3019052-W78954","G.I. Coated Water Tanker capacity 5000 Litre with fire fighting pump with 900*20 tyre (Along with terafill water filter capacity 30 litre x 11 nos for each tanker) Drinking water plant","Madhya Pradesh","GUNA","ASHOKNAGAR(DISTRICT COLLECTOR ASHOKNAGAR_IDA)","Krishna Pal Singh Yadav(17th Lok Sabha)","26756840.00","5124683.00","18029761.00","0.8796","HIGH","3","Tanker - mobile water - purchase mobile","2024-01-10","Open","Peer amount: Recommended amount at the 100th percentile of 2556 comparable works (robust z 923.4).; Behavioural change: Implementing agency's recommendation pattern shifted year-on-year (magnitude 100%). Before/after - 2023: 8 works at a median of Rs 198,092 -> 2024: 13 works at a median of Rs 1,000,000. A change point is a lead, not a finding: a new officer or a revised guideline produces one too.; Statistical outlier: A trained anomaly detector (IsolationForest) flags this work's amount-and-age profile as unusual against the national portfolio.","A human should verify the scope and estimate for this work against its peers via the Implementing Agency.","Review the lifecycle history and sanction record | Compare scope and estimate with peer works | Verify supporting documents and field evidence","MEDIUM","MEDIUM - open 3.4x longer than the typical completed work of this type in Madhya Pradesh (253 days).","Amount outlier vs peers (STATISTICAL_OUTLIER)","State Nodal","2026-06-09","New","","TRUE"
"MP3018396-W237563","Construction of New Community Hall at Vengaivasal Main Road Vengaivasal panchayat Shollinganallur Constituency","Tamil Nadu","CHENNAI SOUTH","CHENGALPATTU(District Collector Chengalpattu_IDA)","T Sumathy (A) Thamizhachi Thangapandian","18500000.00","3843910.00","17733990.00","0.9227","HIGH","4","Community hall - construction community - hall village","2023-09-25","Open","Peer amount: Recommended amount at the 100th percentile of 598 comparable works (robust z 36.4).; Peer duration: Open for longer than 98% of comparable works still in progress.; Behavioural change: Implementing agency's recommendation pattern shifted year-on-year (magnitude 60%). Before/after - 2024: 46 works at a median of Rs 250,000 -> 2025: 265 works at a median of Rs 400,000. A change point is a lead, not a finding: a new officer or a revised guideline produces one too.; Statistical outlier: A trained anomaly detector (IsolationForest) flags this work's amount-and-age profile as unusual against the national portfolio.","A human should verify the scope and estimate for this work against its peers via the Implementing Agency.","Review the lifecycle history and sanction record | Compare scope and estimate with peer works | Verify supporting documents and field evidence","LOW","LOW - open 1.8x longer than the typical completed work of this type in Tamil Nadu (529 days).","Amount outlier vs peers (STATISTICAL_OUTLIER)","District Monitoring","2026-06-09","New","","TRUE"
"MP3042529-W210661","Installation of 80 six way 200 watt electric high mast lights on diffrent places.","Uttar Pradesh","SITAPUR","SITAPUR(DISTRICT MAGISTRATE SITAPUR_IDA)","RAKESH RATHOR","13383520.00","4943789.00","17393338.00","0.8796","HIGH","3","High mast - mast light - LED","2025-06-20","Open","Peer amount: Recommended amount at the 100th percentile of 13232 comparable works (robust z 136.0).; Behavioural change: Implementing agency's recommendation pattern shifted year-on-year (magnitude 100%). Before/after - 2024: 98 works at a median of Rs 331,712 -> 2025: 44 works at a median of Rs 1,000,000. A change point is a lead, not a finding: a new officer or a revised guideline produces one too.; Statistical outlier: A trained anomaly detector (IsolationForest) flags this work's amount-and-age profile as unusual against the national portfolio.","A human should verify the scope and estimate for this work against its peers via the Implementing Agency.","Review the lifecycle history and sanction record | Compare scope and estimate with peer works | Verify supporting documents and field evidence","LOW","No stalling indicators; the work is progressing within normal ranges.","Amount outlier vs peers (STATISTICAL_OUTLIER)","District Monitoring","2026-06-09","New","","TRUE"
"MP3017471-W282269","Installation of 125 LED Semi Highmast Lights for rural and urban areas as per enclosed list","Uttar Pradesh","SHAHJAHANPUR(SC)","SHAHJAHANPUR(DISTRICT MAGISTRAE SHAHJAHANAPUR_IDA)","Shri Arun Kumar Sagar","31200000.00","4848603.00","17058449.00","0.8796","HIGH","3","Highmast light - installation highmast - mask light","2026-05-20","Open","Peer amount: Recommended amount at the 100th percentile of 4191 comparable works (robust z 240.0).; Behavioural change: Implementing agency's recommendation pattern shifted year-on-year (magnitude 100%). Before/after - 2023: 737 works at a median of Rs 129,700 -> 2024: 11 works at a median of Rs 9,900,000. A change point is a lead, not a finding: a new officer or a revised guideline produces one too.; Statistical outlier: A trained anomaly detector (IsolationForest) flags this work's amount-and-age profile as unusual against the national portfolio.","A human should verify the scope and estimate for this work against its peers via the Implementing Agency.","Review the lifecycle history and sanction record | Compare scope and estimate with peer works | Verify supporting documents and field evidence","LOW","No stalling indicators; the work is progressing within normal ranges.","Amount outlier vs peers (STATISTICAL_OUTLIER)","District Monitoring","2026-06-09","New","","TRUE"
"MP3019225-W229418","recommended work in letter number 215 for narayanpur block","Uttar Pradesh","MIRZAPUR","MIRZAPUR(DISTRICT MAGISTRATE MIRZAPUR_IDA)","Smt Anupriya Patel","19747300.00","4847159.00","17053369.00","0.8796","HIGH","3","Taluk balance - commuinity - executive agency","2025-08-26","Open","Peer amount: Recommended amount at the 100th percentile of 13232 comparable works (robust z 201.4).; Behavioural change: Implementing agency's recommendation pattern shifted year-on-year (magnitude 100%). Before/after - 2024: 90 works at a median of Rs 500,000 -> 2025: 23 works at a median of Rs 3,754,000. A change point is a lead, not a finding: a new officer or a revised guideline produces one too.; Statistical outlier: A trained anomaly detector (IsolationForest) flags this work's amount-and-age profile as unusual against the national portfolio.","A human should verify the scope and estimate for this work against its peers via the Implementing Agency.","Review the lifecycle history and sanction record | Compare scope and estimate with peer works | Verify supporting documents and field evidence","LOW","No stalling indicators; the work is progressing within normal ranges.","Amount outlier vs peers (STATISTICAL_OUTLIER)","District Monitoring","2026-06-09","New","","TRUE"
"MP3042486-W214766","Allahabad loksabha Kshetra Roads construction","Uttar Pradesh","ALLAHABAD","PRAYAGRAJ(DISTRICT MAGISTRAE ALLAHABAD_IDA)","UJJWAL RAMAN SINGH","16757000.00","4782111.00","16824517.00","0.8796","HIGH","3","Construction road - construction ambulance - apex road","2025-07-04","Open","Peer amount: Recommended amount at the 100th percentile of 7203 comparable works (robust z 33.6).; Behavioural change: Implementing agency's recommendation pattern shifted year-on-year (magnitude 100%). Before/after - 2023: 878 works at a median of Rs 21,109 -> 2024: 557 works at a median of Rs 177,842. A change point is a lead, not a finding: a new officer or a revised guideline produces one too.; Statistical outlier: A trained anomaly detector (IsolationForest) flags this work's amount-and-age profile as unusual against the national portfolio.","A human should verify the scope and estimate for this work against its peers via the Implementing Agency.","Review the lifecycle history and sanction record | Compare scope and estimate with peer works | Verify supporting documents and field evidence","LOW","No stalling indicators; the work is progressing within normal ranges.","Amount outlier vs peers (STATISTICAL_OUTLIER)","District Monitoring","2026-06-09","New","","TRUE"
"MP3017368-W239327","Setting up of NaMo Semiconductor Laboratory at IIT Bhubaneswar","Odisha","Sitting Rajya Sabha","KHORDHA(DISTRICT COLLECTOR KHORDHA_IDA)","Shri Ashwini Vaishnaw","49500000.00","5817725.00","16788944.00","0.7215","HIGH","3","Taluk balance - commuinity - executive agency","2025-10-01","Open","Peer amount: Recommended amount at the 100th percentile of 50 comparable works (robust z 0.0).; Behavioural change: Implementing agency's recommendation pattern shifted year-on-year (magnitude 100%). Before/after - 2023: 519 works at a median of Rs 100,000 -> 2024: 227 works at a median of Rs 300,000. A change point is a lead, not a finding: a new officer or a revised guideline produces one too.; Statistical outlier: A trained anomaly detector (IsolationForest) flags this work's amount-and-age profile as unusual against the national portfolio.","A human should verify the scope and estimate for this work against its peers via the Implementing Agency.","Review the lifecycle history and sanction record | Compare scope and estimate with peer works | Verify supporting documents and field evidence","LOW","No stalling indicators; the work is progressing within normal ranges.","Amount outlier vs peers (STATISTICAL_OUTLIER)","State Nodal","2026-06-09","New","","TRUE"
"MP3019052-W85245","G.I. Coated Water Tanker capacity 5000 Litre with firefighting pump with 900*20 tyre (Along with tera fill water filter capacity 30 litre x 11 nos for each tanker) Drinking water plant.","Madhya Pradesh","GUNA","ASHOKNAGAR(DISTRICT COLLECTOR ASHOKNAGAR_IDA)","Krishna Pal Singh Yadav(17th Lok Sabha)","24324400.00","4659008.00","16391413.00","0.8796","HIGH","3","Tanker - mobile water - purchase mobile","2024-01-20","Open","Peer amount: Recommended amount at the 100th percentile of 2556 comparable works (robust z 839.0).; Behavioural change: Implementing agency's recommendation pattern shifted year-on-year (magnitude 100%). Before/after - 2023: 8 works at a median of Rs 198,092 -> 2024: 13 works at a median of Rs 1,000,000. A change point is a lead, not a finding: a new officer or a revised guideline produces one too.; Statistical outlier: A trained anomaly detector (IsolationForest) flags this work's amount-and-age profile as unusual against the national portfolio.","A human should verify the scope and estimate for this work against its peers via the Implementing Agency.","Review the lifecycle history and sanction record | Compare scope and estimate with peer works | Verify supporting documents and field evidence","MEDIUM","MEDIUM - open 3.4x longer than the typical completed work of this type in Madhya Pradesh (253 days).","Amount outlier vs peers (STATISTICAL_OUTLIER)","District Monitoring","2026-06-09","New","","TRUE"
"MP3042501-W259219","Induction work of semi high mast light 6th at various places according to the attached list in the Legislative Assembly Maholi and Hargaon.","Uttar Pradesh","DHAURAHRA","SITAPUR(DISTRICT MAGISTRATE SITAPUR_IDA)","ANAND BHADAURIYA","12533850.00","4630050.00","16289532.00","0.8796","HIGH","3","High mast - mast light - LED","2026-01-14","Open","Peer amount: Recommended amount at the 100th percentile of 13232 comparable works (robust z 127.2).; Behavioural change: Implementing agency's recommendation pattern shifted year-on-year (magnitude 100%). Before/after - 2024: 98 works at a median of Rs 331,712 -> 2025: 44 works at a median of Rs 1,000,000. A change point is a lead, not a finding: a new officer or a revised guideline produces one too.; Statistical outlier: A trained anomaly detector (IsolationForest) flags this work's amount-and-age profile as unusual against the national portfolio.","A human should verify the scope and estimate for this work against its peers via the Implementing Agency.","Review the lifecycle history and sanction record | Compare scope and estimate with peer works | Verify supporting documents and field evidence","LOW","No stalling indicators; the work is progressing within normal ranges.","Amount outlier vs peers (STATISTICAL_OUTLIER)","District Monitoring","2026-06-09","New","","TRUE"
"MP3042511-W270346","LokSabha Jaunpur ke Antargat Vidhansabha Sadar Malhani Shahganj Badlapur and Mugrabadshahpur me 65 Nag Electric High Mast Light ka Adhisthapan Kary (parti nag dar se amount 1.78 Lakh Rupes Only)","Uttar Pradesh","JAUNPUR","JAUNPUR(DISTRICT MAGISTRATE JAUNPUR_IDA)","BABU SINGH KUSHWAHA","11570000.00","4380613.00","15411959.00","0.8796","HIGH","3","Mast light - high mast - semi high","2026-02-25","Open","Peer amount: Recommended amount at the 100th percentile of 13232 comparable works (robust z 117.3).; Behavioural change: Implementing agency's recommendation pattern shifted year-on-year (magnitude 100%). Before/after - 2025: 1400 works at a median of Rs 20,900 -> 2026: 57 works at a median of Rs 750,000. A change point is a lead, not a finding: a new officer or a revised guideline produces one too.; Statistical outlier: A trained anomaly detector (IsolationForest) flags this work's amount-and-age profile as unusual against the national portfolio.","A human should verify the scope and estimate for this work against its peers via the Implementing Agency.","Review the lifecycle history and sanction record | Compare scope and estimate with peer works | Verify supporting documents and field evidence","LOW","No stalling indicators; the work is progressing within normal ranges.","Amount outlier vs peers (STATISTICAL_OUTLIER)","District Monitoring","2026-06-09","New","","TRUE"
"MP3017338-W201325","Letter as per attached.","Uttar Pradesh","Sitting Rajya Sabha","Siddharthnagar(DISTRICT MAGISTRATE SIDDHARTH NAGAR_IDA)","Shri Brij Lal","15758410.00","4373595.00","15387269.00","0.8796","HIGH","3","Installation cctv - cctv cameras - cctv camera","2025-05-20","Open","Peer amount: Recommended amount at the 100th percentile of 36047 comparable works (robust z 14.2).; Behavioural change: Implementing agency's recommendation pattern shifted year-on-year (magnitude 100%). Before/after - 2023: 192 works at a median of Rs 50,000 -> 2024: 21 works at a median of Rs 780,000. A change point is a lead, not a finding: a new officer or a revised guideline produces one too.; Statistical outlier: A trained anomaly detector (IsolationForest) flags this work's amount-and-age profile as unusual against the national portfolio.","A human should verify the scope and estimate for this work against its peers via the Implementing Agency.","Review the lifecycle history and sanction record | Compare scope and estimate with peer works | Verify supporting documents and field evidence","LOW","No stalling indicators; the work is progressing within normal ranges.","Amount outlier vs peers (STATISTICAL_OUTLIER)","District Monitoring","2026-06-09","New","","TRUE"
"MP3018956-W86982","Purchase of School Furniture (Desk & Bench) in 7 (Seven) Education Blocks of Karbi Anglong @Rs. 10, 500/- per pair","Assam","Diphu (ST)","KARBI ANGLONG(DEPUTY COMMISSIONER KARBI ANGLONG_IDA)","Horen Sing Bey","25000000.00","4465836.00","14937233.00","0.8362","HIGH","3","School - smart class - computer","2024-01-23","Open","Peer amount: Recommended amount at the 100th percentile of 63 comparable works (robust z 365.9).; Behavioural change: Implementing agency's recommendation pattern shifted year-on-year (magnitude 64%). Before/after - 2023: 10 works at a median of Rs 2,500,000 -> 2024: 49 works at a median of Rs 900,000. A change point is a lead, not a finding: a new officer or a revised guideline produces one too.; Statistical outlier: A trained anomaly detector (IsolationForest) flags this work's amount-and-age profile as unusual against the national portfolio.","A human should verify the scope and estimate for this work against its peers via the Implementing Agency.","Review the lifecycle history and sanction record | Compare scope and estimate with peer works | Verify supporting documents and field evidence","LOW","No stalling indicators; the work is progressing within normal ranges.","Amount outlier vs peers (STATISTICAL_OUTLIER)","District Monitoring","2026-06-09","New","","TRUE"
"MP3018356-W114328","Construction of Outdoor Gym in 8 locations in Various Blocks in the District of Saran","Bihar","SARAN","SARAN(DISTRICT PLANNING OFFICE SARAN CHAPRA_IDA)","Rajiv Pratap Rudy","7176000.00","3169707.00","14884552.00","0.9392","HIGH","4","Open gym - gym equipment - installation open","2024-02-25","Open","Peer amount: Recommended amount at the 99th percentile of 144 comparable works (robust z 11.1).; Peer duration: Open for longer than 90% of comparable works still in progress.; Behavioural change: Implementing agency's recommendation pattern shifted year-on-year (magnitude 100%). Before/after - 2023: 70 works at a median of Rs 1,044,788 -> 2024: 42 works at a median of Rs 2,394,173. A change point is a lead, not a finding: a new officer or a revised guideline produces one too.; Statistical outlier: A trained anomaly detector (IsolationForest) flags this work's amount-and-age profile as unusual against the national portfolio.","A human should verify the scope and estimate for this work against its peers via the Implementing Agency.","Review the lifecycle history and sanction record | Compare scope and estimate with peer works | Request a progress update from the implementing agency | Verify supporting documents and field evidence","HIGH","HIGH - open 5.3x longer than the typical completed work of this type in Bihar (155 days); and the survival model puts a 44% chance it will not complete within 365 days.","Amount outlier vs peers (STATISTICAL_OUTLIER)","District Monitoring","2026-06-09","New","","TRUE"
"MP3042529-W174147","Installation of 65 six way 200 watt electric high mast lights on diffrent places.","Uttar Pradesh","SITAPUR","SITAPUR(DISTRICT MAGISTRATE SITAPUR_IDA)","RAKESH RATHOR","11402495.00","4212284.00","14819742.00","0.8796","HIGH","3","High mast - mast light - LED","2025-02-07","Open","Peer amount: Recommended amount at the 100th percentile of 13232 comparable works (robust z 115.6).; Behavioural change: Implementing agency's recommendation pattern shifted year-on-year (magnitude 100%). Before/after - 2024: 98 works at a median of Rs 331,712 -> 2025: 44 works at a median of Rs 1,000,000. A change point is a lead, not a finding: a new officer or a revised guideline produces one too.; Statistical outlier: A trained anomaly detector (IsolationForest) flags this work's amount-and-age profile as unusual against the national portfolio.","A human should verify the scope and estimate for this work against its peers via the Implementing Agency.","Review the lifecycle history and sanction record | Compare scope and estimate with peer works | Verify supporting documents and field evidence","LOW","No stalling indicators; the work is progressing within normal ranges.","Amount outlier vs peers (STATISTICAL_OUTLIER)","District Monitoring","2026-06-09","New","","TRUE"
"MP3017474-W16541","Multi purpose hall (Duble storey) interal and external water supply sanitation, fire fighting system, sports equipment sumbersibile pump etc in the Indore Stadium as new village bantikara (Bhanpur) Sanction amount of the project is 247.90 Laks against which 100.5995 has been released in the form of","Uttar Pradesh","BASTI","BASTI(DISTRICT MAGISTRATE BASTI_IDA)","Shri Harish Dwivedi (17th Lok Sabha)","14730050.00","3207977.00","14794013.00","0.9223","HIGH","4","Building - sahebganj construction - temple","2023-09-05","Open","Peer amount: Recommended amount at the 99th percentile of 159 comparable works (robust z 16.9).; Peer duration: Open for longer than 92% of comparable works still in progress.; Behavioural change: Implementing agency's recommendation pattern shifted year-on-year (magnitude 69%). Before/after - 2025: 111 works at a median of Rs 605,000 -> 2026: 17 works at a median of Rs 187,100. A change point is a lead, not a finding: a new officer or a revised guideline produces one too.; Statistical outlier: A trained anomaly detector (IsolationForest) flags this work's amount-and-age profile as unusual against the national portfolio.","A human should verify the scope and estimate for this work against its peers via the Implementing Agency.","Compare scope and estimate with peer works | Verify supporting documents and field evidence","MEDIUM","MEDIUM - open 2.4x longer than the typical completed work of this type in Uttar Pradesh (412 days).","","District Monitoring","2026-06-09","New","","TRUE"
"MP3017474-W16542","Multi purpose hall (Duble storey) interal and external water supply sanitation, fire fighting system, sports equipment sumbersibile pump etc in the Indore Stadium as new village ward no 11 Rani Luxmibai Nagar (Nakti Dei Kaptanganj) Sanction amount of the project is 247.90 Laks against which 100.5995","Uttar Pradesh","BASTI","BASTI(DISTRICT MAGISTRATE BASTI_IDA)","Shri Harish Dwivedi (17th Lok Sabha)","14730050.00","3207977.00","14794013.00","0.9223","HIGH","4","Building - sahebganj construction - temple","2023-09-05","Open","Peer amount: Recommended amount at the 99th percentile of 159 comparable works (robust z 16.9).; Peer duration: Open for longer than 92% of comparable works still in progress.; Behavioural change: Implementing agency's recommendation pattern shifted year-on-year (magnitude 69%). Before/after - 2025: 111 works at a median of Rs 605,000 -> 2026: 17 works at a median of Rs 187,100. A change point is a lead, not a finding: a new officer or a revised guideline produces one too.; Statistical outlier: A trained anomaly detector (IsolationForest) flags this work's amount-and-age profile as unusual against the national portfolio.","A human should verify the scope and estimate for this work against its peers via the Implementing Agency.","Compare scope and estimate with peer works | Verify supporting documents and field evidence","MEDIUM","MEDIUM - open 2.4x longer than the typical completed work of this type in Uttar Pradesh (412 days).","","District Monitoring","2026-06-09","New","","TRUE"
"MP3017474-W16543","Multi purpose hall (Duble storey) interal and external water supply sanitation, fire fighting system, sports equipment sumbersibile pump etc in the Indore Stadium as new village Ward no 3 Gandhi Nagar (Banraha Gayghat) Sanction amount of the project is 247.90 Laks against which 100.5995 has been rel","Uttar Pradesh","BASTI","BASTI(DISTRICT MAGISTRATE BASTI_IDA)","Shri Harish Dwivedi (17th Lok Sabha)","14730050.00","3207977.00","14794013.00","0.9223","HIGH","4","Building - sahebganj construction - temple","2023-09-05","Open","Peer amount: Recommended amount at the 99th percentile of 159 comparable works (robust z 16.9).; Peer duration: Open for longer than 92% of comparable works still in progress.; Behavioural change: Implementing agency's recommendation pattern shifted year-on-year (magnitude 69%). Before/after - 2025: 111 works at a median of Rs 605,000 -> 2026: 17 works at a median of Rs 187,100. A change point is a lead, not a finding: a new officer or a revised guideline produces one too.; Statistical outlier: A trained anomaly detector (IsolationForest) flags this work's amount-and-age profile as unusual against the national portfolio.","A human should verify the scope and estimate for this work against its peers via the Implementing Agency.","Compare scope and estimate with peer works | Verify supporting documents and field evidence","MEDIUM","MEDIUM - open 2.4x longer than the typical completed work of this type in Uttar Pradesh (412 days).","","District Monitoring","2026-06-09","New","","TRUE"
"MP3017474-W16544","Multi purpose hall (Duble storey) interal and external water supply sanitation, fire fighting system, sports equipment sumbersibile pump etc in the Indore Stadium as new village ward no 5 Pandit Deen Dayal Nagar (Karamdade Harraiya) Sanction amount of the project is 247.90 Laks against which 100.599","Uttar Pradesh","BASTI","BASTI(DISTRICT MAGISTRATE BASTI_IDA)","Shri Harish Dwivedi (17th Lok Sabha)","14730050.00","3207977.00","14794013.00","0.9223","HIGH","4","Building - sahebganj construction - temple","2023-09-05","Open","Peer amount: Recommended amount at the 99th percentile of 159 comparable works (robust z 16.9).; Peer duration: Open for longer than 92% of comparable works still in progress.; Behavioural change: Implementing agency's recommendation pattern shifted year-on-year (magnitude 69%). Before/after - 2025: 111 works at a median of Rs 605,000 -> 2026: 17 works at a median of Rs 187,100. A change point is a lead, not a finding: a new officer or a revised guideline produces one too.; Statistical outlier: A trained anomaly detector (IsolationForest) flags this work's amount-and-age profile as unusual against the national portfolio.","A human should verify the scope and estimate for this work against its peers via the Implementing Agency.","Compare scope and estimate with peer works | Verify supporting documents and field evidence","MEDIUM","MEDIUM - open 2.4x longer than the typical completed work of this type in Uttar Pradesh (412 days).","","District Monitoring","2026-06-09","New","","TRUE"
"MP3042459-W184631","Construction of Terrarium at Park at Semmozhi Poonga, Central Zone in Ward No.67 of Coimbatore Corporation","Tamil Nadu","COIMBATORE","COIMBATORE(DISTRICT COLLECTOR COIMBATORE_IDA)","GANAPATHY RAJKUMAR P","20000000.00","4414903.00","14788496.00","0.8374","HIGH","3","Sitting bench - rcc benches - RCC","2025-03-20","Open","Peer amount: Recommended amount at the 100th percentile of 1445 comparable works (robust z 29.6).; Behavioural change: Implementing agency's recommendation pattern shifted year-on-year (magnitude 65%). Before/after - 2024: 122 works at a median of Rs 909,000 -> 2025: 83 works at a median of Rs 1,500,000. A change point is a lead, not a finding: a new officer or a revised guideline produces one too.; Statistical outlier: A trained anomaly detector (IsolationForest) flags this work's amount-and-age profile as unusual against the national portfolio.","A human should verify the scope and estimate for this work against its peers via the Implementing Agency.","Review the lifecycle history and sanction record | Compare scope and estimate with peer works | Verify supporting documents and field evidence","LOW","No stalling indicators; the work is progressing within normal ranges.","Amount outlier vs peers (STATISTICAL_OUTLIER)","District Monitoring","2026-06-09","New","","TRUE"
"MP3042496-W238655","Supply and installation of 60 Highmast light in many areas of Barabanki constituency","Uttar Pradesh","BARABANKI(SC)","Bara Banki(DISTRICT MAGISTRATE BARABANKI_IDA)","TANUJ PUNIA","12600000.00","4147483.00","14591755.00","0.8796","HIGH","3","Highmast light - installation highmast - mask light","2025-09-27","Open","Peer amount: Recommended amount at the 100th percentile of 13232 comparable works (robust z 127.9).; Behavioural change: Implementing agency's recommendation pattern shifted year-on-year (magnitude 100%). Before/after - 2024: 171 works at a median of Rs 19,926 -> 2025: 22 works at a median of Rs 1,716,646. A change point is a lead, not a finding: a new officer or a revised guideline produces one too.; Statistical outlier: A trained anomaly detector (IsolationForest) flags this work's amount-and-age profile as unusual against the national portfolio.","A human should verify the scope and estimate for this work against its peers via the Implementing Agency.","Review the lifecycle history and sanction record | Compare scope and estimate with peer works | Verify supporting documents and field evidence","LOW","No stalling indicators; the work is progressing within normal ranges.","Amount outlier vs peers (STATISTICAL_OUTLIER)","District Monitoring","2026-06-09","New","","TRUE"
"MP3017455-W51814","Construction of Community Hall at Walltax road no.244 & 246 in dn 57, Zone - 5.","Tamil Nadu","CHENNAI CENTRAL","CHENNAI(COMMISSIONER MUNCIPAL CORPORATION CHENNAI_IDA)","Thiru Dayanidhi Maran (17th Lok Sabha)","15000000.00","3116982.00","14586964.00","0.9360","HIGH","4","Community hall - construction community - hall village","2023-11-22","Open","Peer amount: Recommended amount at the 99th percentile of 598 comparable works (robust z 29.1).; Peer duration: Open for longer than 91% of comparable works still in progress.; Behavioural change: Implementing agency's recommendation pattern shifted year-on-year (magnitude 94%). Before/after - 2023: 50 works at a median of Rs 1,134,160 -> 2024: 73 works at a median of Rs 2,195,272. A change point is a lead, not a finding: a new officer or a revised guideline produces one too.; Statistical outlier: A trained anomaly detector (IsolationForest) flags this work's amount-and-age profile as unusual against the national portfolio.","A human should verify the scope and estimate for this work against its peers via the Implementing Agency.","Review the lifecycle history and sanction record | Compare scope and estimate with peer works | Verify supporting documents and field evidence","LOW","LOW - open 1.7x longer than the typical completed work of this type in Tamil Nadu (529 days).","Amount outlier vs peers (STATISTICAL_OUTLIER)","District Monitoring","2026-06-09","New","","TRUE"
"MP3042499-W216110","Installation of High Mast lights in various villages of Shivpur and Ajgara","Uttar Pradesh","CHANDAULI","VARANASI(DISTRICT MAGISTRAE VARANASI_IDA)","VIRENDRA SINGH","10763500.00","4143968.00","14579390.00","0.8796","HIGH","3","Mast light - high mast - mini mast","2025-07-08","Open","Peer amount: Recommended amount at the 100th percentile of 13232 comparable works (robust z 109.0).; Behavioural change: Implementing agency's recommendation pattern shifted year-on-year (magnitude 100%). Before/after - 2023: 574 works at a median of Rs 26,629 -> 2024: 204 works at a median of Rs 239,380. A change point is a lead, not a finding: a new officer or a revised guideline produces one too.; Statistical outlier: A trained anomaly detector (IsolationForest) flags this work's amount-and-age profile as unusual against the national portfolio.","A human should verify the scope and estimate for this work against its peers via the Implementing Agency.","Review the lifecycle history and sanction record | Compare scope and estimate with peer works | Verify supporting documents and field evidence","LOW","No stalling indicators; the work is progressing within normal ranges.","Amount outlier vs peers (STATISTICAL_OUTLIER)","District Monitoring","2026-06-09","New","","TRUE"
"MP3019225-W229414","works recomonded in letter no 217 for Sikhar block","Uttar Pradesh","MIRZAPUR","MIRZAPUR(DISTRICT MAGISTRATE MIRZAPUR_IDA)","Smt Anupriya Patel","11576000.00","4080215.00","14355091.00","0.8796","HIGH","3","Construction paver - paving - village","2025-08-26","Open","Peer amount: Recommended amount at the 100th percentile of 13232 comparable works (robust z 117.4).; Behavioural change: Implementing agency's recommendation pattern shifted year-on-year (magnitude 100%). Before/after - 2024: 90 works at a median of Rs 500,000 -> 2025: 23 works at a median of Rs 3,754,000. A change point is a lead, not a finding: a new officer or a revised guideline produces one too.; Statistical outlier: A trained anomaly detector (IsolationForest) flags this work's amount-and-age profile as unusual against the national portfolio.","A human should verify the scope and estimate for this work against its peers via the Implementing Agency.","Review the lifecycle history and sanction record | Compare scope and estimate with peer works | Verify supporting documents and field evidence","LOW","No stalling indicators; the work is progressing within normal ranges.","Amount outlier vs peers (STATISTICAL_OUTLIER)","District Monitoring","2026-06-09","New","","TRUE"
"MP3019643-W40701","Construction of 3 class rooms (3+3) stair case and Toilet in Panchayat Union Primary School at Manali in dn-21, Zone-2","Tamil Nadu","CHENNAI NORTH","CHENNAI(COMMISSIONER MUNCIPAL CORPORATION CHENNAI_IDA)","Kalanidhi Veeraswamy (17th Lok Sabha)","18460000.00","4075104.00","14210657.00","0.8718","HIGH","3","Class room - construction class - school","2023-10-26","Open","Peer amount: Recommended amount at the 100th percentile of 152 comparable works (robust z 11.0).; Behavioural change: Implementing agency's recommendation pattern shifted year-on-year (magnitude 94%). Before/after - 2023: 50 works at a median of Rs 1,134,160 -> 2024: 73 works at a median of Rs 2,195,272. A change point is a lead, not a finding: a new officer or a revised guideline produces one too.; Statistical outlier: A trained anomaly detector (IsolationForest) flags this work's amount-and-age profile as unusual against the national portfolio.","A human should verify the scope and estimate for this work against its peers via the Implementing Agency.","Review the lifecycle history and sanction record | Compare scope and estimate with peer works | Verify supporting documents and field evidence","LOW","LOW - open 1.3x longer than the typical completed work of this type in Tamil Nadu (736 days).","Amount outlier vs peers (STATISTICAL_OUTLIER)","District Monitoring","2026-06-09","New","","TRUE"
"MP3042496-W258118","supply and installation of 61 Highmast lights in many areas of Barabanki Lok Sabha","Uttar Pradesh","BARABANKI(SC)","Bara Banki(DISTRICT MAGISTRATE BARABANKI_IDA)","TANUJ PUNIA","12206893.00","4018139.00","14136695.00","0.8796","HIGH","3","Highmast light - installation highmast - mask light","2026-01-08","Open","Peer amount: Recommended amount at the 100th percentile of 13232 comparable works (robust z 123.9).; Behavioural change: Implementing agency's recommendation pattern shifted year-on-year (magnitude 100%). Before/after - 2024: 171 works at a median of Rs 19,926 -> 2025: 22 works at a median of Rs 1,716,646. A change point is a lead, not a finding: a new officer or a revised guideline produces one too.; Statistical outlier: A trained anomaly detector (IsolationForest) flags this work's amount-and-age profile as unusual against the national portfolio.","A human should verify the scope and estimate for this work against its peers via the Implementing Agency.","Review the lifecycle history and sanction record | Compare scope and estimate with peer works | Verify supporting documents and field evidence","LOW","No stalling indicators; the work is progressing within normal ranges.","Amount outlier vs peers (STATISTICAL_OUTLIER)","District Monitoring","2026-06-09","New","","TRUE"
"MP3019259-W152844","Various Development work to be carried out on the heritage street of Sri Darbar Sahib, Amritsar. MPLAD grant of rupees One crore thirty four lakh two thousand six hundred fifty six","Punjab","Sitting Rajya Sabha","AMRITSAR(DEPUTY COMMISSIONER AMRITSAR_IDA)","Dr. Vikramjit Singh Sahney","13402656.00","4119918.00","13695125.00","0.8310","HIGH","3","Taluk balance - commuinity - executive agency","2024-11-16","Open","Peer amount: Recommended amount at the 98th percentile of 55 comparable works (robust z 21.8).; Behavioural change: Implementing agency's recommendation pattern shifted year-on-year (magnitude 60%). Before/after - 2025: 149 works at a median of Rs 306,800 -> 2026: 92 works at a median of Rs 490,000. A change point is a lead, not a finding: a new officer or a revised guideline produces one too.; Statistical outlier: A trained anomaly detector (IsolationForest) flags this work's amount-and-age profile as unusual against the national portfolio.","A human should verify the scope and estimate for this work against its peers via the Implementing Agency.","Compare scope and estimate with peer works | Verify supporting documents and field evidence","LOW","LOW - open 1.3x longer than the typical completed work of this type in Punjab (426 days).","","District Monitoring","2026-06-09","New","","TRUE"
"MP3017332-W282964","Installation of100 LED Highmast Lights for Rural and urban areas as per endosed List.","Uttar Pradesh","Sitting Rajya Sabha","SHAHJAHANPUR(DISTRICT MAGISTRAE SHAHJAHANAPUR_IDA)","Shri Mithlesh Kumar","24960000.00","3879291.00","13648198.00","0.8796","HIGH","3","Highmast light - installation highmast - mask light","2026-05-22","Open","Peer amount: Recommended amount at the 100th percentile of 4191 comparable works (robust z 191.9).; Behavioural change: Implementing agency's recommendation pattern shifted year-on-year (magnitude 100%). Before/after - 2023: 737 works at a median of Rs 129,700 -> 2024: 11 works at a median of Rs 9,900,000. A change point is a lead, not a finding: a new officer or a revised guideline produces one too.; Statistical outlier: A trained anomaly detector (IsolationForest) flags this work's amount-and-age profile as unusual against the national portfolio.","A human should verify the scope and estimate for this work against its peers via the Implementing Agency.","Review the lifecycle history and sanction record | Compare scope and estimate with peer works | Verify supporting documents and field evidence","LOW","No stalling indicators; the work is progressing within normal ranges.","Amount outlier vs peers (STATISTICAL_OUTLIER)","District Monitoring","2026-06-09","New","","TRUE"
"MP3017329-W283439","supply and installation of led semi high mast light at 83 different places in district shahjahanpur","Uttar Pradesh","Sitting Rajya Sabha","SHAHJAHANPUR(DISTRICT MAGISTRAE SHAHJAHANAPUR_IDA)","Shri Javed Ali Khan","20716800.00","3851528.00","13550522.00","0.8796","HIGH","3","Mast light - high mast - mini mast","2026-05-24","Open","Peer amount: Recommended amount at the 100th percentile of 4191 comparable works (robust z 159.1).; Behavioural change: Implementing agency's recommendation pattern shifted year-on-year (magnitude 100%). Before/after - 2023: 737 works at a median of Rs 129,700 -> 2024: 11 works at a median of Rs 9,900,000. A change point is a lead, not a finding: a new officer or a revised guideline produces one too.; Statistical outlier: A trained anomaly detector (IsolationForest) flags this work's amount-and-age profile as unusual against the national portfolio.","A human should verify the scope and estimate for this work against its peers via the Implementing Agency.","Review the lifecycle history and sanction record | Compare scope and estimate with peer works | Verify supporting documents and field evidence","LOW","No stalling indicators; the work is progressing within normal ranges.","Amount outlier vs peers (STATISTICAL_OUTLIER)","District Monitoring","2026-06-09","New","","TRUE"
"MP3017255-W218146","Development of chatrasal stadium in Panna","Madhya Pradesh","Sitting Rajya Sabha","PANNA(DISTRICT COLLECTOR PANNA_IDA)","Dr. L. Murugan","20000000.00","3831074.00","13478561.00","0.8796","HIGH","3","Sitting bench - rcc benches - RCC","2025-07-16","Open","Peer amount: Recommended amount at the 99th percentile of 628 comparable works (robust z 43.8).; Behavioural change: Implementing agency's recommendation pattern shifted year-on-year (magnitude 100%). Before/after - 2024: 36 works at a median of Rs 1,000,000 -> 2025: 5 works at a median of Rs 2,500,000. A change point is a lead, not a finding: a new officer or a revised guideline produces one too.; Statistical outlier: A trained anomaly detector (IsolationForest) flags this work's amount-and-age profile as unusual against the national portfolio.","A human should verify the scope and estimate for this work against its peers via the Implementing Agency.","Review the lifecycle history and sanction record | Compare scope and estimate with peer works | Verify supporting documents and field evidence","LOW","No stalling indicators; the work is progressing within normal ranges.","Amount outlier vs peers (STATISTICAL_OUTLIER)","District Monitoring","2026-06-09","New","","TRUE"
"MP3042530-W156951","High Mast Light 12.5 Mtr pole at different locations of 17by Samaj Kalyan Nigam (UP Sidko) Sultanpur Prayagraj","Uttar Pradesh","SULTANPUR","SULTANPUR(DISTRICT MAGISTRATE SULTANPUR_IDA)","RAMBHUAL NISHAD","10098000.00","3730564.00","13124945.00","0.8796","HIGH","3","High mast - mast light - LED","2024-12-04","Open","Peer amount: Recommended amount at the 100th percentile of 13232 comparable works (robust z 102.2).; Behavioural change: Implementing agency's recommendation pattern shifted year-on-year (magnitude 100%). Before/after - 2025: 26 works at a median of Rs 1,000,000 -> 2026: 7 works at a median of Rs 2,000,000. A change point is a lead, not a finding: a new officer or a revised guideline produces one too.; Statistical outlier: A trained anomaly detector (IsolationForest) flags this work's amount-and-age profile as unusual against the national portfolio.","A human should verify the scope and estimate for this work against its peers via the Implementing Agency.","Review the lifecycle history and sanction record | Compare scope and estimate with peer works | Verify supporting documents and field evidence","LOW","LOW - open 1.2x longer than the typical completed work of this type in Uttar Pradesh (439 days).","Amount outlier vs peers (STATISTICAL_OUTLIER)","District Monitoring","2026-06-09","New","","TRUE"
"MP3042530-W156952","High Mast Light 9.5 Mtr pole at different locations of 45by Agency Kshetriya PRabandhak Laghu Udyog Nigam Prayagraj","Uttar Pradesh","SULTANPUR","SULTANPUR(DISTRICT MAGISTRATE SULTANPUR_IDA)","RAMBHUAL NISHAD","10080000.00","3723917.00","13101559.00","0.8796","HIGH","3","High mast - mast light - LED","2024-12-04","Open","Peer amount: Recommended amount at the 100th percentile of 13232 comparable works (robust z 102.0).; Behavioural change: Implementing agency's recommendation pattern shifted year-on-year (magnitude 100%). Before/after - 2025: 26 works at a median of Rs 1,000,000 -> 2026: 7 works at a median of Rs 2,000,000. A change point is a lead, not a finding: a new officer or a revised guideline produces one too.; Statistical outlier: A trained anomaly detector (IsolationForest) flags this work's amount-and-age profile as unusual against the national portfolio.","A human should verify the scope and estimate for this work against its peers via the Implementing Agency.","Review the lifecycle history and sanction record | Compare scope and estimate with peer works | Verify supporting documents and field evidence","LOW","LOW - open 1.2x longer than the typical completed work of this type in Uttar Pradesh (439 days).","Amount outlier vs peers (STATISTICAL_OUTLIER)","District Monitoring","2026-06-09","New","","TRUE"
"MP3019200-W252126","Uska brijmanganj marg se gangadhar pur hote hua baghi gav 1400 meetar pic road kary","Uttar Pradesh","DOMARIYAGANJ","Siddharthnagar(DISTRICT MAGISTRATE SIDDHARTH NAGAR_IDA)","Jagdambika Pal","11500000.00","3686303.00","12969224.00","0.8796","HIGH","3","CC road - gram - construction","2025-12-05","Open","Peer amount: Recommended amount at the 100th percentile of 7203 comparable works (robust z 22.4).; Behavioural change: Implementing agency's recommendation pattern shifted year-on-year (magnitude 100%). Before/after - 2023: 192 works at a median of Rs 50,000 -> 2024: 21 works at a median of Rs 780,000. A change point is a lead, not a finding: a new officer or a revised guideline produces one too.; Statistical outlier: A trained anomaly detector (IsolationForest) flags this work's amount-and-age profile as unusual against the national portfolio.","A human should verify the scope and estimate for this work against its peers via the Implementing Agency.","Review the lifecycle history and sanction record | Compare scope and estimate with peer works | Verify supporting documents and field evidence","LOW","No stalling indicators; the work is progressing within normal ranges.","Amount outlier vs peers (STATISTICAL_OUTLIER)","District Monitoring","2026-06-09","New","","TRUE"
"MP3017253-W143819","Construction of Artificial Football turf, Municipal Stadium Ground, Aluva, Aluva Municipality","Kerala","Sitting Rajya Sabha","ERNAKULAM(DISTRICT COLLECTOR ERNAKULAM_IDA)","Smt. Jebi Mather Hisham","15380000.00","3671850.00","12918376.00","0.8796","HIGH","3","Sitting bench - rcc benches - RCC","2024-09-26","Open","Peer amount: Recommended amount at the 99th percentile of 628 comparable works (robust z 33.5).; Behavioural change: Implementing agency's recommendation pattern shifted year-on-year (magnitude 100%). Before/after - 2025: 235 works at a median of Rs 249,000 -> 2026: 20 works at a median of Rs 530,000. A change point is a lead, not a finding: a new officer or a revised guideline produces one too.; Statistical outlier: A trained anomaly detector (IsolationForest) flags this work's amount-and-age profile as unusual against the national portfolio.","A human should verify the scope and estimate for this work against its peers via the Implementing Agency.","Compare scope and estimate with peer works | Verify supporting documents and field evidence","LOW","No stalling indicators; the work is progressing within normal ranges.","","District Monitoring","2026-06-09","New","","TRUE"
"MP3042530-W145618","As per list attached of 44 places of installation of high mast led light - 6 LED for different blocks and villages.","Uttar Pradesh","SULTANPUR","SULTANPUR(DISTRICT MAGISTRATE SULTANPUR_IDA)","RAMBHUAL NISHAD","9856000.00","3641197.00","12810530.00","0.8796","HIGH","3","High mast - mast light - LED","2024-10-05","Open","Peer amount: Recommended amount at the 100th percentile of 13232 comparable works (robust z 99.7).; Behavioural change: Implementing agency's recommendation pattern shifted year-on-year (magnitude 100%). Before/after - 2025: 26 works at a median of Rs 1,000,000 -> 2026: 7 works at a median of Rs 2,000,000. A change point is a lead, not a finding: a new officer or a revised guideline produces one too.; Statistical outlier: A trained anomaly detector (IsolationForest) flags this work's amount-and-age profile as unusual against the national portfolio.","A human should verify the scope and estimate for this work against its peers via the Implementing Agency.","Review the lifecycle history and sanction record | Compare scope and estimate with peer works | Verify supporting documents and field evidence","MEDIUM","MEDIUM - open 1.4x longer than the typical completed work of this type in Uttar Pradesh (439 days).","Amount outlier vs peers (STATISTICAL_OUTLIER)","District Monitoring","2026-06-09","New","","TRUE"
"MP3042530-W156949","High Mast Light 9.5 Mtr pole at different locations of 44 by Agency Kshetriya PRabandhak Laghu Udyog Nigam Prayagraj","Uttar Pradesh","SULTANPUR","SULTANPUR(DISTRICT MAGISTRATE SULTANPUR_IDA)","RAMBHUAL NISHAD","9856000.00","3641197.00","12810530.00","0.8796","HIGH","3","High mast - mast light - LED","2024-12-04","Open","Peer amount: Recommended amount at the 100th percentile of 6132 comparable works (robust z 687.4).; Behavioural change: Implementing agency's recommendation pattern shifted year-on-year (magnitude 100%). Before/after - 2025: 26 works at a median of Rs 1,000,000 -> 2026: 7 works at a median of Rs 2,000,000. A change point is a lead, not a finding: a new officer or a revised guideline produces one too.; Statistical outlier: A trained anomaly detector (IsolationForest) flags this work's amount-and-age profile as unusual against the national portfolio.","A human should verify the scope and estimate for this work against its peers via the Implementing Agency.","Review the lifecycle history and sanction record | Compare scope and estimate with peer works | Verify supporting documents and field evidence","MEDIUM","MEDIUM - open 2.1x longer than the typical completed work of this type in Uttar Pradesh (252 days).","Amount outlier vs peers (STATISTICAL_OUTLIER)","District Monitoring","2026-06-09","New","","TRUE"
"MP3019258-W259140","Construction work on cremation ground in Ram Bagh, Deep Nagar, Jalandhar Cantt.","Punjab","Sitting Rajya Sabha","JALANDHAR(DEPUTY COMMISSIONER JALANDHAR_IDA)","Dr. Ashok Kumar Mittal","9998224.00","3531171.00","12423435.00","0.8796","HIGH","3","Construction cremation - cremation ground - shed","2026-01-14","Open","Peer amount: Recommended amount at the 100th percentile of 403 comparable works (robust z 131.5).; Behavioural change: Implementing agency's recommendation pattern shifted year-on-year (magnitude 100%). Before/after - 2025: 242 works at a median of Rs 247,500 -> 2026: 26 works at a median of Rs 500,000. A change point is a lead, not a finding: a new officer or a revised guideline produces one too.; Statistical outlier: A trained anomaly detector (IsolationForest) flags this work's amount-and-age profile as unusual against the national portfolio.","A human should verify the scope and estimate for this work against its peers via the Implementing Agency.","Review the lifecycle history and sanction record | Compare scope and estimate with peer works | Verify supporting documents and field evidence","LOW","No stalling indicators; the work is progressing within normal ranges.","Amount outlier vs peers (STATISTICAL_OUTLIER)","District Monitoring","2026-06-09","New","","TRUE"
"MP3018373-W97341","Supply, Installation, Testing & Commissioning (SITC) for Sanitary Napkin Making Machine at various Self-Help Groups (SHGs)/Anganwadies in Chatra Parliamentary Constituency","Jharkhand","CHATRA","CHATRA(DEPUTY COMMISSIONER CHATRA_IDA)","Sunil Kumar Singh","27500000.00","3529419.00","12374761.00","0.8765","HIGH","3","Installation cctv - cctv cameras - cctv camera","2024-02-05","Open","Peer amount: Recommended amount at the 100th percentile of 39 comparable works (robust z 223.9).; Behavioural change: Implementing agency's recommendation pattern shifted year-on-year (magnitude 97%). Before/after - 2024: 7 works at a median of Rs 6,000,000 -> 2025: 278 works at a median of Rs 150,000. A change point is a lead, not a finding: a new officer or a revised guideline produces one too.; Statistical outlier: A trained anomaly detector (IsolationForest) flags this work's amount-and-age profile as unusual against the national portfolio.","A human should verify the scope and estimate for this work against its peers via the Implementing Agency.","Review the lifecycle history and sanction record | Compare scope and estimate with peer works | Verify supporting documents and field evidence","LOW","LOW - open 2.0x longer than the typical completed work of this type in Jharkhand (412 days).","Amount outlier vs peers (STATISTICAL_OUTLIER)","District Monitoring","2026-06-09","New","","TRUE"
"MP3042348-W201278","please release two crore rupees for the construction of Sarai for the attendents of poor patients at GMC and Associated hospitals at Rajouri","Jammu And Kashmir","ANANTNAG","RAJOURI(Deputy Commissioner Rajouri_IDA)","MIAN ALTAF AHMAD","20000000.00","3485876.00","12264076.00","0.8796","HIGH","3","Installation cctv - cctv cameras - cctv camera","2025-05-20","Open","Peer amount: Recommended amount at the 100th percentile of 317 comparable works (robust z 53.7).; Behavioural change: Implementing agency's recommendation pattern shifted year-on-year (magnitude 100%). Before/after - 2023: 5 works at a median of Rs 331,500 -> 2025: 14 works at a median of Rs 857,500. A change point is a lead, not a finding: a new officer or a revised guideline produces one too.; Statistical outlier: A trained anomaly detector (IsolationForest) flags this work's amount-and-age profile as unusual against the national portfolio.","A human should verify the scope and estimate for this work against its peers via the Implementing Agency.","Review the lifecycle history and sanction record | Compare scope and estimate with peer works | Verify supporting documents and field evidence","LOW","No stalling indicators; the work is progressing within normal ranges.","Amount outlier vs peers (STATISTICAL_OUTLIER)","District Monitoring","2026-06-09","New","","TRUE"
"MP3042538-W153601","Development of Naihati State General Hospital.","West Bengal","BARRACKPUR","North 24 Parganas(DISTRICT MAGISTRATE NORTH TWENTY FOUR PARGANAS_IDA)","PARTHA BHOWMICK","20000000.00","3467383.00","12199016.00","0.8796","HIGH","3","Installation cctv - cctv cameras - cctv camera","2024-11-21","Open","Peer amount: Recommended amount at the 99th percentile of 46 comparable works (robust z 12.4).; Behavioural change: Implementing agency's recommendation pattern shifted year-on-year (magnitude 100%). Before/after - 2025: 156 works at a median of Rs 500,000 -> 2026: 29 works at a median of Rs 1,100,000. A change point is a lead, not a finding: a new officer or a revised guideline produces one too.; Statistical outlier: A trained anomaly detector (IsolationForest) flags this work's amount-and-age profile as unusual against the national portfolio.","A human should verify the scope and estimate for this work against its peers via the Implementing Agency.","Compare scope and estimate with peer works | Verify supporting documents and field evidence","LOW","LOW - open 1.7x longer than the typical completed work of this type in West Bengal (318 days).","","District Monitoring","2026-06-09","New","","TRUE"
"MP3042538-W153603","Development of Bhatpara State General Hospital.","West Bengal","BARRACKPUR","North 24 Parganas(DISTRICT MAGISTRATE NORTH TWENTY FOUR PARGANAS_IDA)","PARTHA BHOWMICK","20000000.00","3467383.00","12199016.00","0.8796","HIGH","3","Installation cctv - cctv cameras - cctv camera","2024-11-21","Open","Peer amount: Recommended amount at the 99th percentile of 46 comparable works (robust z 12.4).; Behavioural change: Implementing agency's recommendation pattern shifted year-on-year (magnitude 100%). Before/after - 2025: 156 works at a median of Rs 500,000 -> 2026: 29 works at a median of Rs 1,100,000. A change point is a lead, not a finding: a new officer or a revised guideline produces one too.; Statistical outlier: A trained anomaly detector (IsolationForest) flags this work's amount-and-age profile as unusual against the national portfolio.","A human should verify the scope and estimate for this work against its peers via the Implementing Agency.","Compare scope and estimate with peer works | Verify supporting documents and field evidence","LOW","LOW - open 1.7x longer than the typical completed work of this type in West Bengal (318 days).","","District Monitoring","2026-06-09","New","","TRUE"
"MP3019201-W92574","79 No Semi high mast light","Uttar Pradesh","HARDOI (SC)","HARDOI(DISTRICT MAGISTRATE HARDOI_IDA)","Jai Prakash(17th Lok Sabha)","9375000.00","3463566.00","12185587.00","0.8796","HIGH","3","High mast - mast light - LED","2024-01-31","Open","Peer amount: Recommended amount at the 100th percentile of 6132 comparable works (robust z 653.7).; Behavioural change: Implementing agency's recommendation pattern shifted year-on-year (magnitude 100%). Before/after - 2023: 15 works at a median of Rs 600,000 -> 2024: 31 works at a median of Rs 1,215,970. A change point is a lead, not a finding: a new officer or a revised guideline produces one too.; Statistical outlier: A trained anomaly detector (IsolationForest) flags this work's amount-and-age profile as unusual against the national portfolio.","A human should verify the scope and estimate for this work against its peers via the Implementing Agency.","Review the lifecycle history and sanction record | Compare scope and estimate with peer works | Request a progress update from the implementing agency | Verify supporting documents and field evidence","HIGH","HIGH - open 3.4x longer than the typical completed work of this type in Uttar Pradesh (252 days).","Amount outlier vs peers (STATISTICAL_OUTLIER)","District Monitoring","2026-06-09","New","","TRUE"
"MP3023812-W207351","seating furniture (Low and High Bench set) for Siddheswari Kokila Devi High School (H.S.) and others 21 Schools of Cooch Behar district.","West Bengal","Sitting Rajya Sabha","Cooch Behar(DISTRICT MAGISTRATE COOCHBEHAR_IDA)","Shri Nagendra Ray","19950000.00","3545255.00","11968096.00","0.8440","HIGH","3","Class room - construction class - school","2025-06-07","Open","Peer amount: Recommended amount at the 100th percentile of 1103 comparable works (robust z 65.9).; Behavioural change: Implementing agency's recommendation pattern shifted year-on-year (magnitude 70%). Before/after - 2025: 108 works at a median of Rs 586,716 -> 2026: 7 works at a median of Rs 1,000,000. A change point is a lead, not a finding: a new officer or a revised guideline produces one too.; Statistical outlier: A trained anomaly detector (IsolationForest) flags this work's amount-and-age profile as unusual against the national portfolio.","A human should verify the scope and estimate for this work against its peers via the Implementing Agency.","Review the lifecycle history and sanction record | Compare scope and estimate with peer works | Verify supporting documents and field evidence","LOW","LOW - open 1.7x longer than the typical completed work of this type in West Bengal (204 days).","Amount outlier vs peers (STATISTICAL_OUTLIER)","District Monitoring","2026-06-09","New","","TRUE"
"MP3019244-W72664","SUPPLY AND INSTALLATION OF LED SEMI HIGH MAST LIGHT(04 LIGHT WALI 200 WATT) AT 55 DIFFRENT PLACES AT MISHRIKH LOK SABHA AS PER ATTACHEMENT OF LIST (ENCLOSED) PER LED LIGHT COST 178100.00 TOTAL COST 9795500.00","Uttar Pradesh","MISRIKH(SC)","HARDOI(DISTRICT MAGISTRATE HARDOI_IDA)","Ashok Kumar Rawat(17TH Lok Sabha)","9078000.00","3353884.00","11799702.00","0.8796","HIGH","3","High mast - mast light - LED","2024-01-01","Open","Peer amount: Recommended amount at the 100th percentile of 13232 comparable works (robust z 91.7).; Behavioural change: Implementing agency's recommendation pattern shifted year-on-year (magnitude 100%). Before/after - 2023: 15 works at a median of Rs 600,000 -> 2024: 31 works at a median of Rs 1,215,970. A change point is a lead, not a finding: a new officer or a revised guideline produces one too.; Statistical outlier: A trained anomaly detector (IsolationForest) flags this work's amount-and-age profile as unusual against the national portfolio.","A human should verify the scope and estimate for this work against its peers via the Implementing Agency.","Review the lifecycle history and sanction record | Compare scope and estimate with peer works | Verify supporting documents and field evidence","MEDIUM","MEDIUM - open 2.0x longer than the typical completed work of this type in Uttar Pradesh (439 days).","Amount outlier vs peers (STATISTICAL_OUTLIER)","District Monitoring","2026-06-09","New","","TRUE"
"MP3023812-W207350","Purchase of Books for Student of 7 number of Schools and 2 numbers of Universities.","West Bengal","Sitting Rajya Sabha","Cooch Behar(DISTRICT MAGISTRATE COOCHBEHAR_IDA)","Shri Nagendra Ray","19596140.00","3482401.00","11755911.00","0.8440","HIGH","3","Books - construction library - public library","2025-06-07","Open","Peer amount: Recommended amount at the 100th percentile of 1412 comparable works (robust z 40.8).; Behavioural change: Implementing agency's recommendation pattern shifted year-on-year (magnitude 70%). Before/after - 2025: 108 works at a median of Rs 586,716 -> 2026: 7 works at a median of Rs 1,000,000. A change point is a lead, not a finding: a new officer or a revised guideline produces one too.; Statistical outlier: A trained anomaly detector (IsolationForest) flags this work's amount-and-age profile as unusual against the national portfolio.","A human should verify the scope and estimate for this work against its peers via the Implementing Agency.","Review the lifecycle history and sanction record | Compare scope and estimate with peer works | Verify supporting documents and field evidence","LOW","LOW - open 2.1x longer than the typical completed work of this type in West Bengal (172 days).","Amount outlier vs peers (STATISTICAL_OUTLIER)","District Monitoring","2026-06-09","New","","TRUE"
"MP3017330-W204855","This money is being released as the first installment for the construction of a wrestling stadium at Kisan Adarsh Inter College, Dankaur","Uttar Pradesh","Sitting Rajya Sabha","GAUTAM BUDDHA NAGAR(DISTRICT MAGISTRATE GAUTAMBUDHNAGAR)","Shri Jayant Chaudhary","25000000.00","3295689.00","11635353.00","0.8826","HIGH","3","Sitting bench - rcc benches - RCC","2025-05-29","Open","Peer amount: Recommended amount at the 100th percentile of 4191 comparable works (robust z 192.2).; Peer duration: Open for longer than 93% of comparable works still in progress.; Statistical outlier: A trained anomaly detector (IsolationForest) flags this work's amount-and-age profile as unusual against the national portfolio.","A human should verify the scope and estimate for this work against its peers via the Implementing Agency.","Review the lifecycle history and sanction record | Compare scope and estimate with peer works | Verify supporting documents and field evidence","LOW","No stalling indicators; the work is progressing within normal ranges.","Amount outlier vs peers (STATISTICAL_OUTLIER)","District Monitoring","2026-06-09","New","","TRUE"
"MP3018396-W195871","Construction of First Floor in Ongoing Community Hall Construction","Tamil Nadu","CHENNAI SOUTH","CHENNAI(COMMISSIONER MUNCIPAL CORPORATION CHENNAI_IDA)","T Sumathy (A) Thamizhachi Thangapandian","16000000.00","3324683.00","11593799.00","0.8718","HIGH","3","Community hall - construction community - hall village","2025-05-02","Open","Peer amount: Recommended amount at the 99th percentile of 598 comparable works (robust z 31.1).; Behavioural change: Implementing agency's recommendation pattern shifted year-on-year (magnitude 94%). Before/after - 2023: 50 works at a median of Rs 1,134,160 -> 2024: 73 works at a median of Rs 2,195,272. A change point is a lead, not a finding: a new officer or a revised guideline produces one too.; Statistical outlier: A trained anomaly detector (IsolationForest) flags this work's amount-and-age profile as unusual against the national portfolio.","A human should verify the scope and estimate for this work against its peers via the Implementing Agency.","Review the lifecycle history and sanction record | Compare scope and estimate with peer works | Verify supporting documents and field evidence","LOW","No stalling indicators; the work is progressing within normal ranges.","Amount outlier vs peers (STATISTICAL_OUTLIER)","District Monitoring","2026-06-09","New","","TRUE"
"MP3042530-W240691","High Mask Light as per attached list","Uttar Pradesh","SULTANPUR","SULTANPUR(DISTRICT MAGISTRATE SULTANPUR_IDA)","RAMBHUAL NISHAD","9996000.00","3290655.00","11577248.00","0.8796","HIGH","3","Highmast light - installation highmast - mask light","2025-10-07","Open","Peer amount: Recommended amount at the 100th percentile of 6132 comparable works (robust z 697.2).; Behavioural change: Implementing agency's recommendation pattern shifted year-on-year (magnitude 100%). Before/after - 2025: 26 works at a median of Rs 1,000,000 -> 2026: 7 works at a median of Rs 2,000,000. A change point is a lead, not a finding: a new officer or a revised guideline produces one too.; Statistical outlier: A trained anomaly detector (IsolationForest) flags this work's amount-and-age profile as unusual against the national portfolio.","A human should verify the scope and estimate for this work against its peers via the Implementing Agency.","Review the lifecycle history and sanction record | Compare scope and estimate with peer works | Verify supporting documents and field evidence","LOW","No stalling indicators; the work is progressing within normal ranges.","Amount outlier vs peers (STATISTICAL_OUTLIER)","District Monitoring","2026-06-09","New","","TRUE"
"MP3018396-W93488","Construction of Community Centre in Chinnamalai, Venkatapuram, Saidapet","Tamil Nadu","CHENNAI SOUTH","CHENNAI(COMMISSIONER MUNCIPAL CORPORATION CHENNAI_IDA)","T Sumathy (A) Thamizhachi Thangapandian","15000000.00","3311609.00","11548207.00","0.8718","HIGH","3","Community centre - construction community - community center","2024-02-01","Open","Peer amount: Recommended amount at the 99th percentile of 598 comparable works (robust z 29.1).; Behavioural change: Implementing agency's recommendation pattern shifted year-on-year (magnitude 94%). Before/after - 2023: 50 works at a median of Rs 1,134,160 -> 2024: 73 works at a median of Rs 2,195,272. A change point is a lead, not a finding: a new officer or a revised guideline produces one too.; Statistical outlier: A trained anomaly detector (IsolationForest) flags this work's amount-and-age profile as unusual against the national portfolio.","A human should verify the scope and estimate for this work against its peers via the Implementing Agency.","Review the lifecycle history and sanction record | Compare scope and estimate with peer works | Verify supporting documents and field evidence","LOW","LOW - open 1.6x longer than the typical completed work of this type in Tamil Nadu (529 days).","Amount outlier vs peers (STATISTICAL_OUTLIER)","District Monitoring","2026-06-09","New","","TRUE"
"MP3019201-W126028","38 No High mast light","Uttar Pradesh","HARDOI (SC)","HARDOI(DISTRICT MAGISTRATE HARDOI_IDA)","Jai Prakash(17th Lok Sabha)","8757826.00","3235642.00","11383701.00","0.8796","HIGH","3","High mast - mast light - LED","2024-03-12","Open","Peer amount: Recommended amount at the 100th percentile of 6132 comparable works (robust z 610.6).; Behavioural change: Implementing agency's recommendation pattern shifted year-on-year (magnitude 100%). Before/after - 2023: 15 works at a median of Rs 600,000 -> 2024: 31 works at a median of Rs 1,215,970. A change point is a lead, not a finding: a new officer or a revised guideline produces one too.; Statistical outlier: A trained anomaly detector (IsolationForest) flags this work's amount-and-age profile as unusual against the national portfolio.","A human should verify the scope and estimate for this work against its peers via the Implementing Agency.","Review the lifecycle history and sanction record | Compare scope and estimate with peer works | Request a progress update from the implementing agency | Verify supporting documents and field evidence","HIGH","HIGH - open 3.2x longer than the typical completed work of this type in Uttar Pradesh (252 days).","Amount outlier vs peers (STATISTICAL_OUTLIER)","District Monitoring","2026-06-09","New","","TRUE"
"MP3019201-W176431","50 NO 200 WATT LIGHT","Uttar Pradesh","HARDOI (SC)","HARDOI(DISTRICT MAGISTRATE HARDOI_IDA)","Jai Prakash","8594232.00","3175226.00","11171142.00","0.8796","HIGH","3","High mast - mast light - LED","2025-02-19","Open","Peer amount: Recommended amount at the 99th percentile of 13232 comparable works (robust z 86.7).; Behavioural change: Implementing agency's recommendation pattern shifted year-on-year (magnitude 100%). Before/after - 2023: 15 works at a median of Rs 600,000 -> 2024: 31 works at a median of Rs 1,215,970. A change point is a lead, not a finding: a new officer or a revised guideline produces one too.; Statistical outlier: A trained anomaly detector (IsolationForest) flags this work's amount-and-age profile as unusual against the national portfolio.","A human should verify the scope and estimate for this work against its peers via the Implementing Agency.","Review the lifecycle history and sanction record | Compare scope and estimate with peer works | Verify supporting documents and field evidence","LOW","No stalling indicators; the work is progressing within normal ranges.","Amount outlier vs peers (STATISTICAL_OUTLIER)","District Monitoring","2026-06-09","New","","TRUE"
"MP3019201-W225863","Lighting of public spaces","Uttar Pradesh","HARDOI (SC)","HARDOI(DISTRICT MAGISTRATE HARDOI_IDA)","Jai Prakash","9581750.00","3154341.00","11097665.00","0.8796","HIGH","3","Highmast light - installation highmast - mask light","2025-08-08","Open","Peer amount: Recommended amount at the 100th percentile of 13232 comparable works (robust z 96.8).; Behavioural change: Implementing agency's recommendation pattern shifted year-on-year (magnitude 100%). Before/after - 2023: 15 works at a median of Rs 600,000 -> 2024: 31 works at a median of Rs 1,215,970. A change point is a lead, not a finding: a new officer or a revised guideline produces one too.; Statistical outlier: A trained anomaly detector (IsolationForest) flags this work's amount-and-age profile as unusual against the national portfolio.","A human should verify the scope and estimate for this work against its peers via the Implementing Agency.","Review the lifecycle history and sanction record | Compare scope and estimate with peer works | Verify supporting documents and field evidence","LOW","No stalling indicators; the work is progressing within normal ranges.","Amount outlier vs peers (STATISTICAL_OUTLIER)","District Monitoring","2026-06-09","New","","TRUE"
"MP3018380-W138721","General workshed with toilets (125x80feet)","Madhya Pradesh","RAJGARH","RAJGARH(DISTRICT COLLECTOR RAJGARH_IDA)","Rodmal Nagar","16177075.00","3099082.00","10903253.00","0.8796","HIGH","3","Water tank - installation water - submersible pump","2024-09-03","Open","Peer amount: Recommended amount at the 100th percentile of 2348 comparable works (robust z 105.2).; Behavioural change: Implementing agency's recommendation pattern shifted year-on-year (magnitude 100%). Before/after - 2025: 144 works at a median of Rs 166,026 -> 2026: 37 works at a median of Rs 500,000. A change point is a lead, not a finding: a new officer or a revised guideline produces one too.; Statistical outlier: A trained anomaly detector (IsolationForest) flags this work's amount-and-age profile as unusual against the national portfolio.","A human should verify the scope and estimate for this work against its peers via the Implementing Agency.","Review the lifecycle history and sanction record | Compare scope and estimate with peer works | Verify supporting documents and field evidence","MEDIUM","MEDIUM - open 2.2x longer than the typical completed work of this type in Madhya Pradesh (287 days).","Amount outlier vs peers (STATISTICAL_OUTLIER)","District Monitoring","2026-06-09","New","","TRUE"
"MP3017455-W51811","Construction of Health Building at Noor Veerasamy street, in dn 113, Zone - 9.","Tamil Nadu","CHENNAI CENTRAL","CHENNAI(COMMISSIONER MUNCIPAL CORPORATION CHENNAI_IDA)","Thiru Dayanidhi Maran (17th Lok Sabha)","15000000.00","2311170.00","10889177.00","0.9423","HIGH","4","Construction building - community building - cultural activities","2023-11-22","Open","Peer amount: Recommended amount at the 97th percentile of 30 comparable works (robust z 8.4).; Peer duration: Open for longer than 100% of comparable works still in progress.; Behavioural change: Implementing agency's recommendation pattern shifted year-on-year (magnitude 94%). Before/after - 2023: 50 works at a median of Rs 1,134,160 -> 2024: 73 works at a median of Rs 2,195,272. A change point is a lead, not a finding: a new officer or a revised guideline produces one too.; Statistical outlier: A trained anomaly detector (IsolationForest) flags this work's amount-and-age profile as unusual against the national portfolio.","A human should verify the scope and estimate for this work against its peers via the Implementing Agency.","Review the lifecycle history and sanction record | Compare scope and estimate with peer works | Verify supporting documents and field evidence","LOW","LOW - open 1.7x longer than the typical completed work of this type in Tamil Nadu (527 days).","Stalled beyond peer norm (STATISTICAL_OUTLIER)","District Monitoring","2026-06-09","New","","TRUE"
"MP3042529-W174146","Installation of 47 six way 200 watt electric high mast lights on diffrent places.","Uttar Pradesh","SITAPUR","SITAPUR(DISTRICT MAGISTRATE SITAPUR_IDA)","RAKESH RATHOR","8244881.00","3046206.00","10717221.00","0.8796","HIGH","3","High mast - mast light - LED","2025-02-07","Open","Peer amount: Recommended amount at the 99th percentile of 13232 comparable works (robust z 83.1).; Behavioural change: Implementing agency's recommendation pattern shifted year-on-year (magnitude 100%). Before/after - 2024: 98 works at a median of Rs 331,712 -> 2025: 44 works at a median of Rs 1,000,000. A change point is a lead, not a finding: a new officer or a revised guideline produces one too.; Statistical outlier: A trained anomaly detector (IsolationForest) flags this work's amount-and-age profile as unusual against the national portfolio.","A human should verify the scope and estimate for this work against its peers via the Implementing Agency.","Review the lifecycle history and sanction record | Compare scope and estimate with peer works | Verify supporting documents and field evidence","LOW","No stalling indicators; the work is progressing within normal ranges.","Amount outlier vs peers (STATISTICAL_OUTLIER)","District Monitoring","2026-06-09","New","","TRUE"
"MP3017167-W196983","Construction of Building. Community Hall Near Durga Mandir , Block Mohiuddin Nagar , Panchyat Raspur Pitasia , village Sultanpur, District Samastipur","Bihar","Sitting Rajya Sabha","SAMASTIPUR(DISTRICT PLANNING OFFICER SAMASTIPUR_IDA)","Shri Shambhu Sharan Patel","7499800.00","3147954.00","10601251.00","0.8419","HIGH","3","Community hall - construction community - hall village","2025-05-07","Open","Peer amount: Recommended amount at the 100th percentile of 447 comparable works (robust z 12.0).; Behavioural change: Implementing agency's recommendation pattern shifted year-on-year (magnitude 69%). Before/after - 2024: 315 works at a median of Rs 400,000 -> 2025: 53 works at a median of Rs 675,000. A change point is a lead, not a finding: a new officer or a revised guideline produces one too.; Statistical outlier: A trained anomaly detector (IsolationForest) flags this work's amount-and-age profile as unusual against the national portfolio.","A human should verify the scope and estimate for this work against its peers via the Implementing Agency.","Review the lifecycle history and sanction record | Compare scope and estimate with peer works | Verify supporting documents and field evidence","LOW","LOW - the survival model puts a 42% chance it will not complete within 365 days.","Amount outlier vs peers (STATISTICAL_OUTLIER)","District Monitoring","2026-06-09","New","","TRUE"
"MP3042486-W254284","Roads in allahabad loksabha","Uttar Pradesh","ALLAHABAD","PRAYAGRAJ(DISTRICT MAGISTRAE ALLAHABAD_IDA)","UJJWAL RAMAN SINGH","9900000.00","2978237.00","10478093.00","0.8796","HIGH","3","Concrete road - construction cement - cement concrete","2025-12-16","Open","Peer amount: Recommended amount at the 100th percentile of 7203 comparable works (robust z 19.1).; Behavioural change: Implementing agency's recommendation pattern shifted year-on-year (magnitude 100%). Before/after - 2023: 878 works at a median of Rs 21,109 -> 2024: 557 works at a median of Rs 177,842. A change point is a lead, not a finding: a new officer or a revised guideline produces one too.; Statistical outlier: A trained anomaly detector (IsolationForest) flags this work's amount-and-age profile as unusual against the national portfolio.","A human should verify the scope and estimate for this work against its peers via the Implementing Agency.","Review the lifecycle history and sanction record | Compare scope and estimate with peer works | Verify supporting documents and field evidence","LOW","No stalling indicators; the work is progressing within normal ranges.","Amount outlier vs peers (STATISTICAL_OUTLIER)","District Monitoring","2026-06-09","New","","TRUE"
"MP3017343-W238283","installation of semi high mast light at various location as per the list each cost 237000","Uttar Pradesh","Sitting Rajya Sabha","JAUNPUR(DISTRICT MAGISTRATE JAUNPUR_IDA)","Smt. Sangeeta Yadav","8058000.00","2977187.00","10474398.00","0.8796","HIGH","3","High mast - mast light - LED","2025-09-26","Open","Peer amount: Recommended amount at the 99th percentile of 13232 comparable works (robust z 81.2).; Behavioural change: Implementing agency's recommendation pattern shifted year-on-year (magnitude 100%). Before/after - 2025: 1400 works at a median of Rs 20,900 -> 2026: 57 works at a median of Rs 750,000. A change point is a lead, not a finding: a new officer or a revised guideline produces one too.; Statistical outlier: A trained anomaly detector (IsolationForest) flags this work's amount-and-age profile as unusual against the national portfolio.","A human should verify the scope and estimate for this work against its peers via the Implementing Agency.","Review the lifecycle history and sanction record | Compare scope and estimate with peer works | Verify supporting documents and field evidence","LOW","No stalling indicators; the work is progressing within normal ranges.","Amount outlier vs peers (STATISTICAL_OUTLIER)","District Monitoring","2026-06-09","New","","TRUE"
"MP3017343-W238287","installation of semi high mast light at various location as per the list each cost 237000","Uttar Pradesh","Sitting Rajya Sabha","JAUNPUR(DISTRICT MAGISTRATE JAUNPUR_IDA)","Smt. Sangeeta Yadav","8058000.00","2977187.00","10474398.00","0.8796","HIGH","3","High mast - mast light - LED","2025-09-26","Open","Peer amount: Recommended amount at the 99th percentile of 13232 comparable works (robust z 81.2).; Behavioural change: Implementing agency's recommendation pattern shifted year-on-year (magnitude 100%). Before/after - 2025: 1400 works at a median of Rs 20,900 -> 2026: 57 works at a median of Rs 750,000. A change point is a lead, not a finding: a new officer or a revised guideline produces one too.; Statistical outlier: A trained anomaly detector (IsolationForest) flags this work's amount-and-age profile as unusual against the national portfolio.","A human should verify the scope and estimate for this work against its peers via the Implementing Agency.","Review the lifecycle history and sanction record | Compare scope and estimate with peer works | Verify supporting documents and field evidence","LOW","No stalling indicators; the work is progressing within normal ranges.","Amount outlier vs peers (STATISTICAL_OUTLIER)","District Monitoring","2026-06-09","New","","TRUE"
"MP3042486-W193991","Roads work","Uttar Pradesh","ALLAHABAD","PRAYAGRAJ(DISTRICT MAGISTRAE ALLAHABAD_IDA)","UJJWAL RAMAN SINGH","9860000.00","2966209.00","10435775.00","0.8796","HIGH","3","Concrete road - construction cement - cement concrete","2025-04-23","Open","Peer amount: Recommended amount at the 100th percentile of 7203 comparable works (robust z 19.0).; Behavioural change: Implementing agency's recommendation pattern shifted year-on-year (magnitude 100%). Before/after - 2023: 878 works at a median of Rs 21,109 -> 2024: 557 works at a median of Rs 177,842. A change point is a lead, not a finding: a new officer or a revised guideline produces one too.; Statistical outlier: A trained anomaly detector (IsolationForest) flags this work's amount-and-age profile as unusual against the national portfolio.","A human should verify the scope and estimate for this work against its peers via the Implementing Agency.","Review the lifecycle history and sanction record | Compare scope and estimate with peer works | Verify supporting documents and field evidence","LOW","LOW - open 1.3x longer than the typical completed work of this type in Uttar Pradesh (307 days).","Amount outlier vs peers (STATISTICAL_OUTLIER)","District Monitoring","2026-06-09","New","","TRUE"
"MP3017254-W232298","construction of Shed with Toilets (125X80 feet area) near Yogshala west side of Darana Road in Gram Bheswamata Sarangpur District Rajgrah","Madhya Pradesh","Sitting Rajya Sabha","RAJGARH(DISTRICT COLLECTOR RAJGARH_IDA)","Dr. Kavita Patidar","15300000.00","2931134.00","10312375.00","0.8796","HIGH","3","Construction shed - waiting shed - construction common","2025-09-09","Open","Peer amount: Recommended amount at the 100th percentile of 930 comparable works (robust z 101.5).; Behavioural change: Implementing agency's recommendation pattern shifted year-on-year (magnitude 100%). Before/after - 2025: 144 works at a median of Rs 166,026 -> 2026: 37 works at a median of Rs 500,000. A change point is a lead, not a finding: a new officer or a revised guideline produces one too.; Statistical outlier: A trained anomaly detector (IsolationForest) flags this work's amount-and-age profile as unusual against the national portfolio.","A human should verify the scope and estimate for this work against its peers via the Implementing Agency.","Review the lifecycle history and sanction record | Compare scope and estimate with peer works | Verify supporting documents and field evidence","LOW","No stalling indicators; the work is progressing within normal ranges.","Amount outlier vs peers (STATISTICAL_OUTLIER)","District Monitoring","2026-06-09","New","","TRUE"
"MP3018936-W88859","Construction of Community hall at Sankaram Village of Anakapalli Mandal.","Andhra Pradesh","ANAKAPALLE","Anakapalli(DISTRICT COLLECTOR ANAKAPALLI_IDA)","Beesetti Venkata Satyavathi","15000000.00","2926813.00","10297172.00","0.8796","HIGH","3","Community hall - construction community - hall village","2024-01-25","Open","Peer amount: Recommended amount at the 100th percentile of 568 comparable works (robust z 18.9).; Behavioural change: Implementing agency's recommendation pattern shifted year-on-year (magnitude 100%). Before/after - 2024: 31 works at a median of Rs 117,098 -> 2025: 25 works at a median of Rs 599,562. A change point is a lead, not a finding: a new officer or a revised guideline produces one too.; Statistical outlier: A trained anomaly detector (IsolationForest) flags this work's amount-and-age profile as unusual against the national portfolio.","A human should verify the scope and estimate for this work against its peers via the Implementing Agency.","Review the lifecycle history and sanction record | Compare scope and estimate with peer works | Verify supporting documents and field evidence","LOW","No stalling indicators; the work is progressing within normal ranges.","Amount outlier vs peers (STATISTICAL_OUTLIER)","District Monitoring","2026-06-09","New","","TRUE"
"MP3017307-W96112","construction of New Library Building at Thirumayam","Tamil Nadu","Sitting Rajya Sabha","PUDUKKOTTAI(DISTRICT COLLECTOR PUDUKKOTTAI_IDA)","Shri P. Chidambaram","20000000.00","3081140.00","10170260.00","0.8252","HIGH","3","Construction building - community building - cultural activities","2024-02-03","Open","Peer amount: Recommended amount at the 100th percentile of 46 comparable works (robust z 21.8).; Behavioural change: Implementing agency's recommendation pattern shifted year-on-year (magnitude 55%). Before/after - 2025: 152 works at a median of Rs 609,402 -> 2026: 14 works at a median of Rs 275,000. A change point is a lead, not a finding: a new officer or a revised guideline produces one too.; Statistical outlier: A trained anomaly detector (IsolationForest) flags this work's amount-and-age profile as unusual against the national portfolio.","A human should verify the scope and estimate for this work against its peers via the Implementing Agency.","Review the lifecycle history and sanction record | Compare scope and estimate with peer works | Verify supporting documents and field evidence","LOW","LOW - open 1.6x longer than the typical completed work of this type in Tamil Nadu (522 days).","Amount outlier vs peers (STATISTICAL_OUTLIER)","District Monitoring","2026-06-09","New","","TRUE"
"MP3017455-W51809","Purchase of Medical equipments for Corporation Dental Hospital in Adityanar road in dn-63 Zone-5 .","Tamil Nadu","CHENNAI CENTRAL","CHENNAI(COMMISSIONER MUNCIPAL CORPORATION CHENNAI_IDA)","Thiru Dayanidhi Maran (17th Lok Sabha)","10000000.00","2155692.00","10156639.00","0.9423","HIGH","4","Installation cctv - cctv cameras - cctv camera","2023-11-22","Open","Peer amount: Recommended amount at the 95th percentile of 31 comparable works (robust z 9.5).; Peer duration: Open for longer than 100% of comparable works still in progress.; Behavioural change: Implementing agency's recommendation pattern shifted year-on-year (magnitude 94%). Before/after - 2023: 50 works at a median of Rs 1,134,160 -> 2024: 73 works at a median of Rs 2,195,272. A change point is a lead, not a finding: a new officer or a revised guideline produces one too.; Statistical outlier: A trained anomaly detector (IsolationForest) flags this work's amount-and-age profile as unusual against the national portfolio.","A human should verify the scope and estimate for this work against its peers via the Implementing Agency.","Review the lifecycle history and sanction record | Compare scope and estimate with peer works | Verify supporting documents and field evidence","MEDIUM","MEDIUM - open 2.6x longer than the typical completed work of this type in Tamil Nadu (357 days).","Stalled beyond peer norm (STATISTICAL_OUTLIER)","District Monitoring","2026-06-09","New","","TRUE"
"MP3017246-W243539","New Road Madhura Company Palam,Palluruthi Approach Road,Ward 14,Kochi Corporation ,EKM District","Kerala","Sitting Rajya Sabha","ERNAKULAM(DISTRICT COLLECTOR ERNAKULAM_IDA)","Shri A. A. Rahim","14000000.00","2876634.00","10120630.00","0.8796","HIGH","3","Taluk balance - commuinity - executive agency","2025-10-24","Open","Peer amount: Recommended amount at the 100th percentile of 1516 comparable works (robust z 45.5).; Behavioural change: Implementing agency's recommendation pattern shifted year-on-year (magnitude 100%). Before/after - 2025: 235 works at a median of Rs 249,000 -> 2026: 20 works at a median of Rs 530,000. A change point is a lead, not a finding: a new officer or a revised guideline produces one too.; Statistical outlier: A trained anomaly detector (IsolationForest) flags this work's amount-and-age profile as unusual against the national portfolio.","A human should verify the scope and estimate for this work against its peers via the Implementing Agency.","Review the lifecycle history and sanction record | Compare scope and estimate with peer works | Verify supporting documents and field evidence","LOW","No stalling indicators; the work is progressing within normal ranges.","Amount outlier vs peers (STATISTICAL_OUTLIER)","District Monitoring","2026-06-09","New","","TRUE"
"MP3019201-W225865","Lighting of public spaces","Uttar Pradesh","HARDOI (SC)","HARDOI(DISTRICT MAGISTRATE HARDOI_IDA)","Jai Prakash","8710700.00","2867703.00","10089210.00","0.8796","HIGH","3","Highmast light - installation highmast - mask light","2025-08-08","Open","Peer amount: Recommended amount at the 100th percentile of 13232 comparable works (robust z 87.9).; Behavioural change: Implementing agency's recommendation pattern shifted year-on-year (magnitude 100%). Before/after - 2023: 15 works at a median of Rs 600,000 -> 2024: 31 works at a median of Rs 1,215,970. A change point is a lead, not a finding: a new officer or a revised guideline produces one too.; Statistical outlier: A trained anomaly detector (IsolationForest) flags this work's amount-and-age profile as unusual against the national portfolio.","A human should verify the scope and estimate for this work against its peers via the Implementing Agency.","Review the lifecycle history and sanction record | Compare scope and estimate with peer works | Verify supporting documents and field evidence","LOW","No stalling indicators; the work is progressing within normal ranges.","Amount outlier vs peers (STATISTICAL_OUTLIER)","District Monitoring","2026-06-09","New","","TRUE"
"MP3017512-W135897","Drainage system work of Dhanna Talai's water at Nagar Parishad Tonk, District Tonk","Rajasthan","Sitting Rajya Sabha","TONK(DISTRICT COLLECTOR TONK_IDA)","Shri Neeraj Dangi","15000000.00","2844177.00","10006440.00","0.8796","HIGH","3","Construction culvert - construction drain - road","2025-02-28","Open","Peer amount: Recommended amount at the 100th percentile of 72 comparable works (robust z 59.3).; Behavioural change: Implementing agency's recommendation pattern shifted year-on-year (magnitude 100%). Before/after - 2024: 38 works at a median of Rs 500,000 -> 2025: 8 works at a median of Rs 1,000,000. A change point is a lead, not a finding: a new officer or a revised guideline produces one too.; Statistical outlier: A trained anomaly detector (IsolationForest) flags this work's amount-and-age profile as unusual against the national portfolio.","A human should verify the scope and estimate for this work against its peers via the Implementing Agency.","Review the lifecycle history and sanction record | Compare scope and estimate with peer works | Verify supporting documents and field evidence","LOW","No stalling indicators; the work is progressing within normal ranges.","Amount outlier vs peers (STATISTICAL_OUTLIER)","District Monitoring","2026-06-09","New","","TRUE"
"MP3019201-W112234","construction of 06 comunity center","Uttar Pradesh","HARDOI (SC)","HARDOI(DISTRICT MAGISTRATE HARDOI_IDA)","Jai Prakash(17th Lok Sabha)","9870000.00","2803662.00","9863898.00","0.8796","HIGH","3","Community centre - construction community - community center","2024-02-22","Open","Peer amount: Recommended amount at the 100th percentile of 308 comparable works (robust z 14.9).; Behavioural change: Implementing agency's recommendation pattern shifted year-on-year (magnitude 100%). Before/after - 2023: 15 works at a median of Rs 600,000 -> 2024: 31 works at a median of Rs 1,215,970. A change point is a lead, not a finding: a new officer or a revised guideline produces one too.; Statistical outlier: A trained anomaly detector (IsolationForest) flags this work's amount-and-age profile as unusual against the national portfolio.","A human should verify the scope and estimate for this work against its peers via the Implementing Agency.","Review the lifecycle history and sanction record | Compare scope and estimate with peer works | Verify supporting documents and field evidence","LOW","LOW - open 1.2x longer than the typical completed work of this type in Uttar Pradesh (683 days).","Amount outlier vs peers (STATISTICAL_OUTLIER)","District Monitoring","2026-06-09","New","","TRUE"
"MP3042486-W210408","Solar light in allahabad loksabha chhetra","Uttar Pradesh","ALLAHABAD","PRAYAGRAJ(DISTRICT MAGISTRAE ALLAHABAD_IDA)","UJJWAL RAMAN SINGH","8087040.00","2787841.00","9808236.00","0.8796","HIGH","3","Solar light - installation solar - light request","2025-06-19","Open","Peer amount: Recommended amount at the 99th percentile of 13232 comparable works (robust z 81.5).; Behavioural change: Implementing agency's recommendation pattern shifted year-on-year (magnitude 100%). Before/after - 2023: 878 works at a median of Rs 21,109 -> 2024: 557 works at a median of Rs 177,842. A change point is a lead, not a finding: a new officer or a revised guideline produces one too.; Statistical outlier: A trained anomaly detector (IsolationForest) flags this work's amount-and-age profile as unusual against the national portfolio.","A human should verify the scope and estimate for this work against its peers via the Implementing Agency.","Review the lifecycle history and sanction record | Compare scope and estimate with peer works | Verify supporting documents and field evidence","LOW","No stalling indicators; the work is progressing within normal ranges.","Amount outlier vs peers (STATISTICAL_OUTLIER)","District Monitoring","2026-06-09","New","","TRUE"
"MP3043226-W228446","construction of community hall at Fulsar, Bhavnagar as per plan attached","Gujarat","BHAVNAGAR","BHAVNAGAR(DISTRICT COLLECTOR BHAVNAGAR_IDA)","NIMUBEN JAYANTIBHAI BAMBHANIYA","11000000.00","2907095.00","9760937.00","0.8394","HIGH","3","Community hall - construction community - hall village","2025-08-22","Open","Peer amount: Recommended amount at the 100th percentile of 502 comparable works (robust z 141.6).; Behavioural change: Implementing agency's recommendation pattern shifted year-on-year (magnitude 67%). Before/after - 2025: 170 works at a median of Rs 300,000 -> 2026: 67 works at a median of Rs 500,000. A change point is a lead, not a finding: a new officer or a revised guideline produces one too.; Statistical outlier: A trained anomaly detector (IsolationForest) flags this work's amount-and-age profile as unusual against the national portfolio.","A human should verify the scope and estimate for this work against its peers via the Implementing Agency.","Review the lifecycle history and sanction record | Compare scope and estimate with peer works | Verify supporting documents and field evidence","LOW","No stalling indicators; the work is progressing within normal ranges.","Amount outlier vs peers (STATISTICAL_OUTLIER)","District Monitoring","2026-06-09","New","","TRUE"
"MP3043226-W228447","Construction of community hall at Ruva, Bhavnagar as per plan attached","Gujarat","BHAVNAGAR","BHAVNAGAR(DISTRICT COLLECTOR BHAVNAGAR_IDA)","NIMUBEN JAYANTIBHAI BAMBHANIYA","11000000.00","2907095.00","9760937.00","0.8394","HIGH","3","Community hall - construction community - hall village","2025-08-22","Open","Peer amount: Recommended amount at the 100th percentile of 502 comparable works (robust z 141.6).; Behavioural change: Implementing agency's recommendation pattern shifted year-on-year (magnitude 67%). Before/after - 2025: 170 works at a median of Rs 300,000 -> 2026: 67 works at a median of Rs 500,000. A change point is a lead, not a finding: a new officer or a revised guideline produces one too.; Statistical outlier: A trained anomaly detector (IsolationForest) flags this work's amount-and-age profile as unusual against the national portfolio.","A human should verify the scope and estimate for this work against its peers via the Implementing Agency.","Review the lifecycle history and sanction record | Compare scope and estimate with peer works | Verify supporting documents and field evidence","LOW","No stalling indicators; the work is progressing within normal ranges.","Amount outlier vs peers (STATISTICAL_OUTLIER)","District Monitoring","2026-06-09","New","","TRUE"
"MP3020003-W163379","providing and fixing of lighting arrangement in with Galvanized poles and Semi High Mast Light in Dwarka C-130, Mahipalpur-133, Raj Nagar-134, Palam-135, Mahavir Enclave-137, Sadh Nagar-138 in Najafgarh Zone under South Delhi Parliamentary Constituency.","Delhi","SOUTH DELHI","SOUTH WEST(COMMISSIONER MCD SOUTH WEST)","Ramesh Bidhuri (17th Lok Sabha)","11387512.00","2836048.00","9641663.00","0.8499","HIGH","3","Mast light - high mast - mini mast","2023-10-07","Open","Peer amount: Recommended amount at the 100th percentile of 223 comparable works (robust z 16.6).; Behavioural change: Implementing agency's recommendation pattern shifted year-on-year (magnitude 75%). Before/after - 2024: 9 works at a median of Rs 1,713,944 -> 2025: 24 works at a median of Rs 421,700. A change point is a lead, not a finding: a new officer or a revised guideline produces one too.; Statistical outlier: A trained anomaly detector (IsolationForest) flags this work's amount-and-age profile as unusual against the national portfolio.","A human should verify the scope and estimate for this work against its peers via the Implementing Agency.","Review the lifecycle history and sanction record | Compare scope and estimate with peer works | Verify supporting documents and field evidence","LOW","No stalling indicators; the work is progressing within normal ranges.","Amount outlier vs peers (STATISTICAL_OUTLIER)","District Monitoring","2026-06-09","New","","TRUE"
"MP3019045-W128707","Construction work of CC Road from KC Link Road to Donnappa Road in Ward No: 15 of Bellary City.","Karnataka","BELLARY(ST)","BALLARI(DEPUTY COMMISSIONER BELLARY_IDA)","Y Devendrappa(17th Lok Sabha)","20000000.00","2705913.00","9519998.00","0.8796","HIGH","3","CC road - construction cc - cc building","2024-03-14","Open","Peer amount: Recommended amount at the 100th percentile of 1855 comparable works (robust z 12920.0).; Behavioural change: Implementing agency's recommendation pattern shifted year-on-year (magnitude 100%). Before/after - 2023: 23 works at a median of Rs 300,000 -> 2024: 26 works at a median of Rs 1,675,000. A change point is a lead, not a finding: a new officer or a revised guideline produces one too.; Statistical outlier: A trained anomaly detector (IsolationForest) flags this work's amount-and-age profile as unusual against the national portfolio.","A human should verify the scope and estimate for this work against its peers via the Implementing Agency.","Review the lifecycle history and sanction record | Compare scope and estimate with peer works | Verify supporting documents and field evidence","LOW","LOW - open 2.0x longer than the typical completed work of this type in Karnataka (407 days).","Amount outlier vs peers (STATISTICAL_OUTLIER)","District Monitoring","2026-06-09","New","","TRUE"
"MP3019045-W128710","Construction work of CC Road near 5th Cross, 7th Cross, Canal and near Eranna Gudi in Vidya Nagar, Ward No: 34, Bellary City.","Karnataka","BELLARY(ST)","BALLARI(DEPUTY COMMISSIONER BELLARY_IDA)","Y Devendrappa(17th Lok Sabha)","20000000.00","2705913.00","9519998.00","0.8796","HIGH","3","CC road - construction cc - cc building","2024-03-14","Open","Peer amount: Recommended amount at the 100th percentile of 1855 comparable works (robust z 12920.0).; Behavioural change: Implementing agency's recommendation pattern shifted year-on-year (magnitude 100%). Before/after - 2023: 23 works at a median of Rs 300,000 -> 2024: 26 works at a median of Rs 1,675,000. A change point is a lead, not a finding: a new officer or a revised guideline produces one too.; Statistical outlier: A trained anomaly detector (IsolationForest) flags this work's amount-and-age profile as unusual against the national portfolio.","A human should verify the scope and estimate for this work against its peers via the Implementing Agency.","Review the lifecycle history and sanction record | Compare scope and estimate with peer works | Verify supporting documents and field evidence","LOW","LOW - open 2.0x longer than the typical completed work of this type in Karnataka (407 days).","Amount outlier vs peers (STATISTICAL_OUTLIER)","District Monitoring","2026-06-09","New","","TRUE"
"MP3017330-W87442","This amount of Rs 94,95,000 is being sanctioned from my end towards the construction of a Multipurpose Indoor Stadium at Chaudhary Charan Singh Inter College, Bhatona (Block - Gulaothi) This amount is being sanctioned as per the updated estimate received from the district authorities","Uttar Pradesh","Sitting Rajya Sabha","BULANDSHAHR(DISTRICT MAGISTRATE BULANDSHAHR_IDA)","Shri Jayant Chaudhary","9495000.00","2697185.00","9489290.00","0.8796","HIGH","3","Sitting bench - rcc benches - RCC","2024-01-23","Open","Peer amount: Recommended amount at the 94th percentile of 159 comparable works (robust z 10.6).; Behavioural change: Implementing agency's recommendation pattern shifted year-on-year (magnitude 100%). Before/after - 2023: 383 works at a median of Rs 151,972 -> 2024: 12 works at a median of Rs 659,614. A change point is a lead, not a finding: a new officer or a revised guideline produces one too.; Statistical outlier: A trained anomaly detector (IsolationForest) flags this work's amount-and-age profile as unusual against the national portfolio.","A human should verify the scope and estimate for this work against its peers via the Implementing Agency.","Compare scope and estimate with peer works | Verify supporting documents and field evidence","MEDIUM","MEDIUM - open 2.1x longer than the typical completed work of this type in Uttar Pradesh (412 days).","","District Monitoring","2026-06-09","New","","TRUE"
"MP3017325-W181183","KARHAL TAHSIL MEIN AGRA LUCKNOW EXPRESSWAY KI SERVICE ROAD SE ARVIND KE MANDIR KE PASS TAK MAUJA GOPALPUR MEIN BARNAHAL KARHAL MARG ZAL BHARAV SE BACHANE KE LIYE ROAD KO UNCHA UTHAKAR CC AND SIDE PATRI KO INTERLOCKING SE PURA KARKE 275Mtrs SADAK NIRMAN. COST Rs 85 Lac","Uttar Pradesh","Sitting Rajya Sabha","MAINPURI(DISTRICT MAGISTRATE MAINPURI_IDA)","Prof. Ram Gopal Yadav","8500000.00","2725006.00","9364856.00","0.8592","HIGH","3","CC road - gram - construction","2025-03-12","Open","Peer amount: Recommended amount at the 100th percentile of 7203 comparable works (robust z 16.1).; Behavioural change: Implementing agency's recommendation pattern shifted year-on-year (magnitude 83%). Before/after - 2025: 122 works at a median of Rs 655,500 -> 2026: 44 works at a median of Rs 1,200,000. A change point is a lead, not a finding: a new officer or a revised guideline produces one too.; Statistical outlier: A trained anomaly detector (IsolationForest) flags this work's amount-and-age profile as unusual against the national portfolio.","A human should verify the scope and estimate for this work against its peers via the Implementing Agency.","Review the lifecycle history and sanction record | Compare scope and estimate with peer works | Verify supporting documents and field evidence","LOW","LOW - open 1.4x longer than the typical completed work of this type in Uttar Pradesh (307 days).","Amount outlier vs peers (STATISTICAL_OUTLIER)","District Monitoring","2026-06-09","New","","TRUE"
"MP3017330-W179557","This amount of Rs 2,00,00,000 is being released towards the completion of the next phase of construction of the stadium at Junior High School, Sautu, Muzaffarnagar. In this phase, a 200m 6-lane synthetic running track (EPDM), two volleyball courts, 4 high-mast lights, 20 metre pole, 1 bathroom, 1 ch","Uttar Pradesh","Sitting Rajya Sabha","MUZAFFARNAGAR(DISTRICT MAGISTRATE MUZAFFARNAGAR_IDA)","Shri Jayant Chaudhary","20000000.00","2636833.00","9330956.00","0.8847","HIGH","3","Sitting bench - rcc benches - RCC","2025-03-06","Open","Peer amount: Recommended amount at the 100th percentile of 4191 comparable works (robust z 153.6).; Peer duration: Open for longer than 95% of comparable works still in progress.; Statistical outlier: A trained anomaly detector (IsolationForest) flags this work's amount-and-age profile as unusual against the national portfolio.","A human should verify the scope and estimate for this work against its peers via the Implementing Agency.","Review the lifecycle history and sanction record | Compare scope and estimate with peer works | Verify supporting documents and field evidence","LOW","No stalling indicators; the work is progressing within normal ranges.","Amount outlier vs peers (STATISTICAL_OUTLIER)","District Monitoring","2026-06-09","New","","TRUE"
"MP3017198-W150373","Construction work of ten additional rooms and two toilets (including hand pump) in Lalu Prasad Yadav High School located in Block-Sonpur, Panchayat-Sabalpur East under Saran district","Bihar","Sitting Rajya Sabha","SARAN(DISTRICT PLANNING OFFICE SARAN CHAPRA_IDA)","Prof. Manoj Kumar Jha","5990899.00","2646418.00","9310680.00","0.8796","HIGH","3","Classroom - high school - primary school","2024-11-02","Open","Peer amount: Recommended amount at the 100th percentile of 138 comparable works (robust z 13.3).; Behavioural change: Implementing agency's recommendation pattern shifted year-on-year (magnitude 100%). Before/after - 2023: 70 works at a median of Rs 1,044,788 -> 2024: 42 works at a median of Rs 2,394,173. A change point is a lead, not a finding: a new officer or a revised guideline produces one too.; Statistical outlier: A trained anomaly detector (IsolationForest) flags this work's amount-and-age profile as unusual against the national portfolio.","A human should verify the scope and estimate for this work against its peers via the Implementing Agency.","Review the lifecycle history and sanction record | Compare scope and estimate with peer works | Verify supporting documents and field evidence","LOW","LOW - the survival model puts a 44% chance it will not complete within 365 days.","Amount outlier vs peers (STATISTICAL_OUTLIER)","District Monitoring","2026-06-09","New","","TRUE"
"MP3019002-W178906","Installation and Fixing of Gas Based Cremation Furnance System at Dahegaam Nagarpalika at Dahegam","Gujarat","AHMEDABAD EAST","GANDHINAGAR(DISTRICT COLLECTOR GANDHINAGAR_IDA)","Hasmukh Bhai Soma Bhai Patel","9424000.00","2639993.00","9288075.00","0.8796","HIGH","3","Construction cremation - cremation ground - shed","2025-03-04","Open","Peer amount: Recommended amount at the 100th percentile of 443 comparable works (robust z 61.5).; Behavioural change: Implementing agency's recommendation pattern shifted year-on-year (magnitude 100%). Before/after - 2023: 147 works at a median of Rs 199,968 -> 2024: 131 works at a median of Rs 480,700. A change point is a lead, not a finding: a new officer or a revised guideline produces one too.; Statistical outlier: A trained anomaly detector (IsolationForest) flags this work's amount-and-age profile as unusual against the national portfolio.","A human should verify the scope and estimate for this work against its peers via the Implementing Agency.","Review the lifecycle history and sanction record | Compare scope and estimate with peer works | Verify supporting documents and field evidence","LOW","No stalling indicators; the work is progressing within normal ranges.","Amount outlier vs peers (STATISTICAL_OUTLIER)","District Monitoring","2026-06-09","New","","TRUE"
"MP3019201-W92588","385 No Solar Light","Uttar Pradesh","HARDOI (SC)","HARDOI(DISTRICT MAGISTRATE HARDOI_IDA)","Jai Prakash(17th Lok Sabha)","7484505.00","2580212.00","9077752.00","0.8796","HIGH","3","Solar light - installation solar - light request","2024-01-31","Open","Peer amount: Recommended amount at the 100th percentile of 6132 comparable works (robust z 521.5).; Behavioural change: Implementing agency's recommendation pattern shifted year-on-year (magnitude 100%). Before/after - 2023: 15 works at a median of Rs 600,000 -> 2024: 31 works at a median of Rs 1,215,970. A change point is a lead, not a finding: a new officer or a revised guideline produces one too.; Statistical outlier: A trained anomaly detector (IsolationForest) flags this work's amount-and-age profile as unusual against the national portfolio.","A human should verify the scope and estimate for this work against its peers via the Implementing Agency.","Review the lifecycle history and sanction record | Compare scope and estimate with peer works | Request a progress update from the implementing agency | Verify supporting documents and field evidence","HIGH","HIGH - open 3.4x longer than the typical completed work of this type in Uttar Pradesh (252 days).","Amount outlier vs peers (STATISTICAL_OUTLIER)","District Monitoring","2026-06-09","New","","TRUE"
"MP3019200-W59410","construction of pitch road of 2km from jogiya chauraahe to yogmaya mandir","Uttar Pradesh","DOMARIYAGANJ","Siddharthnagar(DISTRICT MAGISTRATE SIDDHARTH NAGAR_IDA)","Jagdambika Pal(17th Lok Sabha)","9000000.00","2569110.00","9038695.00","0.8796","HIGH","3","Construction road - construction ambulance - apex road","2023-12-09","Open","Peer amount: Recommended amount at the 100th percentile of 7203 comparable works (robust z 17.2).; Behavioural change: Implementing agency's recommendation pattern shifted year-on-year (magnitude 100%). Before/after - 2023: 192 works at a median of Rs 50,000 -> 2024: 21 works at a median of Rs 780,000. A change point is a lead, not a finding: a new officer or a revised guideline produces one too.; Statistical outlier: A trained anomaly detector (IsolationForest) flags this work's amount-and-age profile as unusual against the national portfolio.","A human should verify the scope and estimate for this work against its peers via the Implementing Agency.","Review the lifecycle history and sanction record | Compare scope and estimate with peer works | Verify supporting documents and field evidence","MEDIUM","MEDIUM - open 2.9x longer than the typical completed work of this type in Uttar Pradesh (307 days).","Amount outlier vs peers (STATISTICAL_OUTLIER)","District Monitoring","2026-06-09","New","","TRUE"
"MP3017330-W220191","This money is being released for the construction of a multi-purpose indoor stadium.","Uttar Pradesh","Sitting Rajya Sabha","BULANDSHAHR(DISTRICT MAGISTRATE BULANDSHAHR_IDA)","Shri Jayant Chaudhary","9000000.00","2556633.00","8994796.00","0.8796","HIGH","3","Sitting bench - rcc benches - RCC","2025-07-19","Open","Peer amount: Recommended amount at the 93th percentile of 159 comparable works (robust z 10.0).; Behavioural change: Implementing agency's recommendation pattern shifted year-on-year (magnitude 100%). Before/after - 2023: 383 works at a median of Rs 151,972 -> 2024: 12 works at a median of Rs 659,614. A change point is a lead, not a finding: a new officer or a revised guideline produces one too.; Statistical outlier: A trained anomaly detector (IsolationForest) flags this work's amount-and-age profile as unusual against the national portfolio.","A human should verify the scope and estimate for this work against its peers via the Implementing Agency.","Compare scope and estimate with peer works | Verify supporting documents and field evidence","LOW","No stalling indicators; the work is progressing within normal ranges.","","District Monitoring","2026-06-09","New","","TRUE"
"MP3017485-W476","24hours monitoring of village markets,Haats and roads in Barasat1 and Habra1","West Bengal","BARASAT","North 24 Parganas(DISTRICT MAGISTRATE NORTH TWENTY FOUR PARGANAS_IDA)","Dr Kakoli Ghosh Dastidar","9750000.00","1876567.00","8874284.00","0.9458","HIGH","4","CC road - concreting - village","2023-05-11","Open","Peer amount: Recommended amount at the 100th percentile of 76 comparable works (robust z 23.2).; Peer duration: Open for longer than 100% of comparable works still in progress.; Behavioural change: Implementing agency's recommendation pattern shifted year-on-year (magnitude 100%). Before/after - 2025: 156 works at a median of Rs 500,000 -> 2026: 29 works at a median of Rs 1,100,000. A change point is a lead, not a finding: a new officer or a revised guideline produces one too.; Statistical outlier: A trained anomaly detector (IsolationForest) flags this work's amount-and-age profile as unusual against the national portfolio.","A human should verify the scope and estimate for this work against its peers via the Implementing Agency.","Review the lifecycle history and sanction record | Compare scope and estimate with peer works | Verify supporting documents and field evidence","MEDIUM","MEDIUM - open 3.6x longer than the typical completed work of this type in West Bengal (305 days).","Stalled beyond peer norm (STATISTICAL_OUTLIER); Amount outlier vs peers (STATISTICAL_OUTLIER)","District Monitoring","2026-06-09","New","","TRUE"
"MP3042490-W220829","village kuwadevchand patti me shri Sonu Sharma ke home se shri shivakant yadav ke home tak CC road work","Uttar Pradesh","AZAMGARH","AZAMGARH(DISTRICT MAGISTRATE AZAMGARH_IDA)","DHARMENDRA YADAV","7850000.00","2516708.00","8854330.00","0.8796","HIGH","3","CC road - gram - construction","2025-07-22","Open","Peer amount: Recommended amount at the 100th percentile of 7203 comparable works (robust z 14.7).; Behavioural change: Implementing agency's recommendation pattern shifted year-on-year (magnitude 100%). Before/after - 2022: 14 works at a median of Rs 142,500 -> 2023: 128 works at a median of Rs 516,000. A change point is a lead, not a finding: a new officer or a revised guideline produces one too.; Statistical outlier: A trained anomaly detector (IsolationForest) flags this work's amount-and-age profile as unusual against the national portfolio.","A human should verify the scope and estimate for this work against its peers via the Implementing Agency.","Review the lifecycle history and sanction record | Compare scope and estimate with peer works | Verify supporting documents and field evidence","LOW","No stalling indicators; the work is progressing within normal ranges.","Amount outlier vs peers (STATISTICAL_OUTLIER)","District Monitoring","2026-06-09","New","","TRUE"
"MP3017246-W243541","Construction of New Building in Govt. LPS Kolenchery, Kunnathunadu Assembly Constituency ,Ernakulam District","Kerala","Sitting Rajya Sabha","ERNAKULAM(DISTRICT COLLECTOR ERNAKULAM_IDA)","Shri A. A. Rahim","15000000.00","2508213.00","8824444.00","0.8796","HIGH","3","Construction building - community building - cultural activities","2025-10-24","Open","Peer amount: Recommended amount at the 98th percentile of 64 comparable works (robust z 9.8).; Behavioural change: Implementing agency's recommendation pattern shifted year-on-year (magnitude 100%). Before/after - 2025: 235 works at a median of Rs 249,000 -> 2026: 20 works at a median of Rs 530,000. A change point is a lead, not a finding: a new officer or a revised guideline produces one too.; Statistical outlier: A trained anomaly detector (IsolationForest) flags this work's amount-and-age profile as unusual against the national portfolio.","A human should verify the scope and estimate for this work against its peers via the Implementing Agency.","Compare scope and estimate with peer works | Verify supporting documents and field evidence","LOW","No stalling indicators; the work is progressing within normal ranges.","","District Monitoring","2026-06-09","New","","TRUE"
"MP3017325-W217034","MAINPURI ZILE KI KARHAL TEHSIL KE ANTRAGAT KARHAL- BARNAHAL ROAD PAR GOPALPUR MOUJA MEIN LUCKNOW EXPRESSWAY KI SERVICE ROAD SE AJAY PAL KE MAKAN TAK 330 MTRS LENGTH KI CC ROAD AND PATARI PAR INTERLOCKING AND UNCHAI UTHAKAR NIRMAN KARANE KE LIYE RS 80 LAC KI DHANRASHI SWIKRAT KI JAYE.","Uttar Pradesh","Sitting Rajya Sabha","MAINPURI(DISTRICT MAGISTRATE MAINPURI_IDA)","Prof. Ram Gopal Yadav","8000000.00","2564777.00","8814207.00","0.8592","HIGH","3","CC road - gram - construction","2025-07-11","Open","Peer amount: Recommended amount at the 100th percentile of 7203 comparable works (robust z 15.0).; Behavioural change: Implementing agency's recommendation pattern shifted year-on-year (magnitude 83%). Before/after - 2025: 122 works at a median of Rs 655,500 -> 2026: 44 works at a median of Rs 1,200,000. A change point is a lead, not a finding: a new officer or a revised guideline produces one too.; Statistical outlier: A trained anomaly detector (IsolationForest) flags this work's amount-and-age profile as unusual against the national portfolio.","A human should verify the scope and estimate for this work against its peers via the Implementing Agency.","Review the lifecycle history and sanction record | Compare scope and estimate with peer works | Verify supporting documents and field evidence","LOW","No stalling indicators; the work is progressing within normal ranges.","Amount outlier vs peers (STATISTICAL_OUTLIER)","District Monitoring","2026-06-09","New","","TRUE"
"MP3017417-W130656","Construction of Laboratory building at Govt. Taluk Hospital, Fort kochi","Kerala","ERNAKULAM","ERNAKULAM(DISTRICT COLLECTOR ERNAKULAM_IDA)","Shri Hibi Eden (17th Lok Sabha)","15000000.00","2508213.00","8774037.00","0.8745","HIGH","3","Construction building - community building - cultural activities","2024-03-16","Open","Peer amount: Recommended amount at the 99th percentile of 44 comparable works (robust z 5.5).; Behavioural change: Implementing agency's recommendation pattern shifted year-on-year (magnitude 100%). Before/after - 2025: 235 works at a median of Rs 249,000 -> 2026: 20 works at a median of Rs 530,000. A change point is a lead, not a finding: a new officer or a revised guideline produces one too.; Statistical outlier: A trained anomaly detector (IsolationForest) flags this work's amount-and-age profile as unusual against the national portfolio.","A human should verify the scope and estimate for this work against its peers via the Implementing Agency.","Compare scope and estimate with peer works | Verify supporting documents and field evidence","LOW","LOW - open 1.3x longer than the typical completed work of this type in Kerala (638 days).","","District Monitoring","2026-06-09","New","","TRUE"
"MP3017465-W21657","1. Harinagar Inderpal - 998000 2. Harinagar HS Mehra - 989000 3. Harinagar RK Gaur - 955000 4.Harinagar Dinesh Kumar - 923000 5. Harinagar Vishant Teotia - 500000 6. Suryauday Vihar Ansal - 1000000 7.Saraswati Shishu Mandir Kanker Khera - 2373000","Uttar Pradesh","MEERUT","MEERUT(DISTRICT MAGISTRATE MEERUT_IDA)","Shri Rajendra Agrawal (17th Lok Sabha)","7738000.00","1900157.00","8722626.00","0.9181","HIGH","4","Taluk balance - commuinity - executive agency","2023-09-16","Open","Peer amount: Recommended amount at the 100th percentile of 93 comparable works (robust z 19.5).; Peer duration: Open for longer than 99% of comparable works still in progress.; Behavioural change: Implementing agency's recommendation pattern shifted year-on-year (magnitude 51%). Before/after - 2024: 155 works at a median of Rs 652,950 -> 2025: 118 works at a median of Rs 986,636. A change point is a lead, not a finding: a new officer or a revised guideline produces one too.; Statistical outlier: A trained anomaly detector (IsolationForest) flags this work's amount-and-age profile as unusual against the national portfolio.","A human should verify the scope and estimate for this work against its peers via the Implementing Agency.","Review the lifecycle history and sanction record | Compare scope and estimate with peer works | Verify supporting documents and field evidence","MEDIUM","MEDIUM - open 5.1x longer than the typical completed work of this type in Uttar Pradesh (191 days).","Amount outlier vs peers (STATISTICAL_OUTLIER)","District Monitoring","2026-06-09","New","","TRUE"
"MP3042486-W235614","Allahabad loksabha Kshetra Handpump installation","Uttar Pradesh","ALLAHABAD","PRAYAGRAJ(DISTRICT MAGISTRAE ALLAHABAD_IDA)","UJJWAL RAMAN SINGH","8699002.00","2471165.00","8694100.00","0.8796","HIGH","3","Hand pump - submersible pump - pumps","2025-09-20","Open","Peer amount: Recommended amount at the 100th percentile of 925 comparable works (robust z 72719.2).; Behavioural change: Implementing agency's recommendation pattern shifted year-on-year (magnitude 100%). Before/after - 2023: 878 works at a median of Rs 21,109 -> 2024: 557 works at a median of Rs 177,842. A change point is a lead, not a finding: a new officer or a revised guideline produces one too.; Statistical outlier: A trained anomaly detector (IsolationForest) flags this work's amount-and-age profile as unusual against the national portfolio.","A human should verify the scope and estimate for this work against its peers via the Implementing Agency.","Review the lifecycle history and sanction record | Compare scope and estimate with peer works | Verify supporting documents and field evidence","LOW","No stalling indicators; the work is progressing within normal ranges.","Amount outlier vs peers (STATISTICAL_OUTLIER)","District Monitoring","2026-06-09","New","","TRUE"
"MP3042330-W256906","Mental Hospital Health Equipment rTMS (Repetitive Trans Cranial Magnetic Stimulation) Shahibagh","Gujarat","AHMEDABAD WEST(SC)","AHMADABAD(DISTRICT COLLECTOR AHMADABAD_IDA)","DINESHBHAI MAKWANA","9000000.00","2463749.00","8624893.00","0.8752","HIGH","3","Installation cctv - cctv cameras - cctv camera","2026-01-03","Open","Peer amount: Recommended amount at the 99th percentile of 45 comparable works (robust z 5.6).; Behavioural change: Implementing agency's recommendation pattern shifted year-on-year (magnitude 100%). Before/after - 2023: 262 works at a median of Rs 249,853 -> 2024: 108 works at a median of Rs 499,448. A change point is a lead, not a finding: a new officer or a revised guideline produces one too.; Statistical outlier: A trained anomaly detector (IsolationForest) flags this work's amount-and-age profile as unusual against the national portfolio.","A human should verify the scope and estimate for this work against its peers via the Implementing Agency.","Compare scope and estimate with peer works | Verify supporting documents and field evidence","LOW","No stalling indicators; the work is progressing within normal ranges.","","District Monitoring","2026-06-09","New","","TRUE"
"MP3042330-W276199","Procurement of rTMS System Part-2 (Repetitive Transcranial Magnetic Stimulation, Shahibagh","Gujarat","AHMEDABAD WEST(SC)","AHMADABAD(DISTRICT COLLECTOR AHMADABAD_IDA)","DINESHBHAI MAKWANA","9000000.00","2463749.00","8624893.00","0.8752","HIGH","3","Installation cctv - cctv cameras - cctv camera","2026-03-27","Open","Peer amount: Recommended amount at the 99th percentile of 45 comparable works (robust z 5.6).; Behavioural change: Implementing agency's recommendation pattern shifted year-on-year (magnitude 100%). Before/after - 2023: 262 works at a median of Rs 249,853 -> 2024: 108 works at a median of Rs 499,448. A change point is a lead, not a finding: a new officer or a revised guideline produces one too.; Statistical outlier: A trained anomaly detector (IsolationForest) flags this work's amount-and-age profile as unusual against the national portfolio.","A human should verify the scope and estimate for this work against its peers via the Implementing Agency.","Compare scope and estimate with peer works | Verify supporting documents and field evidence","LOW","No stalling indicators; the work is progressing within normal ranges.","","District Monitoring","2026-06-09","New","","TRUE"
"MP3019225-W68207","Installation of high specification electrical high mast in the respective 25 branch premises of the cooperative society (all places list enclosed)","Uttar Pradesh","MIRZAPUR","MIRZAPUR(DISTRICT MAGISTRATE MIRZAPUR_IDA)","Smt Anupriya Patel(17th Lok Sabha)","4890000.00","1807072.00","8535142.00","0.9446","HIGH","4","High mast - mast light - LED","2023-12-22","Open","Peer amount: Recommended amount at the 100th percentile of 71 comparable works (robust z 65.7).; Peer duration: Open for longer than 98% of comparable works still in progress.; Behavioural change: Implementing agency's recommendation pattern shifted year-on-year (magnitude 100%). Before/after - 2024: 90 works at a median of Rs 500,000 -> 2025: 23 works at a median of Rs 3,754,000. A change point is a lead, not a finding: a new officer or a revised guideline produces one too.; Statistical outlier: A trained anomaly detector (IsolationForest) flags this work's amount-and-age profile as unusual against the national portfolio.","A human should verify the scope and estimate for this work against its peers via the Implementing Agency.","Review the lifecycle history and sanction record | Compare scope and estimate with peer works | Verify supporting documents and field evidence","MEDIUM","MEDIUM - open 1.7x longer than the typical completed work of this type in Uttar Pradesh (528 days).","Amount outlier vs peers (STATISTICAL_OUTLIER)","District Monitoring","2026-06-09","New","","TRUE"
"MP3019201-W136732","39 ?? 170-200 ??? 06 ?? ???????? ???? ?? ????????? ?????","Uttar Pradesh","HARDOI (SC)","HARDOI(DISTRICT MAGISTRATE HARDOI_IDA)","Jai Prakash","8602500.00","2388171.00","8402109.00","0.8796","HIGH","3","Installation cctv - cctv cameras - cctv camera","2024-08-22","Open","Peer amount: Recommended amount at the 99th percentile of 13232 comparable works (robust z 86.8).; Behavioural change: Implementing agency's recommendation pattern shifted year-on-year (magnitude 100%). Before/after - 2023: 15 works at a median of Rs 600,000 -> 2024: 31 works at a median of Rs 1,215,970. A change point is a lead, not a finding: a new officer or a revised guideline produces one too.; Statistical outlier: A trained anomaly detector (IsolationForest) flags this work's amount-and-age profile as unusual against the national portfolio.","A human should verify the scope and estimate for this work against its peers via the Implementing Agency.","Review the lifecycle history and sanction record | Compare scope and estimate with peer works | Verify supporting documents and field evidence","LOW","LOW - open 1.5x longer than the typical completed work of this type in Uttar Pradesh (439 days).","Amount outlier vs peers (STATISTICAL_OUTLIER)","District Monitoring","2026-06-09","New","","TRUE"
"MP3018356-W100676","Construction of Courtyard Shade (Part-A) at Amnour Vishwa Prabha Community Centre, Amnour, Saran","Bihar","SARAN","SARAN(DISTRICT PLANNING OFFICE SARAN CHAPRA_IDA)","Rajiv Pratap Rudy","5000000.00","1742948.00","8345384.00","0.9576","HIGH","4","Building - sahebganj construction - temple","2024-02-08","Open","Peer amount: Recommended amount at the 100th percentile of 264 comparable works (robust z 13.1).; Behavioural change: Implementing agency's recommendation pattern shifted year-on-year (magnitude 100%). Before/after - 2023: 70 works at a median of Rs 1,044,788 -> 2024: 42 works at a median of Rs 2,394,173. A change point is a lead, not a finding: a new officer or a revised guideline produces one too.; Statistical outlier: A trained anomaly detector (IsolationForest) flags this work's amount-and-age profile as unusual against the national portfolio.; Near-duplicate work: A work in the same state and archetype is 99.7% semantically similar (MP3018356-W100677). Repeated descriptions are common in this scheme, so a human should confirm these are genuinely separate works.","A human should verify the scope and estimate for this work against its peers via the Implementing Agency.","Check duplicate possibility against the matched work | Review the lifecycle history and sanction record | Compare scope and estimate with peer works | Verify supporting documents and field evidence","MEDIUM","MEDIUM - open 1.7x longer than the typical completed work of this type in Bihar (495 days).","Amount outlier vs peers (STATISTICAL_OUTLIER)","District Monitoring","2026-06-09","New","","TRUE"
"MP3018356-W100677","Construction of Courtyard Shade (Part-B) at Amnour Vishwa Prabha Community Centre, Amnour, Saran","Bihar","SARAN","SARAN(DISTRICT PLANNING OFFICE SARAN CHAPRA_IDA)","Rajiv Pratap Rudy","5000000.00","1742948.00","8345384.00","0.9576","HIGH","4","Building - sahebganj construction - temple","2024-02-08","Open","Peer amount: Recommended amount at the 100th percentile of 264 comparable works (robust z 13.1).; Behavioural change: Implementing agency's recommendation pattern shifted year-on-year (magnitude 100%). Before/after - 2023: 70 works at a median of Rs 1,044,788 -> 2024: 42 works at a median of Rs 2,394,173. A change point is a lead, not a finding: a new officer or a revised guideline produces one too.; Statistical outlier: A trained anomaly detector (IsolationForest) flags this work's amount-and-age profile as unusual against the national portfolio.; Near-duplicate work: A work in the same state and archetype is 99.7% semantically similar (MP3018356-W100676). Repeated descriptions are common in this scheme, so a human should confirm these are genuinely separate works.","A human should verify the scope and estimate for this work against its peers via the Implementing Agency.","Check duplicate possibility against the matched work | Review the lifecycle history and sanction record | Compare scope and estimate with peer works | Verify supporting documents and field evidence","MEDIUM","MEDIUM - open 1.7x longer than the typical completed work of this type in Bihar (495 days).","Amount outlier vs peers (STATISTICAL_OUTLIER)","District Monitoring","2026-06-09","New","","TRUE"
"MP3018356-W100678","Construction of Courtyard Shade (Part-C) at Amnour Vishwa Prabha Community Centre, Amnour, Saran","Bihar","SARAN","SARAN(DISTRICT PLANNING OFFICE SARAN CHAPRA_IDA)","Rajiv Pratap Rudy","5000000.00","1742948.00","8344497.00","0.9575","HIGH","4","Building - sahebganj construction - temple","2024-02-08","Open","Peer amount: Recommended amount at the 100th percentile of 264 comparable works (robust z 13.1).; Behavioural change: Implementing agency's recommendation pattern shifted year-on-year (magnitude 100%). Before/after - 2023: 70 works at a median of Rs 1,044,788 -> 2024: 42 works at a median of Rs 2,394,173. A change point is a lead, not a finding: a new officer or a revised guideline produces one too.; Statistical outlier: A trained anomaly detector (IsolationForest) flags this work's amount-and-age profile as unusual against the national portfolio.; Near-duplicate work: A work in the same state and archetype is 99.6% semantically similar (MP3018356-W100677). Repeated descriptions are common in this scheme, so a human should confirm these are genuinely separate works.","A human should verify the scope and estimate for this work against its peers via the Implementing Agency.","Check duplicate possibility against the matched work | Review the lifecycle history and sanction record | Compare scope and estimate with peer works | Verify supporting documents and field evidence","MEDIUM","MEDIUM - open 1.7x longer than the typical completed work of this type in Bihar (495 days).","Amount outlier vs peers (STATISTICAL_OUTLIER)","District Monitoring","2026-06-09","New","","TRUE"
"MP3020003-W163381","providing and fixing of lighting arrangement with Galvanized poles and Semi High Mast Light in various wards of South Zone under South Delhi Parliamentary Constituency.","Delhi","SOUTH DELHI","SOUTH(COMMISSIONER SOUTH)","Ramesh Bidhuri (17th Lok Sabha)","11224341.00","2352789.00","8277630.00","0.8796","HIGH","3","Highmast light - installation highmast - mask light","2023-10-07","Open","Peer amount: Recommended amount at the 100th percentile of 223 comparable works (robust z 16.3).; Behavioural change: Implementing agency's recommendation pattern shifted year-on-year (magnitude 100%). Before/after - 2022: 6 works at a median of Rs 685,196 -> 2023: 9 works at a median of Rs 2,374,734. A change point is a lead, not a finding: a new officer or a revised guideline produces one too.; Statistical outlier: A trained anomaly detector (IsolationForest) flags this work's amount-and-age profile as unusual against the national portfolio.","A human should verify the scope and estimate for this work against its peers via the Implementing Agency.","Review the lifecycle history and sanction record | Compare scope and estimate with peer works | Verify supporting documents and field evidence","LOW","No stalling indicators; the work is progressing within normal ranges.","Amount outlier vs peers (STATISTICAL_OUTLIER)","District Monitoring","2026-06-09","New","","TRUE"
"MP3019201-W225860","Lighting of public spaces","Uttar Pradesh","HARDOI (SC)","HARDOI(DISTRICT MAGISTRATE HARDOI_IDA)","Jai Prakash","6968560.00","2294377.00","8072122.00","0.8796","HIGH","3","Highmast light - installation highmast - mask light","2025-08-08","Open","Peer amount: Recommended amount at the 99th percentile of 13232 comparable works (robust z 70.0).; Behavioural change: Implementing agency's recommendation pattern shifted year-on-year (magnitude 100%). Before/after - 2023: 15 works at a median of Rs 600,000 -> 2024: 31 works at a median of Rs 1,215,970. A change point is a lead, not a finding: a new officer or a revised guideline produces one too.; Statistical outlier: A trained anomaly detector (IsolationForest) flags this work's amount-and-age profile as unusual against the national portfolio.","A human should verify the scope and estimate for this work against its peers via the Implementing Agency.","Review the lifecycle history and sanction record | Compare scope and estimate with peer works | Verify supporting documents and field evidence","LOW","No stalling indicators; the work is progressing within normal ranges.","Amount outlier vs peers (STATISTICAL_OUTLIER)","District Monitoring","2026-06-09","New","","TRUE"
"MP3042348-W166162","please release one crore and fifty lakh from my MPLADS for the construction of Sarai for the attendents of poor patients at GMC Anantnag phase 1","Jammu And Kashmir","ANANTNAG","ANANTNAG(DEPUTY COMMISSIONER ANANTNAG_IDA)","MIAN ALTAF AHMAD","15000000.00","2293856.00","8070291.00","0.8796","HIGH","3","Taluk balance - commuinity - executive agency","2025-01-17","Open","Peer amount: Recommended amount at the 100th percentile of 67 comparable works (robust z 33.7).; Behavioural change: Implementing agency's recommendation pattern shifted year-on-year (magnitude 100%). Before/after - 2024: 60 works at a median of Rs 16,660 -> 2025: 19 works at a median of Rs 550,000. A change point is a lead, not a finding: a new officer or a revised guideline produces one too.; Statistical outlier: A trained anomaly detector (IsolationForest) flags this work's amount-and-age profile as unusual against the national portfolio.","A human should verify the scope and estimate for this work against its peers via the Implementing Agency.","Review the lifecycle history and sanction record | Compare scope and estimate with peer works | Verify supporting documents and field evidence","LOW","No stalling indicators; the work is progressing within normal ranges.","Amount outlier vs peers (STATISTICAL_OUTLIER)","District Monitoring","2026-06-09","New","","TRUE"
"MP3019200-W59413","construction of pitch road of 1.5km in Bansi Belwa sampark marg pancheshwar shiv mandir, Barnwaar Village","Uttar Pradesh","DOMARIYAGANJ","Siddharthnagar(DISTRICT MAGISTRATE SIDDHARTH NAGAR_IDA)","Jagdambika Pal(17th Lok Sabha)","7500000.00","2256508.00","7938893.00","0.8796","HIGH","3","Concrete road - construction cement - cement concrete","2023-12-09","Open","Peer amount: Recommended amount at the 100th percentile of 7203 comparable works (robust z 14.0).; Behavioural change: Implementing agency's recommendation pattern shifted year-on-year (magnitude 100%). Before/after - 2023: 192 works at a median of Rs 50,000 -> 2024: 21 works at a median of Rs 780,000. A change point is a lead, not a finding: a new officer or a revised guideline produces one too.; Statistical outlier: A trained anomaly detector (IsolationForest) flags this work's amount-and-age profile as unusual against the national portfolio.","A human should verify the scope and estimate for this work against its peers via the Implementing Agency.","Review the lifecycle history and sanction record | Compare scope and estimate with peer works | Verify supporting documents and field evidence","MEDIUM","MEDIUM - open 2.9x longer than the typical completed work of this type in Uttar Pradesh (307 days).","Amount outlier vs peers (STATISTICAL_OUTLIER)","District Monitoring","2026-06-09","New","","TRUE"
"MP3042529-W214632","Installation of 35 six way 9M hihg mast on diffrent places in loksabha -30 Sitapur.","Uttar Pradesh","SITAPUR","SITAPUR(DISTRICT MAGISTRATE SITAPUR_IDA)","RAKESH RATHOR","5849060.00","2252448.00","7924608.00","0.8796","HIGH","3","Mast light - high mast - mini mast","2025-07-04","Open","Peer amount: Recommended amount at the 99th percentile of 13232 comparable works (robust z 58.5).; Behavioural change: Implementing agency's recommendation pattern shifted year-on-year (magnitude 100%). Before/after - 2024: 98 works at a median of Rs 331,712 -> 2025: 44 works at a median of Rs 1,000,000. A change point is a lead, not a finding: a new officer or a revised guideline produces one too.; Statistical outlier: A trained anomaly detector (IsolationForest) flags this work's amount-and-age profile as unusual against the national portfolio.","A human should verify the scope and estimate for this work against its peers via the Implementing Agency.","Review the lifecycle history and sanction record | Compare scope and estimate with peer works | Verify supporting documents and field evidence","LOW","No stalling indicators; the work is progressing within normal ranges.","Amount outlier vs peers (STATISTICAL_OUTLIER)","District Monitoring","2026-06-09","New","","TRUE"
"MP3017253-W229641","Construction of CHC, Varapuzha Phase 1","Kerala","Sitting Rajya Sabha","ERNAKULAM(DISTRICT COLLECTOR ERNAKULAM_IDA)","Smt. Jebi Mather Hisham","10000000.00","2331826.00","7815420.00","0.8379","HIGH","3","Installation cctv - cctv cameras - cctv camera","2025-08-27","Open","Peer amount: Recommended amount at the 94th percentile of 44 comparable works (robust z 3.2).; Behavioural change: Implementing agency's recommendation pattern shifted year-on-year (magnitude 100%). Before/after - 2025: 235 works at a median of Rs 249,000 -> 2026: 20 works at a median of Rs 530,000. A change point is a lead, not a finding: a new officer or a revised guideline produces one too.; Statistical outlier: A trained anomaly detector (IsolationForest) flags this work's amount-and-age profile as unusual against the national portfolio.","A human should verify the scope and estimate for this work against its peers via the Implementing Agency.","Compare scope and estimate with peer works | Verify supporting documents and field evidence","LOW","No stalling indicators; the work is progressing within normal ranges.","","District Monitoring","2026-06-09","New","","TRUE"
"MP3021882-W68661","CONSTRUCTION OF ADDITIONAL BAR COUNCIL BUILDING AND LIBRARY WITH READING HALL IN COMBINED COURT CAMPUS AT THANJAVUR","Tamil Nadu","THANJAVUR","THANJAVUR(DISTRICT COLLECTOR THANJAVUR_IDA)","S.S. Palanimanickam (17th Lok Sabha)","10000000.00","2208145.00","7777604.00","0.8806","HIGH","3","Books - construction library - public library","2023-12-23","Open","Peer amount: Recommended amount at the 100th percentile of 43 comparable works (robust z 17.4).; Peer duration: Open for longer than 92% of comparable works still in progress.; Statistical outlier: A trained anomaly detector (IsolationForest) flags this work's amount-and-age profile as unusual against the national portfolio.","A human should verify the scope and estimate for this work against its peers via the Implementing Agency.","Review the lifecycle history and sanction record | Compare scope and estimate with peer works | Verify supporting documents and field evidence","MEDIUM","MEDIUM - open 2.3x longer than the typical completed work of this type in Tamil Nadu (387 days).","Amount outlier vs peers (STATISTICAL_OUTLIER)","District Monitoring","2026-06-09","New","","TRUE"
"MP3018356-W100712","Construction of Drainage Work, Landscaping, Community Kitchen, PHE & Electrical Works at Amnour Vishwa Prabha Community Centre, Amnour, Saran","Bihar","SARAN","SARAN(DISTRICT PLANNING OFFICE SARAN CHAPRA_IDA)","Rajiv Pratap Rudy","5000000.00","2208850.00","7771219.00","0.8796","HIGH","3","Construction culvert - construction drain - road","2024-02-08","Open","Peer amount: Recommended amount at the 99th percentile of 158 comparable works (robust z 11.9).; Behavioural change: Implementing agency's recommendation pattern shifted year-on-year (magnitude 100%). Before/after - 2023: 70 works at a median of Rs 1,044,788 -> 2024: 42 works at a median of Rs 2,394,173. A change point is a lead, not a finding: a new officer or a revised guideline produces one too.; Statistical outlier: A trained anomaly detector (IsolationForest) flags this work's amount-and-age profile as unusual against the national portfolio.","A human should verify the scope and estimate for this work against its peers via the Implementing Agency.","Compare scope and estimate with peer works | Verify supporting documents and field evidence","MEDIUM","MEDIUM - open 2.0x longer than the typical completed work of this type in Bihar (412 days); and the survival model puts a 44% chance it will not complete within 365 days.","","District Monitoring","2026-06-09","New","","TRUE"
"MP3042309-W169445","Construction of 6 rooms plus one lady superintendents room plus three washrooms and three toilets in Gaya College, Gaya.","Bihar","GAYA (SC)","GAYA(DISTRICT PLANNING OFFICER GAYA_IDA)","JITAN RAM MANJHI","4999800.00","2208762.00","7770908.00","0.8796","HIGH","3","Class room - construction class - school","2025-01-28","Open","Peer amount: Recommended amount at the 99th percentile of 138 comparable works (robust z 10.6).; Behavioural change: Implementing agency's recommendation pattern shifted year-on-year (magnitude 100%). Before/after - 2025: 319 works at a median of Rs 75,000 -> 2026: 20 works at a median of Rs 650,000. A change point is a lead, not a finding: a new officer or a revised guideline produces one too.; Statistical outlier: A trained anomaly detector (IsolationForest) flags this work's amount-and-age profile as unusual against the national portfolio.","A human should verify the scope and estimate for this work against its peers via the Implementing Agency.","Review the lifecycle history and sanction record | Compare scope and estimate with peer works | Verify supporting documents and field evidence","LOW","LOW - the survival model puts a 44% chance it will not complete within 365 days.","Amount outlier vs peers (STATISTICAL_OUTLIER)","District Monitoring","2026-06-09","New","","TRUE"
"MP3018408-W47475","kramank : LN/MP471/2023-2024/21 DATE 14-9-2023 ME SANSODHAN. MERE PATRANK 23/MP/FUND/2023-2024 DATE 16-09-2023 KE DAWARA 20 NAG INDIA MARK II HANDPUMP SATHPIT KARNE KA PARSTAV KIYA DIYA GYA THA JISKA SANSODHAN KARTE HUE MERE LOKSABHA CHHETRE KE VIDHANSABHA CHHETRE - MALLIHABAD,SAROJNINAGAR,MOHANLAL","Uttar Pradesh","MOHANLALGANJ(SC)","LUCKNOW(DISTRICT MAGISTRAE LUCKNOW_IDA)","Kaushal Kishore","9150000.00","2246723.00","7757731.00","0.8632","HIGH","3","Taluk balance - commuinity - executive agency","2023-11-08","Open","Peer amount: Recommended amount at the 100th percentile of 925 comparable works (robust z 76521.7).; Behavioural change: Implementing agency's recommendation pattern shifted year-on-year (magnitude 86%). Before/after - 2024: 177 works at a median of Rs 627,534 -> 2025: 125 works at a median of Rs 1,170,000. A change point is a lead, not a finding: a new officer or a revised guideline produces one too.; Statistical outlier: A trained anomaly detector (IsolationForest) flags this work's amount-and-age profile as unusual against the national portfolio.","A human should verify the scope and estimate for this work against its peers via the Implementing Agency.","Review the lifecycle history and sanction record | Compare scope and estimate with peer works | Verify supporting documents and field evidence","LOW","LOW - open 1.9x longer than the typical completed work of this type in Uttar Pradesh (494 days).","Amount outlier vs peers (STATISTICAL_OUTLIER)","District Monitoring","2026-06-09","New","","TRUE"
"MP3018356-W100681","Construction of Resource Room (Single Storey) 2 Nos. (Part-A) at Amnour Vishwa Prabha Community Centre, Amnour, Saran","Bihar","SARAN","SARAN(DISTRICT PLANNING OFFICE SARAN CHAPRA_IDA)","Rajiv Pratap Rudy","5000000.00","1618277.00","7745037.00","0.9572","HIGH","4","Construction building - community building - cultural activities","2024-02-08","Open","Peer amount: Recommended amount at the 98th percentile of 42 comparable works (robust z 6.6).; Behavioural change: Implementing agency's recommendation pattern shifted year-on-year (magnitude 100%). Before/after - 2023: 70 works at a median of Rs 1,044,788 -> 2024: 42 works at a median of Rs 2,394,173. A change point is a lead, not a finding: a new officer or a revised guideline produces one too.; Statistical outlier: A trained anomaly detector (IsolationForest) flags this work's amount-and-age profile as unusual against the national portfolio.; Near-duplicate work: A work in the same state and archetype is 99.8% semantically similar (MP3018356-W100682). Repeated descriptions are common in this scheme, so a human should confirm these are genuinely separate works.","A human should verify the scope and estimate for this work against its peers via the Implementing Agency.","Check duplicate possibility against the matched work | Compare scope and estimate with peer works | Verify supporting documents and field evidence","MEDIUM","MEDIUM - open 1.6x longer than the typical completed work of this type in Bihar (527 days).","","District Monitoring","2026-06-09","New","","TRUE"
"MP3018356-W100682","Construction of Resource Room (Single Storey) 2 Nos. (Part-B) at Amnour Vishwa Prabha Community Centre, Amnour, Saran","Bihar","SARAN","SARAN(DISTRICT PLANNING OFFICE SARAN CHAPRA_IDA)","Rajiv Pratap Rudy","5000000.00","1618277.00","7745037.00","0.9572","HIGH","4","Construction building - community building - cultural activities","2024-02-08","Open","Peer amount: Recommended amount at the 98th percentile of 42 comparable works (robust z 6.6).; Behavioural change: Implementing agency's recommendation pattern shifted year-on-year (magnitude 100%). Before/after - 2023: 70 works at a median of Rs 1,044,788 -> 2024: 42 works at a median of Rs 2,394,173. A change point is a lead, not a finding: a new officer or a revised guideline produces one too.; Statistical outlier: A trained anomaly detector (IsolationForest) flags this work's amount-and-age profile as unusual against the national portfolio.; Near-duplicate work: A work in the same state and archetype is 99.8% semantically similar (MP3018356-W100681). Repeated descriptions are common in this scheme, so a human should confirm these are genuinely separate works.","A human should verify the scope and estimate for this work against its peers via the Implementing Agency.","Check duplicate possibility against the matched work | Compare scope and estimate with peer works | Verify supporting documents and field evidence","MEDIUM","MEDIUM - open 1.6x longer than the typical completed work of this type in Bihar (527 days).","","District Monitoring","2026-06-09","New","","TRUE"
"MP3018356-W100672","Construction of 3 Unit Food Court (Part-C) at Amrit Sarovar, Amnour Pokhara, Saran","Bihar","SARAN","SARAN(DISTRICT PLANNING OFFICE SARAN CHAPRA_IDA)","Rajiv Pratap Rudy","5000000.00","1618277.00","7744836.00","0.9572","HIGH","4","Construction building - community building - cultural activities","2024-02-08","Open","Peer amount: Recommended amount at the 100th percentile of 112 comparable works (robust z 10.1).; Behavioural change: Implementing agency's recommendation pattern shifted year-on-year (magnitude 100%). Before/after - 2023: 70 works at a median of Rs 1,044,788 -> 2024: 42 works at a median of Rs 2,394,173. A change point is a lead, not a finding: a new officer or a revised guideline produces one too.; Statistical outlier: A trained anomaly detector (IsolationForest) flags this work's amount-and-age profile as unusual against the national portfolio.; Near-duplicate work: A work in the same state and archetype is 99.1% semantically similar (MP3018356-W100673). Repeated descriptions are common in this scheme, so a human should confirm these are genuinely separate works.","A human should verify the scope and estimate for this work against its peers via the Implementing Agency.","Check duplicate possibility against the matched work | Review the lifecycle history and sanction record | Compare scope and estimate with peer works | Verify supporting documents and field evidence","MEDIUM","MEDIUM - open 3.8x longer than the typical completed work of this type in Bihar (221 days).","Amount outlier vs peers (STATISTICAL_OUTLIER)","District Monitoring","2026-06-09","New","","TRUE"
"MP3018356-W100673","Construction of 3 Unit Food Court (Part-D) at Amrit Sarovar, Amnour Pokhara, Saran","Bihar","SARAN","SARAN(DISTRICT PLANNING OFFICE SARAN CHAPRA_IDA)","Rajiv Pratap Rudy","5000000.00","1618277.00","7744836.00","0.9572","HIGH","4","Construction building - community building - cultural activities","2024-02-08","Open","Peer amount: Recommended amount at the 100th percentile of 112 comparable works (robust z 10.1).; Behavioural change: Implementing agency's recommendation pattern shifted year-on-year (magnitude 100%). Before/after - 2023: 70 works at a median of Rs 1,044,788 -> 2024: 42 works at a median of Rs 2,394,173. A change point is a lead, not a finding: a new officer or a revised guideline produces one too.; Statistical outlier: A trained anomaly detector (IsolationForest) flags this work's amount-and-age profile as unusual against the national portfolio.; Near-duplicate work: A work in the same state and archetype is 99.1% semantically similar (MP3018356-W100672). Repeated descriptions are common in this scheme, so a human should confirm these are genuinely separate works.","A human should verify the scope and estimate for this work against its peers via the Implementing Agency.","Check duplicate possibility against the matched work | Review the lifecycle history and sanction record | Compare scope and estimate with peer works | Verify supporting documents and field evidence","MEDIUM","MEDIUM - open 3.8x longer than the typical completed work of this type in Bihar (221 days).","Amount outlier vs peers (STATISTICAL_OUTLIER)","District Monitoring","2026-06-09","New","","TRUE"
"MP3018356-W100713","Construction of Resource Room (Double Storey) at Amnour Vishwa Prabha Community Centre, Amnour, Saran","Bihar","SARAN","SARAN(DISTRICT PLANNING OFFICE SARAN CHAPRA_IDA)","Rajiv Pratap Rudy","5000000.00","1618277.00","7729913.00","0.9553","HIGH","4","Construction building - community building - cultural activities","2024-02-08","Open","Peer amount: Recommended amount at the 98th percentile of 42 comparable works (robust z 6.6).; Behavioural change: Implementing agency's recommendation pattern shifted year-on-year (magnitude 100%). Before/after - 2023: 70 works at a median of Rs 1,044,788 -> 2024: 42 works at a median of Rs 2,394,173. A change point is a lead, not a finding: a new officer or a revised guideline produces one too.; Statistical outlier: A trained anomaly detector (IsolationForest) flags this work's amount-and-age profile as unusual against the national portfolio.; Near-duplicate work: A work in the same state and archetype is 97.4% semantically similar (MP3018356-W100681). Repeated descriptions are common in this scheme, so a human should confirm these are genuinely separate works.","A human should verify the scope and estimate for this work against its peers via the Implementing Agency.","Check duplicate possibility against the matched work | Compare scope and estimate with peer works | Verify supporting documents and field evidence","MEDIUM","MEDIUM - open 1.6x longer than the typical completed work of this type in Bihar (527 days).","","District Monitoring","2026-06-09","New","","TRUE"
"MP3018356-W100715","Construction of Multi Utility Room at Rajendra Stadium, Chhapra, Saran","Bihar","SARAN","SARAN(DISTRICT PLANNING OFFICE SARAN CHAPRA_IDA)","Rajiv Pratap Rudy","5000000.00","2208850.00","7718763.00","0.8736","HIGH","3","Sitting bench - rcc benches - RCC","2024-02-08","Open","Peer amount: Recommended amount at the 95th percentile of 147 comparable works (robust z 5.3).; Behavioural change: Implementing agency's recommendation pattern shifted year-on-year (magnitude 100%). Before/after - 2023: 70 works at a median of Rs 1,044,788 -> 2024: 42 works at a median of Rs 2,394,173. A change point is a lead, not a finding: a new officer or a revised guideline produces one too.; Statistical outlier: A trained anomaly detector (IsolationForest) flags this work's amount-and-age profile as unusual against the national portfolio.","A human should verify the scope and estimate for this work against its peers via the Implementing Agency.","Compare scope and estimate with peer works | Verify supporting documents and field evidence","MEDIUM","MEDIUM - open 2.0x longer than the typical completed work of this type in Bihar (412 days); and the survival model puts a 44% chance it will not complete within 365 days.","","District Monitoring","2026-06-09","New","","TRUE"
"MP3017308-W258718","Construction of a compound wall and entrance arch in residential buildings built by the Tamil Nadu Urban Habitat Development Board in the Guavathoppu scheme area, Ward No. 63, Zone 5 of the Greater Chennai Corporation.","Tamil Nadu","Sitting Rajya Sabha","CHENNAI(COMMISSIONER MUNCIPAL CORPORATION CHENNAI_IDA)","Shri K.R.N. Rajeshkumar","10000000.00","2208145.00","7700219.00","0.8718","HIGH","3","Construction boundary - boundary wall - construction compound","2026-01-12","Open","Peer amount: Recommended amount at the 99th percentile of 122 comparable works (robust z 11.8).; Behavioural change: Implementing agency's recommendation pattern shifted year-on-year (magnitude 94%). Before/after - 2023: 50 works at a median of Rs 1,134,160 -> 2024: 73 works at a median of Rs 2,195,272. A change point is a lead, not a finding: a new officer or a revised guideline produces one too.; Statistical outlier: A trained anomaly detector (IsolationForest) flags this work's amount-and-age profile as unusual against the national portfolio.","A human should verify the scope and estimate for this work against its peers via the Implementing Agency.","Review the lifecycle history and sanction record | Compare scope and estimate with peer works | Verify supporting documents and field evidence","LOW","No stalling indicators; the work is progressing within normal ranges.","Amount outlier vs peers (STATISTICAL_OUTLIER)","District Monitoring","2026-06-09","New","","TRUE"
"MP3017455-W211751","Forming of Boxing Accadamy inside a part of the Gopalapuram playground in Dn-111, Unit 25, Zone -9, Chepauk Triplcane","Tamil Nadu","CHENNAI CENTRAL","CHENNAI(COMMISSIONER MUNCIPAL CORPORATION CHENNAI_IDA)","Thiru Dayanidhi Maran","10000000.00","2208145.00","7700219.00","0.8718","HIGH","3","Sitting bench - rcc benches - RCC","2025-06-27","Open","Peer amount: Recommended amount at the 99th percentile of 675 comparable works (robust z 21.6).; Behavioural change: Implementing agency's recommendation pattern shifted year-on-year (magnitude 94%). Before/after - 2023: 50 works at a median of Rs 1,134,160 -> 2024: 73 works at a median of Rs 2,195,272. A change point is a lead, not a finding: a new officer or a revised guideline produces one too.; Statistical outlier: A trained anomaly detector (IsolationForest) flags this work's amount-and-age profile as unusual against the national portfolio.","A human should verify the scope and estimate for this work against its peers via the Implementing Agency.","Review the lifecycle history and sanction record | Compare scope and estimate with peer works | Verify supporting documents and field evidence","LOW","LOW - open 1.4x longer than the typical completed work of this type in Tamil Nadu (243 days).","Amount outlier vs peers (STATISTICAL_OUTLIER)","District Monitoring","2026-06-09","New","","TRUE"
"MP3017455-W51810","Construction of Indoor stadium, Basket ball ground and visitor chair Chennai corporation play ground at Nungambakkam Lake area 4th street in dn 110, Zone - 9.","Tamil Nadu","CHENNAI CENTRAL","CHENNAI(COMMISSIONER MUNCIPAL CORPORATION CHENNAI_IDA)","Thiru Dayanidhi Maran (17th Lok Sabha)","10000000.00","2208145.00","7700219.00","0.8718","HIGH","3","Sitting bench - rcc benches - RCC","2023-11-22","Open","Peer amount: Recommended amount at the 99th percentile of 675 comparable works (robust z 21.6).; Behavioural change: Implementing agency's recommendation pattern shifted year-on-year (magnitude 94%). Before/after - 2023: 50 works at a median of Rs 1,134,160 -> 2024: 73 works at a median of Rs 2,195,272. A change point is a lead, not a finding: a new officer or a revised guideline produces one too.; Statistical outlier: A trained anomaly detector (IsolationForest) flags this work's amount-and-age profile as unusual against the national portfolio.","A human should verify the scope and estimate for this work against its peers via the Implementing Agency.","Review the lifecycle history and sanction record | Compare scope and estimate with peer works | Verify supporting documents and field evidence","MEDIUM","MEDIUM - open 3.8x longer than the typical completed work of this type in Tamil Nadu (243 days).","Amount outlier vs peers (STATISTICAL_OUTLIER)","District Monitoring","2026-06-09","New","","TRUE"
"MP3018396-W184578","Construction Of Indoor Stadium","Tamil Nadu","CHENNAI SOUTH","CHENNAI(COMMISSIONER MUNCIPAL CORPORATION CHENNAI_IDA)","T Sumathy (A) Thamizhachi Thangapandian","10000000.00","2208145.00","7700219.00","0.8718","HIGH","3","Sitting bench - rcc benches - RCC","2025-03-20","Open","Peer amount: Recommended amount at the 98th percentile of 147 comparable works (robust z 11.9).; Behavioural change: Implementing agency's recommendation pattern shifted year-on-year (magnitude 94%). Before/after - 2023: 50 works at a median of Rs 1,134,160 -> 2024: 73 works at a median of Rs 2,195,272. A change point is a lead, not a finding: a new officer or a revised guideline produces one too.; Statistical outlier: A trained anomaly detector (IsolationForest) flags this work's amount-and-age profile as unusual against the national portfolio.","A human should verify the scope and estimate for this work against its peers via the Implementing Agency.","Compare scope and estimate with peer works | Verify supporting documents and field evidence","LOW","No stalling indicators; the work is progressing within normal ranges.","","District Monitoring","2026-06-09","New","","TRUE"
"MP3023122-W36302","purchase of mobile tanker for seven zone of jalandhar, specification fole attatched. 5000ltrs- 07 units 3000 ltrs -07 units","Punjab","JALANDHAR(SC)","JALANDHAR(DEPUTY COMMISSIONER JALANDHAR_IDA)","Sushil Kumar Rinku (17th Lok Sabha)","4594625.00","1623247.00","7667997.00","0.9448","HIGH","4","Tanker - mobile water - purchase mobile","2023-10-12","Open","Peer amount: Recommended amount at the 100th percentile of 954 comparable works (robust z 70.1).; Peer duration: Open for longer than 98% of comparable works still in progress.; Behavioural change: Implementing agency's recommendation pattern shifted year-on-year (magnitude 100%). Before/after - 2025: 242 works at a median of Rs 247,500 -> 2026: 26 works at a median of Rs 500,000. A change point is a lead, not a finding: a new officer or a revised guideline produces one too.; Statistical outlier: A trained anomaly detector (IsolationForest) flags this work's amount-and-age profile as unusual against the national portfolio.","A human should verify the scope and estimate for this work against its peers via the Implementing Agency.","Review the lifecycle history and sanction record | Compare scope and estimate with peer works | Request a progress update from the implementing agency | Verify supporting documents and field evidence","HIGH","HIGH - open 5.7x longer than the typical completed work of this type in Punjab (169 days).","Amount outlier vs peers (STATISTICAL_OUTLIER)","District Monitoring","2026-06-09","New","","TRUE"
"MP3019643-W152256","Construction of Chennai Girls Higher Secondary School Building (G+1)12 class rooms at Buddha street om Dn -48, Zone-04","Tamil Nadu","CHENNAI NORTH","CHENNAI(COMMISSIONER MUNCIPAL CORPORATION CHENNAI_IDA)","Kalanidhi Veeraswamy","10000000.00","2208145.00","7635657.00","0.8645","HIGH","3","Class room - construction class - school","2024-11-13","Open","Peer amount: Recommended amount at the 99th percentile of 152 comparable works (robust z 5.2).; Behavioural change: Implementing agency's recommendation pattern shifted year-on-year (magnitude 94%). Before/after - 2023: 50 works at a median of Rs 1,134,160 -> 2024: 73 works at a median of Rs 2,195,272. A change point is a lead, not a finding: a new officer or a revised guideline produces one too.; Statistical outlier: A trained anomaly detector (IsolationForest) flags this work's amount-and-age profile as unusual against the national portfolio.","A human should verify the scope and estimate for this work against its peers via the Implementing Agency.","Review the lifecycle history and sanction record | Compare scope and estimate with peer works | Verify supporting documents and field evidence","LOW","No stalling indicators; the work is progressing within normal ranges.","Amount outlier vs peers (STATISTICAL_OUTLIER)","District Monitoring","2026-06-09","New","","TRUE"
"MP3042330-W215505","Advanced Phacoemulsification Machine 1 Nose M J Western Regional Institute of ophthalmology","Gujarat","AHMEDABAD WEST(SC)","AHMADABAD(DISTRICT COLLECTOR AHMADABAD_IDA)","DINESHBHAI MAKWANA","8000000.00","2190112.00","7625433.00","0.8704","HIGH","3","Installation cctv - cctv cameras - cctv camera","2025-07-07","Open","Peer amount: Recommended amount at the 94th percentile of 45 comparable works (robust z 4.9).; Behavioural change: Implementing agency's recommendation pattern shifted year-on-year (magnitude 100%). Before/after - 2023: 262 works at a median of Rs 249,853 -> 2024: 108 works at a median of Rs 499,448. A change point is a lead, not a finding: a new officer or a revised guideline produces one too.; Statistical outlier: A trained anomaly detector (IsolationForest) flags this work's amount-and-age profile as unusual against the national portfolio.","A human should verify the scope and estimate for this work against its peers via the Implementing Agency.","Compare scope and estimate with peer works | Verify supporting documents and field evidence","LOW","No stalling indicators; the work is progressing within normal ranges.","","District Monitoring","2026-06-09","New","","TRUE"
"MP3042330-W276201","Advance PHACO Emulsification System(Nos-1)","Gujarat","AHMEDABAD WEST(SC)","AHMADABAD(DISTRICT COLLECTOR AHMADABAD_IDA)","DINESHBHAI MAKWANA","8000000.00","2190112.00","7625433.00","0.8704","HIGH","3","Installation cctv - cctv cameras - cctv camera","2026-03-27","Open","Peer amount: Recommended amount at the 94th percentile of 45 comparable works (robust z 4.9).; Behavioural change: Implementing agency's recommendation pattern shifted year-on-year (magnitude 100%). Before/after - 2023: 262 works at a median of Rs 249,853 -> 2024: 108 works at a median of Rs 499,448. A change point is a lead, not a finding: a new officer or a revised guideline produces one too.; Statistical outlier: A trained anomaly detector (IsolationForest) flags this work's amount-and-age profile as unusual against the national portfolio.","A human should verify the scope and estimate for this work against its peers via the Implementing Agency.","Compare scope and estimate with peer works | Verify supporting documents and field evidence","LOW","No stalling indicators; the work is progressing within normal ranges.","","District Monitoring","2026-06-09","New","","TRUE"
"MP3018396-W123923","Construction of Community Hall","Tamil Nadu","CHENNAI SOUTH","CHENNAI(COMMISSIONER MUNCIPAL CORPORATION CHENNAI_IDA)","T Sumathy (A) Thamizhachi Thangapandian","10518677.00","2186123.00","7623425.00","0.8718","HIGH","3","Community hall - construction community - hall village","2024-03-09","Open","Peer amount: Recommended amount at the 99th percentile of 598 comparable works (robust z 19.7).; Behavioural change: Implementing agency's recommendation pattern shifted year-on-year (magnitude 94%). Before/after - 2023: 50 works at a median of Rs 1,134,160 -> 2024: 73 works at a median of Rs 2,195,272. A change point is a lead, not a finding: a new officer or a revised guideline produces one too.; Statistical outlier: A trained anomaly detector (IsolationForest) flags this work's amount-and-age profile as unusual against the national portfolio.","A human should verify the scope and estimate for this work against its peers via the Implementing Agency.","Compare scope and estimate with peer works | Verify supporting documents and field evidence","LOW","LOW - open 1.5x longer than the typical completed work of this type in Tamil Nadu (529 days).","","District Monitoring","2026-06-09","New","","TRUE"
"MP3042486-W268853","Allahabad loksabha 52 chhetra handling installation","Uttar Pradesh","ALLAHABAD","PRAYAGRAJ(DISTRICT MAGISTRAE ALLAHABAD_IDA)","UJJWAL RAMAN SINGH","7759136.00","2154138.00","7578731.00","0.8796","HIGH","3","Installation cctv - cctv cameras - cctv camera","2026-02-17","Open","Peer amount: Recommended amount at the 100th percentile of 925 comparable works (robust z 64795.1).; Behavioural change: Implementing agency's recommendation pattern shifted year-on-year (magnitude 100%). Before/after - 2023: 878 works at a median of Rs 21,109 -> 2024: 557 works at a median of Rs 177,842. A change point is a lead, not a finding: a new officer or a revised guideline produces one too.; Statistical outlier: A trained anomaly detector (IsolationForest) flags this work's amount-and-age profile as unusual against the national portfolio.","A human should verify the scope and estimate for this work against its peers via the Implementing Agency.","Review the lifecycle history and sanction record | Compare scope and estimate with peer works | Verify supporting documents and field evidence","LOW","No stalling indicators; the work is progressing within normal ranges.","Amount outlier vs peers (STATISTICAL_OUTLIER)","District Monitoring","2026-06-09","New","","TRUE"
"MP3019643-W164830","1) Ultra Sound Machine with Linear, Curvilinear and Echo probes, 2) Fibre Optic Intubating bronchoscope (Paediatric (3.2) size and Standard Specifications for use in Intubation and Thoracic surgeries. 3) Fibre Optic Intubating bronchoscope (Adult size (5) and Standard Specifications for use in Intu","Tamil Nadu","CHENNAI NORTH","CHENNAI(COMMISSIONER MUNCIPAL CORPORATION CHENNAI_IDA)","Kalanidhi Veeraswamy","10000000.00","2155692.00","7517307.00","0.8718","HIGH","3","Installation cctv - cctv cameras - cctv camera","2025-01-11","Open","Peer amount: Recommended amount at the 95th percentile of 31 comparable works (robust z 9.5).; Behavioural change: Implementing agency's recommendation pattern shifted year-on-year (magnitude 94%). Before/after - 2023: 50 works at a median of Rs 1,134,160 -> 2024: 73 works at a median of Rs 2,195,272. A change point is a lead, not a finding: a new officer or a revised guideline produces one too.; Statistical outlier: A trained anomaly detector (IsolationForest) flags this work's amount-and-age profile as unusual against the national portfolio.","A human should verify the scope and estimate for this work against its peers via the Implementing Agency.","Compare scope and estimate with peer works | Verify supporting documents and field evidence","LOW","LOW - open 1.4x longer than the typical completed work of this type in Tamil Nadu (357 days).","","District Monitoring","2026-06-09","New","","TRUE"
"MP3019643-W213686","High End Multipara Monitor with Provision for invasive BP and End Tidal carbon dioxide monitoring and all accessories","Tamil Nadu","CHENNAI NORTH","CHENNAI(COMMISSIONER MUNCIPAL CORPORATION CHENNAI_IDA)","Kalanidhi Veeraswamy","10000000.00","2155692.00","7517307.00","0.8718","HIGH","3","Installation cctv - cctv cameras - cctv camera","2025-07-01","Open","Peer amount: Recommended amount at the 95th percentile of 31 comparable works (robust z 9.5).; Behavioural change: Implementing agency's recommendation pattern shifted year-on-year (magnitude 94%). Before/after - 2023: 50 works at a median of Rs 1,134,160 -> 2024: 73 works at a median of Rs 2,195,272. A change point is a lead, not a finding: a new officer or a revised guideline produces one too.; Statistical outlier: A trained anomaly detector (IsolationForest) flags this work's amount-and-age profile as unusual against the national portfolio.","A human should verify the scope and estimate for this work against its peers via the Implementing Agency.","Compare scope and estimate with peer works | Verify supporting documents and field evidence","LOW","No stalling indicators; the work is progressing within normal ranges.","","District Monitoring","2026-06-09","New","","TRUE"
"MP3019643-W254851","1.Dental Chairs with 3 kv stabilizer. 2. Ultrasonic Sealer. 3. Light Cure Unit. 4. Endomotor. 5. Radio Visio Graphy RVG 1 No with Monitor. 6. Micromotor with Straight Hand Piece. 7. RO approximate capacity bof 30 Litres. 8. 3 KV Stabilizer","Tamil Nadu","CHENNAI NORTH","CHENNAI(COMMISSIONER MUNCIPAL CORPORATION CHENNAI_IDA)","Kalanidhi Veeraswamy","10000000.00","2155692.00","7517307.00","0.8718","HIGH","3","Installation cctv - cctv cameras - cctv camera","2025-12-30","Open","Peer amount: Recommended amount at the 95th percentile of 31 comparable works (robust z 9.5).; Behavioural change: Implementing agency's recommendation pattern shifted year-on-year (magnitude 94%). Before/after - 2023: 50 works at a median of Rs 1,134,160 -> 2024: 73 works at a median of Rs 2,195,272. A change point is a lead, not a finding: a new officer or a revised guideline produces one too.; Statistical outlier: A trained anomaly detector (IsolationForest) flags this work's amount-and-age profile as unusual against the national portfolio.","A human should verify the scope and estimate for this work against its peers via the Implementing Agency.","Compare scope and estimate with peer works | Verify supporting documents and field evidence","LOW","No stalling indicators; the work is progressing within normal ranges.","","District Monitoring","2026-06-09","New","","TRUE"
"MP3017338-W241204","Letter as per attached.","Uttar Pradesh","Sitting Rajya Sabha","Siddharthnagar(DISTRICT MAGISTRATE SIDDHARTH NAGAR_IDA)","Shri Brij Lal","7696000.00","2136617.00","7517090.00","0.8796","HIGH","3","Installation cctv - cctv cameras - cctv camera","2025-10-09","Open","Peer amount: Recommended amount at the 96th percentile of 319 comparable works (robust z 24.3).; Behavioural change: Implementing agency's recommendation pattern shifted year-on-year (magnitude 100%). Before/after - 2023: 192 works at a median of Rs 50,000 -> 2024: 21 works at a median of Rs 780,000. A change point is a lead, not a finding: a new officer or a revised guideline produces one too.; Statistical outlier: A trained anomaly detector (IsolationForest) flags this work's amount-and-age profile as unusual against the national portfolio.","A human should verify the scope and estimate for this work against its peers via the Implementing Agency.","Compare scope and estimate with peer works | Verify supporting documents and field evidence","LOW","No stalling indicators; the work is progressing within normal ranges.","","District Monitoring","2026-06-09","New","","TRUE"
"MP3019201-W92578","360 N0 Solar light","Uttar Pradesh","HARDOI (SC)","HARDOI(DISTRICT MAGISTRATE HARDOI_IDA)","Jai Prakash(17th Lok Sabha)","6163710.00","2125051.00","7476396.00","0.8796","HIGH","3","Solar light - installation solar - light request","2024-01-31","Open","Peer amount: Recommended amount at the 100th percentile of 6132 comparable works (robust z 429.1).; Behavioural change: Implementing agency's recommendation pattern shifted year-on-year (magnitude 100%). Before/after - 2023: 15 works at a median of Rs 600,000 -> 2024: 31 works at a median of Rs 1,215,970. A change point is a lead, not a finding: a new officer or a revised guideline produces one too.; Statistical outlier: A trained anomaly detector (IsolationForest) flags this work's amount-and-age profile as unusual against the national portfolio.","A human should verify the scope and estimate for this work against its peers via the Implementing Agency.","Review the lifecycle history and sanction record | Compare scope and estimate with peer works | Request a progress update from the implementing agency | Verify supporting documents and field evidence","HIGH","HIGH - open 3.4x longer than the typical completed work of this type in Uttar Pradesh (252 days).","Amount outlier vs peers (STATISTICAL_OUTLIER)","District Monitoring","2026-06-09","New","","TRUE"
"MP3019200-W252116","bhadariya chandradeep ghat marg khantara D Y se pikaura tak 800 meetr pich road kary","Uttar Pradesh","DOMARIYAGANJ","Siddharthnagar(DISTRICT MAGISTRATE SIDDHARTH NAGAR_IDA)","Jagdambika Pal","6600000.00","2116113.00","7444949.00","0.8796","HIGH","3","CC road - gram - construction","2025-12-05","Open","Peer amount: Recommended amount at the 100th percentile of 7203 comparable works (robust z 12.1).; Behavioural change: Implementing agency's recommendation pattern shifted year-on-year (magnitude 100%). Before/after - 2023: 192 works at a median of Rs 50,000 -> 2024: 21 works at a median of Rs 780,000. A change point is a lead, not a finding: a new officer or a revised guideline produces one too.; Statistical outlier: A trained anomaly detector (IsolationForest) flags this work's amount-and-age profile as unusual against the national portfolio.","A human should verify the scope and estimate for this work against its peers via the Implementing Agency.","Review the lifecycle history and sanction record | Compare scope and estimate with peer works | Verify supporting documents and field evidence","LOW","No stalling indicators; the work is progressing within normal ranges.","Amount outlier vs peers (STATISTICAL_OUTLIER)","District Monitoring","2026-06-09","New","","TRUE"
"MP3017338-W208469","Letter as per attached.","Uttar Pradesh","Sitting Rajya Sabha","Siddharthnagar(DISTRICT MAGISTRATE SIDDHARTH NAGAR_IDA)","Shri Brij Lal","7500000.00","2082226.00","7325728.00","0.8796","HIGH","3","Installation cctv - cctv cameras - cctv camera","2025-06-13","Open","Peer amount: Recommended amount at the 100th percentile of 113 comparable works (robust z 673.6).; Behavioural change: Implementing agency's recommendation pattern shifted year-on-year (magnitude 100%). Before/after - 2023: 192 works at a median of Rs 50,000 -> 2024: 21 works at a median of Rs 780,000. A change point is a lead, not a finding: a new officer or a revised guideline produces one too.; Statistical outlier: A trained anomaly detector (IsolationForest) flags this work's amount-and-age profile as unusual against the national portfolio.","A human should verify the scope and estimate for this work against its peers via the Implementing Agency.","Review the lifecycle history and sanction record | Compare scope and estimate with peer works | Verify supporting documents and field evidence","LOW","No stalling indicators; the work is progressing within normal ranges.","Amount outlier vs peers (STATISTICAL_OUTLIER)","District Monitoring","2026-06-09","New","","TRUE"
"MP3017307-W160096","Extension of Bus stand in Sivagangai Municipality","Tamil Nadu","Sitting Rajya Sabha","SIVAGANGA(DISTRICT COLLECTOR SIVAGANGA_IDA)","Shri P. Chidambaram","10000000.00","2208145.00","7297610.00","0.8262","HIGH","3","Bus shelter - bus stop - bus stand","2024-12-19","Open","Peer amount: Recommended amount at the 100th percentile of 679 comparable works (robust z 25.0).; Behavioural change: Implementing agency's recommendation pattern shifted year-on-year (magnitude 56%). Before/after - 2025: 124 works at a median of Rs 700,000 -> 2026: 6 works at a median of Rs 1,090,000. A change point is a lead, not a finding: a new officer or a revised guideline produces one too.; Statistical outlier: A trained anomaly detector (IsolationForest) flags this work's amount-and-age profile as unusual against the national portfolio.","A human should verify the scope and estimate for this work against its peers via the Implementing Agency.","Review the lifecycle history and sanction record | Compare scope and estimate with peer works | Verify supporting documents and field evidence","LOW","No stalling indicators; the work is progressing within normal ranges.","Amount outlier vs peers (STATISTICAL_OUTLIER)","District Monitoring","2026-06-09","New","","TRUE"
"MP3017457-W148981","(MPLADS 2024-25) Extension of Bus Stand in Sivaganga Municipality","Tamil Nadu","SIVAGANGA","SIVAGANGA(DISTRICT COLLECTOR SIVAGANGA_IDA)","Shri Karti P Chidambaram","10000000.00","2208145.00","7297610.00","0.8262","HIGH","3","Bus shelter - bus stop - bus stand","2024-10-22","Open","Peer amount: Recommended amount at the 100th percentile of 679 comparable works (robust z 25.0).; Behavioural change: Implementing agency's recommendation pattern shifted year-on-year (magnitude 56%). Before/after - 2025: 124 works at a median of Rs 700,000 -> 2026: 6 works at a median of Rs 1,090,000. A change point is a lead, not a finding: a new officer or a revised guideline produces one too.; Statistical outlier: A trained anomaly detector (IsolationForest) flags this work's amount-and-age profile as unusual against the national portfolio.","A human should verify the scope and estimate for this work against its peers via the Implementing Agency.","Review the lifecycle history and sanction record | Compare scope and estimate with peer works | Verify supporting documents and field evidence","LOW","No stalling indicators; the work is progressing within normal ranges.","Amount outlier vs peers (STATISTICAL_OUTLIER)","District Monitoring","2026-06-09","New","","TRUE"
"MP3018356-W100670","Construction of 3 Unit Food Court (Part-A) at Amrit Sarovar, Amnour Pokhara, Saran","Bihar","SARAN","SARAN(DISTRICT PLANNING OFFICE SARAN CHAPRA_IDA)","Rajiv Pratap Rudy","4700000.00","1521220.00","7283134.00","0.9575","HIGH","4","Construction building - community building - cultural activities","2024-02-08","Open","Peer amount: Recommended amount at the 98th percentile of 112 comparable works (robust z 9.4).; Behavioural change: Implementing agency's recommendation pattern shifted year-on-year (magnitude 100%). Before/after - 2023: 70 works at a median of Rs 1,044,788 -> 2024: 42 works at a median of Rs 2,394,173. A change point is a lead, not a finding: a new officer or a revised guideline produces one too.; Statistical outlier: A trained anomaly detector (IsolationForest) flags this work's amount-and-age profile as unusual against the national portfolio.; Near-duplicate work: A work in the same state and archetype is 99.6% semantically similar (MP3018356-W100671). Repeated descriptions are common in this scheme, so a human should confirm these are genuinely separate works.","A human should verify the scope and estimate for this work against its peers via the Implementing Agency.","Check duplicate possibility against the matched work | Compare scope and estimate with peer works | Verify supporting documents and field evidence","MEDIUM","MEDIUM - open 3.8x longer than the typical completed work of this type in Bihar (221 days).","","District Monitoring","2026-06-09","New","","TRUE"
"MP3017324-W244468","Construction of a CC road from the main road near the railway crossing in Ward No. 07 Gokulpuram to the houses of Arvind Yadav, Jai Prakash Sahni, Shivanand Rai, Dipten, Anjani Paswan, Mrityunjay Singh, Surendra Yadav, and Dr. Patel.","Uttar Pradesh","Sitting Rajya Sabha","GORAKHPUR(DISTRICT MAGISTRATE GORAKHPUR_IDA)","Dr. Radha Mohan Das Agrawal","7115000.00","2068504.00","7277451.00","0.8796","HIGH","3","CC road - construction cc - cc building","2025-10-29","Open","Peer amount: Recommended amount at the 100th percentile of 7203 comparable works (robust z 13.2).; Behavioural change: Implementing agency's recommendation pattern shifted year-on-year (magnitude 100%). Before/after - 2024: 262 works at a median of Rs 287,000 -> 2025: 69 works at a median of Rs 1,180,000. A change point is a lead, not a finding: a new officer or a revised guideline produces one too.; Statistical outlier: A trained anomaly detector (IsolationForest) flags this work's amount-and-age profile as unusual against the national portfolio.","A human should verify the scope and estimate for this work against its peers via the Implementing Agency.","Review the lifecycle history and sanction record | Compare scope and estimate with peer works | Verify supporting documents and field evidence","LOW","No stalling indicators; the work is progressing within normal ranges.","Amount outlier vs peers (STATISTICAL_OUTLIER)","District Monitoring","2026-06-09","New","","TRUE"
"MP3018356-W100671","Construction of 3 Unit Food Court (Part-B) at Amrit Sarovar, Amnour Pokhara, Saran","Bihar","SARAN","SARAN(DISTRICT PLANNING OFFICE SARAN CHAPRA_IDA)","Rajiv Pratap Rudy","4692567.00","1518815.00","7271621.00","0.9575","HIGH","4","Construction building - community building - cultural activities","2024-02-08","Open","Peer amount: Recommended amount at the 97th percentile of 112 comparable works (robust z 9.4).; Behavioural change: Implementing agency's recommendation pattern shifted year-on-year (magnitude 100%). Before/after - 2023: 70 works at a median of Rs 1,044,788 -> 2024: 42 works at a median of Rs 2,394,173. A change point is a lead, not a finding: a new officer or a revised guideline produces one too.; Statistical outlier: A trained anomaly detector (IsolationForest) flags this work's amount-and-age profile as unusual against the national portfolio.; Near-duplicate work: A work in the same state and archetype is 99.6% semantically similar (MP3018356-W100670). Repeated descriptions are common in this scheme, so a human should confirm these are genuinely separate works.","A human should verify the scope and estimate for this work against its peers via the Implementing Agency.","Check duplicate possibility against the matched work | Compare scope and estimate with peer works | Verify supporting documents and field evidence","MEDIUM","MEDIUM - open 3.8x longer than the typical completed work of this type in Bihar (221 days).","","District Monitoring","2026-06-09","New","","TRUE"
"MP3042485-W177536","Construction of indoor sports complex with facilities for badminton court, table tennis, squash, indoor gym and other amenities.","Tripura","TRIPURA WEST","Sepahijala(DISTRICT MAGISTRATE and COLLECTOR SIPAHIJALA_IDA)","BIPLAB KUMAR DEB","11517641.00","2058178.00","7241123.00","0.8796","HIGH","3","Sitting bench - rcc benches - RCC","2025-02-25","Open","Peer amount: Recommended amount at the 99th percentile of 147 comparable works (robust z 13.9).; Behavioural change: Implementing agency's recommendation pattern shifted year-on-year (magnitude 100%). Before/after - 2024: 41 works at a median of Rs 390,000 -> 2025: 5 works at a median of Rs 5,372,892. A change point is a lead, not a finding: a new officer or a revised guideline produces one too.; Statistical outlier: A trained anomaly detector (IsolationForest) flags this work's amount-and-age profile as unusual against the national portfolio.","A human should verify the scope and estimate for this work against its peers via the Implementing Agency.","Review the lifecycle history and sanction record | Compare scope and estimate with peer works | Verify supporting documents and field evidence","LOW","No stalling indicators; the work is progressing within normal ranges.","Amount outlier vs peers (STATISTICAL_OUTLIER)","District Monitoring","2026-06-09","New","","TRUE"
"MP3042485-W194520","Installation of water treatment plants in 19 high schools under Takarjala AC and Golaghati AC at the rate of Rs six lakhs each including maintenance for three years as per detail in letter No 4502 dated 5 April 2025 from DM and Collector West Tripura Agartala","Tripura","TRIPURA WEST","Sepahijala(DISTRICT MAGISTRATE and COLLECTOR SIPAHIJALA_IDA)","BIPLAB KUMAR DEB","11400000.00","2037166.00","7167197.00","0.8796","HIGH","3","Drinking water - producers cooperative - milk producers","2025-04-26","Open","Peer amount: Recommended amount at the 100th percentile of 53 comparable works (robust z 14851.1).; Behavioural change: Implementing agency's recommendation pattern shifted year-on-year (magnitude 100%). Before/after - 2024: 41 works at a median of Rs 390,000 -> 2025: 5 works at a median of Rs 5,372,892. A change point is a lead, not a finding: a new officer or a revised guideline produces one too.; Statistical outlier: A trained anomaly detector (IsolationForest) flags this work's amount-and-age profile as unusual against the national portfolio.","A human should verify the scope and estimate for this work against its peers via the Implementing Agency.","Review the lifecycle history and sanction record | Compare scope and estimate with peer works | Verify supporting documents and field evidence","LOW","No stalling indicators; the work is progressing within normal ranges.","Amount outlier vs peers (STATISTICAL_OUTLIER)","District Monitoring","2026-06-09","New","","TRUE"
"MP3017324-W190032","Ward number 04 Muhalla madan mohan malviya nagar ke basant vihar colony mein raneedeeha Siktur marg se deva palace pitch tak evam bechan paswan ke makan tak cc road avam nali ka nirmana 398 meter","Uttar Pradesh","Sitting Rajya Sabha","GORAKHPUR(DISTRICT MAGISTRATE GORAKHPUR_IDA)","Dr. Radha Mohan Das Agrawal","7268000.00","2029384.00","7139820.00","0.8796","HIGH","3","Mixed / uninterpretable (construction - gram panchayat)","2025-04-09","Open","Peer amount: Recommended amount at the 100th percentile of 7203 comparable works (robust z 13.5).; Behavioural change: Implementing agency's recommendation pattern shifted year-on-year (magnitude 100%). Before/after - 2024: 262 works at a median of Rs 287,000 -> 2025: 69 works at a median of Rs 1,180,000. A change point is a lead, not a finding: a new officer or a revised guideline produces one too.; Statistical outlier: A trained anomaly detector (IsolationForest) flags this work's amount-and-age profile as unusual against the national portfolio.","A human should verify the scope and estimate for this work against its peers via the Implementing Agency.","Review the lifecycle history and sanction record | Compare scope and estimate with peer works | Verify supporting documents and field evidence","LOW","LOW - open 1.3x longer than the typical completed work of this type in Uttar Pradesh (307 days).","Amount outlier vs peers (STATISTICAL_OUTLIER)","District Monitoring","2026-06-09","New","","TRUE"
"MP3018400-W517","Supply & Installation of Stainless Steel Mess Table","Tripura","TRIPURA EAST(ST)","Dhalai(DISTRICT MAGISTRATE DHALAI_IDA)","Rebati Tripura","8500000.00","1482089.00","7127089.00","0.9618","HIGH","4","Installation cctv - cctv cameras - cctv camera","2023-06-01","Open","Peer amount: Recommended amount at the 97th percentile of 1103 comparable works (robust z 27.3).; Peer duration: Open for longer than 99% of comparable works still in progress.; Statistical outlier: A trained anomaly detector (IsolationForest) flags this work's amount-and-age profile as unusual against the national portfolio.; Near-duplicate work: A work in the same state and archetype is 100.0% semantically similar (MP3018400-W518). Repeated descriptions are common in this scheme, so a human should confirm these are genuinely separate works.","A human should verify the scope and estimate for this work against its peers via the Implementing Agency.","Check duplicate possibility against the matched work | Review the lifecycle history and sanction record | Compare scope and estimate with peer works | Verify supporting documents and field evidence","MEDIUM","MEDIUM - open 2.6x longer than the typical completed work of this type in Tripura (412 days).","Stalled beyond peer norm (STATISTICAL_OUTLIER)","District Monitoring","2026-06-09","New","","TRUE"
"MP3018400-W518","Supply & Installation of Stainless Steel Mess Table","Tripura","TRIPURA EAST(ST)","Dhalai(DISTRICT MAGISTRATE DHALAI_IDA)","Rebati Tripura","8500000.00","1482089.00","7127089.00","0.9618","HIGH","4","Installation cctv - cctv cameras - cctv camera","2023-06-01","Open","Peer amount: Recommended amount at the 97th percentile of 1103 comparable works (robust z 27.3).; Peer duration: Open for longer than 99% of comparable works still in progress.; Statistical outlier: A trained anomaly detector (IsolationForest) flags this work's amount-and-age profile as unusual against the national portfolio.; Near-duplicate work: A work in the same state and archetype is 100.0% semantically similar (MP3018400-W517). Repeated descriptions are common in this scheme, so a human should confirm these are genuinely separate works.","A human should verify the scope and estimate for this work against its peers via the Implementing Agency.","Check duplicate possibility against the matched work | Review the lifecycle history and sanction record | Compare scope and estimate with peer works | Verify supporting documents and field evidence","MEDIUM","MEDIUM - open 2.6x longer than the typical completed work of this type in Tripura (412 days).","Stalled beyond peer norm (STATISTICAL_OUTLIER)","District Monitoring","2026-06-09","New","","TRUE"
"MP3019200-W252111","Bansi dumariyaganj road par khamariya khurd se siswa gav tak 700 meetar pich road nirman kary","Uttar Pradesh","DOMARIYAGANJ","Siddharthnagar(DISTRICT MAGISTRATE SIDDHARTH NAGAR_IDA)","Jagdambika Pal","6300000.00","2019965.00","7106682.00","0.8796","HIGH","3","CC road - gram - construction","2025-12-05","Open","Peer amount: Recommended amount at the 100th percentile of 7203 comparable works (robust z 11.4).; Behavioural change: Implementing agency's recommendation pattern shifted year-on-year (magnitude 100%). Before/after - 2023: 192 works at a median of Rs 50,000 -> 2024: 21 works at a median of Rs 780,000. A change point is a lead, not a finding: a new officer or a revised guideline produces one too.; Statistical outlier: A trained anomaly detector (IsolationForest) flags this work's amount-and-age profile as unusual against the national portfolio.","A human should verify the scope and estimate for this work against its peers via the Implementing Agency.","Review the lifecycle history and sanction record | Compare scope and estimate with peer works | Verify supporting documents and field evidence","LOW","No stalling indicators; the work is progressing within normal ranges.","Amount outlier vs peers (STATISTICAL_OUTLIER)","District Monitoring","2026-06-09","New","","TRUE"
"MP3019200-W252124","kathela gaurdeeh marg par dobha se navel sesh 700 meetar pich road kary","Uttar Pradesh","DOMARIYAGANJ","Siddharthnagar(DISTRICT MAGISTRATE SIDDHARTH NAGAR_IDA)","Jagdambika Pal","6300000.00","2019965.00","7106682.00","0.8796","HIGH","3","CC road - gram - construction","2025-12-05","Open","Peer amount: Recommended amount at the 100th percentile of 7203 comparable works (robust z 11.4).; Behavioural change: Implementing agency's recommendation pattern shifted year-on-year (magnitude 100%). Before/after - 2023: 192 works at a median of Rs 50,000 -> 2024: 21 works at a median of Rs 780,000. A change point is a lead, not a finding: a new officer or a revised guideline produces one too.; Statistical outlier: A trained anomaly detector (IsolationForest) flags this work's amount-and-age profile as unusual against the national portfolio.","A human should verify the scope and estimate for this work against its peers via the Implementing Agency.","Review the lifecycle history and sanction record | Compare scope and estimate with peer works | Verify supporting documents and field evidence","LOW","No stalling indicators; the work is progressing within normal ranges.","Amount outlier vs peers (STATISTICAL_OUTLIER)","District Monitoring","2026-06-09","New","","TRUE"
"MP3019201-W225862","Lighting of public spaces","Uttar Pradesh","HARDOI (SC)","HARDOI(DISTRICT MAGISTRATE HARDOI_IDA)","Jai Prakash","6097477.00","2007688.00","7063486.00","0.8796","HIGH","3","Highmast light - installation highmast - mask light","2025-08-08","Open","Peer amount: Recommended amount at the 99th percentile of 13232 comparable works (robust z 61.0).; Behavioural change: Implementing agency's recommendation pattern shifted year-on-year (magnitude 100%). Before/after - 2023: 15 works at a median of Rs 600,000 -> 2024: 31 works at a median of Rs 1,215,970. A change point is a lead, not a finding: a new officer or a revised guideline produces one too.; Statistical outlier: A trained anomaly detector (IsolationForest) flags this work's amount-and-age profile as unusual against the national portfolio.","A human should verify the scope and estimate for this work against its peers via the Implementing Agency.","Review the lifecycle history and sanction record | Compare scope and estimate with peer works | Verify supporting documents and field evidence","LOW","No stalling indicators; the work is progressing within normal ranges.","Amount outlier vs peers (STATISTICAL_OUTLIER)","District Monitoring","2026-06-09","New","","TRUE"
"MP3018937-W89998","Purchase & Supply of 02 Nos. (01 No. 26 seater and 01 No. 54 seater capacity) Buses BS VI phase-II with New Emission Norms for Diglipur Region.","Andaman And Nicobar Islands","ANDAMAN AND NICOBAR ISLANDS","NORTH AND MIDDLE ANDAMAN(Implementing District Authority(N&MA))","Kuldeep Rai Sharma","8600000.00","1499517.00","6997901.00","0.9334","HIGH","4","Installation cctv - cctv cameras - cctv camera","2024-01-27","Open","Peer amount: Recommended amount at the 100th percentile of 251 comparable works (robust z 13.4).; Peer duration: Open for longer than 94% of comparable works still in progress.; Behavioural change: Implementing agency's recommendation pattern shifted year-on-year (magnitude 86%). Before/after - 2023: 12 works at a median of Rs 1,854,022 -> 2024: 5 works at a median of Rs 268,509. A change point is a lead, not a finding: a new officer or a revised guideline produces one too.; Statistical outlier: A trained anomaly detector (IsolationForest) flags this work's amount-and-age profile as unusual against the national portfolio.","A human should verify the scope and estimate for this work against its peers via the Implementing Agency.","Review the lifecycle history and sanction record | Compare scope and estimate with peer works | Verify supporting documents and field evidence","LOW","LOW - open 2.1x longer than the typical completed work of this type in Andaman And Nicobar Islands (412 days).","Amount outlier vs peers (STATISTICAL_OUTLIER)","District Monitoring","2026-06-09","New","","TRUE"
"MP3017212-W30227","Renovation and beautification work of Saroda Lake near Sikoter maa Mandir at post Saroda Ta. Dholka Dist Ahmedabad","Gujarat","Sitting Rajya Sabha","AHMADABAD(DISTRICT COLLECTOR AHMADABAD_IDA)","Shri Narhari Amin","5275000.00","1478085.00","6989450.00","0.9457","HIGH","4","Repair renovation - repairing - ahar","2023-10-02","Open","Peer amount: Recommended amount at the 100th percentile of 67 comparable works (robust z 29.3).; Peer duration: Open for longer than 100% of comparable works still in progress.; Behavioural change: Implementing agency's recommendation pattern shifted year-on-year (magnitude 100%). Before/after - 2023: 262 works at a median of Rs 249,853 -> 2024: 108 works at a median of Rs 499,448. A change point is a lead, not a finding: a new officer or a revised guideline produces one too.; Statistical outlier: A trained anomaly detector (IsolationForest) flags this work's amount-and-age profile as unusual against the national portfolio.","A human should verify the scope and estimate for this work against its peers via the Implementing Agency.","Review the lifecycle history and sanction record | Compare scope and estimate with peer works | Verify supporting documents and field evidence","MEDIUM","MEDIUM - open 3.9x longer than the typical completed work of this type in Gujarat (251 days).","Stalled beyond peer norm (STATISTICAL_OUTLIER); Amount outlier vs peers (STATISTICAL_OUTLIER)","District Monitoring","2026-06-09","New","","TRUE"
"MP3019225-W229420","works recommended in letter no 219 for kon block","Uttar Pradesh","MIRZAPUR","MIRZAPUR(DISTRICT MAGISTRATE MIRZAPUR_IDA)","Smt Anupriya Patel","7149900.00","1985069.00","6983909.00","0.8796","HIGH","3","Installation cctv - cctv cameras - cctv camera","2025-08-26","Open","Peer amount: Recommended amount at the 99th percentile of 13232 comparable works (robust z 71.8).; Behavioural change: Implementing agency's recommendation pattern shifted year-on-year (magnitude 100%). Before/after - 2024: 90 works at a median of Rs 500,000 -> 2025: 23 works at a median of Rs 3,754,000. A change point is a lead, not a finding: a new officer or a revised guideline produces one too.; Statistical outlier: A trained anomaly detector (IsolationForest) flags this work's amount-and-age profile as unusual against the national portfolio.","A human should verify the scope and estimate for this work against its peers via the Implementing Agency.","Review the lifecycle history and sanction record | Compare scope and estimate with peer works | Verify supporting documents and field evidence","LOW","No stalling indicators; the work is progressing within normal ranges.","Amount outlier vs peers (STATISTICAL_OUTLIER)","District Monitoring","2026-06-09","New","","TRUE"
"MP3018948-W25973","Construction of Low Level Culvert across Penna River on the road from Tarimela to Chitturu of Singanamala Mandal","Andhra Pradesh","ANANTAPUR","Ananthapuramu(DISTRICT COLLECTOR ANANTAPUR_IDA)","Talari Rangaiah","9500000.00","1970826.00","6955310.00","0.8823","HIGH","3","Construction culvert - construction drain - road","2023-09-25","Open","Peer amount: Recommended amount at the 100th percentile of 112 comparable works (robust z 30.4).; Peer duration: Open for longer than 93% of comparable works still in progress.; Statistical outlier: A trained anomaly detector (IsolationForest) flags this work's amount-and-age profile as unusual against the national portfolio.","A human should verify the scope and estimate for this work against its peers via the Implementing Agency.","Review the lifecycle history and sanction record | Compare scope and estimate with peer works | Verify supporting documents and field evidence","LOW","LOW - open 1.3x longer than the typical completed work of this type in Andhra Pradesh (746 days).","Amount outlier vs peers (STATISTICAL_OUTLIER)","District Monitoring","2026-06-09","New","","TRUE"
"MP3017338-W227627","Construction of rooms and facilities for hospitals, FWC , PHC Centers and ANM centers.","Uttar Pradesh","Sitting Rajya Sabha","Siddharthnagar(DISTRICT MAGISTRATE SIDDHARTH NAGAR_IDA)","Shri Brij Lal","6950000.00","1974510.00","6946759.00","0.8796","HIGH","3","Class room - construction class - school","2025-08-19","Open","Peer amount: Recommended amount at the 95th percentile of 317 comparable works (robust z 17.8).; Behavioural change: Implementing agency's recommendation pattern shifted year-on-year (magnitude 100%). Before/after - 2023: 192 works at a median of Rs 50,000 -> 2024: 21 works at a median of Rs 780,000. A change point is a lead, not a finding: a new officer or a revised guideline produces one too.; Statistical outlier: A trained anomaly detector (IsolationForest) flags this work's amount-and-age profile as unusual against the national portfolio.","A human should verify the scope and estimate for this work against its peers via the Implementing Agency.","Compare scope and estimate with peer works | Verify supporting documents and field evidence","LOW","No stalling indicators; the work is progressing within normal ranges.","","District Monitoring","2026-06-09","New","","TRUE"
"MP3020002-W163773","Development of Fantasy Kingdom at Park near LSR College, Central Zone by Recycled Glass Waste under Waste of Art under MPLADS funds sharing fund with MCD","Delhi","NEW DELHI","South East(COMMISSIONER MCD SOUTH EAST_IDA)","Meenakshi Lekhi (17th Lok Sabha)","25000000.00","1997888.00","6817650.00","0.8531","HIGH","3","Repair renovation - repairing - ahar","2023-07-31","Open","Peer amount: Recommended amount at the 100th percentile of 163 comparable works (robust z 33.2).; Behavioural change: Implementing agency's recommendation pattern shifted year-on-year (magnitude 78%). Before/after - 2023: 12 works at a median of Rs 428,098 -> 2025: 10 works at a median of Rs 762,192. A change point is a lead, not a finding: a new officer or a revised guideline produces one too.; Statistical outlier: A trained anomaly detector (IsolationForest) flags this work's amount-and-age profile as unusual against the national portfolio.","A human should verify the scope and estimate for this work against its peers via the Implementing Agency.","Review the lifecycle history and sanction record | Compare scope and estimate with peer works | Verify supporting documents and field evidence","LOW","LOW - open 2.5x longer than the typical completed work of this type in Delhi (412 days).","Amount outlier vs peers (STATISTICAL_OUTLIER)","District Monitoring","2026-06-09","New","","TRUE"
"MP3042816-W161482","1 way solar light 286 pc according to the list attach","Uttar Pradesh","MOHANLALGANJ(SC)","LUCKNOW(DISTRICT MAGISTRAE LUCKNOW_IDA)","R.K. CHAUDHARY","5714566.00","1970262.00","6803137.00","0.8632","HIGH","3","Solar light - installation solar - light request","2024-12-28","Open","Peer amount: Recommended amount at the 99th percentile of 13232 comparable works (robust z 57.1).; Behavioural change: Implementing agency's recommendation pattern shifted year-on-year (magnitude 86%). Before/after - 2024: 177 works at a median of Rs 627,534 -> 2025: 125 works at a median of Rs 1,170,000. A change point is a lead, not a finding: a new officer or a revised guideline produces one too.; Statistical outlier: A trained anomaly detector (IsolationForest) flags this work's amount-and-age profile as unusual against the national portfolio.","A human should verify the scope and estimate for this work against its peers via the Implementing Agency.","Review the lifecycle history and sanction record | Compare scope and estimate with peer works | Verify supporting documents and field evidence","LOW","No stalling indicators; the work is progressing within normal ranges.","Amount outlier vs peers (STATISTICAL_OUTLIER)","District Monitoring","2026-06-09","New","","TRUE"
"MP3018400-W519","Supply & Installation of Stainless Steel Water Tank- G304 with MS Stand Fitting & Erection","Tripura","TRIPURA EAST(ST)","Dhalai(DISTRICT MAGISTRATE DHALAI_IDA)","Rebati Tripura","10500000.00","1876409.00","6680971.00","0.8901","HIGH","3","Water tank - installation water - submersible pump","2023-06-01","Open","Peer amount: Recommended amount at the 100th percentile of 818 comparable works (robust z 45.4).; Peer duration: Open for longer than 99% of comparable works still in progress.; Statistical outlier: A trained anomaly detector (IsolationForest) flags this work's amount-and-age profile as unusual against the national portfolio.","A human should verify the scope and estimate for this work against its peers via the Implementing Agency.","Review the lifecycle history and sanction record | Compare scope and estimate with peer works | Verify supporting documents and field evidence","MEDIUM","MEDIUM - open 2.6x longer than the typical completed work of this type in Tripura (412 days).","Amount outlier vs peers (STATISTICAL_OUTLIER)","District Monitoring","2026-06-09","New","","TRUE"
"MP3019235-W189521","Supply and Installation of 17 nos 12 mtr. Electric high mast light at different places within Pandaveswar P.S. under Paschim Bardhaman District (Each Light cost Rs. 4.82 Lac)","West Bengal","ASANSOL","PASCHIM BARDHAMAN(DISTRICT MAGISTRATE PASCHIM BARDHAMAN_IDA)","Shatrughan Sinha","8194000.00","1939729.00","6680789.00","0.8610","HIGH","3","High mast - mast light - LED","2025-04-07","Open","Peer amount: Recommended amount at the 100th percentile of 2819 comparable works (robust z 39.4).; Behavioural change: Implementing agency's recommendation pattern shifted year-on-year (magnitude 85%). Before/after - 2024: 60 works at a median of Rs 420,000 -> 2025: 44 works at a median of Rs 775,461. A change point is a lead, not a finding: a new officer or a revised guideline produces one too.; Statistical outlier: A trained anomaly detector (IsolationForest) flags this work's amount-and-age profile as unusual against the national portfolio.","A human should verify the scope and estimate for this work against its peers via the Implementing Agency.","Review the lifecycle history and sanction record | Compare scope and estimate with peer works | Verify supporting documents and field evidence","LOW","No stalling indicators; the work is progressing within normal ranges.","Amount outlier vs peers (STATISTICAL_OUTLIER)","District Monitoring","2026-06-09","New","","TRUE"
"MP3043718-W262885","Development works of Madhav Vatika Udyan and others","Madhya Pradesh","GUNA","GUNA(District Collector Guna_IDA)","JYOTIRADITYA M. SCINDIA","27400000.00","2001989.00","6667570.00","0.8326","HIGH","3","Taluk balance - commuinity - executive agency","2026-01-29","Open","Peer amount: Recommended amount at the 100th percentile of 2348 comparable works (robust z 179.1).; Behavioural change: Implementing agency's recommendation pattern shifted year-on-year (magnitude 61%). Before/after - 2024: 60 works at a median of Rs 310,500 -> 2025: 36 works at a median of Rs 500,000. A change point is a lead, not a finding: a new officer or a revised guideline produces one too.; Statistical outlier: A trained anomaly detector (IsolationForest) flags this work's amount-and-age profile as unusual against the national portfolio.","A human should verify the scope and estimate for this work against its peers via the Implementing Agency.","Review the lifecycle history and sanction record | Compare scope and estimate with peer works | Verify supporting documents and field evidence","LOW","No stalling indicators; the work is progressing within normal ranges.","Amount outlier vs peers (STATISTICAL_OUTLIER)","District Monitoring","2026-06-09","New","","TRUE"
"MP3042330-W180157","Navrangpura, Paldi, Vasana ward ma Water Harvesting nu Work","Gujarat","AHMEDABAD WEST(SC)","AHMADABAD(DISTRICT COLLECTOR AHMADABAD_IDA)","DINESHBHAI MAKWANA","4999918.00","1401038.00","6619984.00","0.9450","HIGH","4","Drinking water - producers cooperative - milk producers","2025-03-07","Open","Peer amount: Recommended amount at the 100th percentile of 252 comparable works (robust z 49.1).; Peer duration: Open for longer than 99% of comparable works still in progress.; Behavioural change: Implementing agency's recommendation pattern shifted year-on-year (magnitude 100%). Before/after - 2023: 262 works at a median of Rs 249,853 -> 2024: 108 works at a median of Rs 499,448. A change point is a lead, not a finding: a new officer or a revised guideline produces one too.; Statistical outlier: A trained anomaly detector (IsolationForest) flags this work's amount-and-age profile as unusual against the national portfolio.","A human should verify the scope and estimate for this work against its peers via the Implementing Agency.","Review the lifecycle history and sanction record | Compare scope and estimate with peer works | Verify supporting documents and field evidence","MEDIUM","MEDIUM - open 3.0x longer than the typical completed work of this type in Gujarat (150 days).","Amount outlier vs peers (STATISTICAL_OUTLIER)","District Monitoring","2026-06-09","New","","TRUE"
"MP3017212-W224963","Purchase of ND YAG Laser Machine and Non-Contact Tonometer(NCT) Machine","Gujarat","Sitting Rajya Sabha","AHMADABAD(DISTRICT COLLECTOR AHMADABAD_IDA)","Shri Narhari Amin","7000000.00","1916459.00","6603471.00","0.8614","HIGH","3","Installation cctv - cctv cameras - cctv camera","2025-08-04","Open","Peer amount: Recommended amount at the 91th percentile of 45 comparable works (robust z 4.2).; Behavioural change: Implementing agency's recommendation pattern shifted year-on-year (magnitude 100%). Before/after - 2023: 262 works at a median of Rs 249,853 -> 2024: 108 works at a median of Rs 499,448. A change point is a lead, not a finding: a new officer or a revised guideline produces one too.; Statistical outlier: A trained anomaly detector (IsolationForest) flags this work's amount-and-age profile as unusual against the national portfolio.","A human should verify the scope and estimate for this work against its peers via the Implementing Agency.","Compare scope and estimate with peer works | Verify supporting documents and field evidence","LOW","No stalling indicators; the work is progressing within normal ranges.","","District Monitoring","2026-06-09","New","","TRUE"
"MP3019436-W18927","Installation of free Wi-Fi in 47 locatrions. (Agatti-Western side Jetty, Amini-Western side Jetty, Androth-Western side Jetty, Androth-Arts & Science Collage, Chetlet-Western side Jetty, Kadamath-Western side Jetty, Kadamath-Arts & Science Collage, Kalpeni-Eastern side Jetty, Kavaratti-Western side","Lakshadweep","LAKSHADWEEP(ST)","LAKSHADWEEP DISTRICT(COLLECTOR CUM DEV COMMISSIONER LAKSHADWEEP_IDA)","Faizal PP Mohammed(17th Lok Sabha)","7999986.00","1394944.00","6589238.00","0.9447","HIGH","4","Installation cctv - cctv cameras - cctv camera","2023-09-12","Open","Peer amount: Recommended amount at the 100th percentile of 1039 comparable works (robust z 8.9).; Peer duration: Open for longer than 98% of comparable works still in progress.; Behavioural change: Implementing agency's recommendation pattern shifted year-on-year (magnitude 100%). Before/after - 2023: 36 works at a median of Rs 927,890 -> 2024: 5 works at a median of Rs 2,511,808. A change point is a lead, not a finding: a new officer or a revised guideline produces one too.; Statistical outlier: A trained anomaly detector (IsolationForest) flags this work's amount-and-age profile as unusual against the national portfolio.","A human should verify the scope and estimate for this work against its peers via the Implementing Agency.","Review the lifecycle history and sanction record | Compare scope and estimate with peer works | Verify supporting documents and field evidence","MEDIUM","MEDIUM - open 4.5x longer than the typical completed work of this type in Lakshadweep (217 days).","Amount outlier vs peers (STATISTICAL_OUTLIER)","District Monitoring","2026-06-09","New","","TRUE"
"MP3020006-W213910","Lighting arrangement at Kalka Das Marg Mehrauli, Jahaj Mahal Park and various places in ward no 155 Mehrauli","Delhi","Sitting Rajya Sabha","SOUTH(COMMISSIONER SOUTH)","Shri Narain Dass Gupta","8911351.00","1868149.00","6572558.00","0.8796","HIGH","3","Highmast light - installation highmast - mask light","2025-07-01","Open","Peer amount: Recommended amount at the 99th percentile of 141 comparable works (robust z 10.6).; Behavioural change: Implementing agency's recommendation pattern shifted year-on-year (magnitude 100%). Before/after - 2022: 6 works at a median of Rs 685,196 -> 2023: 9 works at a median of Rs 2,374,734. A change point is a lead, not a finding: a new officer or a revised guideline produces one too.; Statistical outlier: A trained anomaly detector (IsolationForest) flags this work's amount-and-age profile as unusual against the national portfolio.","A human should verify the scope and estimate for this work against its peers via the Implementing Agency.","Review the lifecycle history and sanction record | Compare scope and estimate with peer works | Verify supporting documents and field evidence","LOW","No stalling indicators; the work is progressing within normal ranges.","Amount outlier vs peers (STATISTICAL_OUTLIER)","District Monitoring","2026-06-09","New","","TRUE"
"MP3023812-W150711","Construction of Paver Block road with GSB subgrade from Natabar Dham Choupathi to near house of Sri Nandura Barman under Gosanimari-II G.P within Dinhata-I block of District Cooch Behar.","West Bengal","Sitting Rajya Sabha","Cooch Behar(DISTRICT MAGISTRATE COOCHBEHAR_IDA)","Shri Nagendra Ray","8617886.00","1937054.00","6539118.00","0.8440","HIGH","3","Construction paver - paving - village","2024-11-04","Open","Peer amount: Recommended amount at the 100th percentile of 1971 comparable works (robust z 39.1).; Behavioural change: Implementing agency's recommendation pattern shifted year-on-year (magnitude 70%). Before/after - 2025: 108 works at a median of Rs 586,716 -> 2026: 7 works at a median of Rs 1,000,000. A change point is a lead, not a finding: a new officer or a revised guideline produces one too.; Statistical outlier: A trained anomaly detector (IsolationForest) flags this work's amount-and-age profile as unusual against the national portfolio.","A human should verify the scope and estimate for this work against its peers via the Implementing Agency.","Review the lifecycle history and sanction record | Compare scope and estimate with peer works | Verify supporting documents and field evidence","MEDIUM","MEDIUM - open 2.3x longer than the typical completed work of this type in West Bengal (250 days).","Amount outlier vs peers (STATISTICAL_OUTLIER)","District Monitoring","2026-06-09","New","","TRUE"
"MP3044716-W259001","49 units of solar high mast lights","Uttar Pradesh","BHADOHI","PRAYAGRAJ(DISTRICT MAGISTRAE ALLAHABAD_IDA)","VINOD KUMAR BIND","5026700.00","1857568.00","6535334.00","0.8796","HIGH","3","High mast - mast light - LED","2026-01-13","Open","Peer amount: Recommended amount at the 99th percentile of 13232 comparable works (robust z 50.0).; Behavioural change: Implementing agency's recommendation pattern shifted year-on-year (magnitude 100%). Before/after - 2023: 878 works at a median of Rs 21,109 -> 2024: 557 works at a median of Rs 177,842. A change point is a lead, not a finding: a new officer or a revised guideline produces one too.; Statistical outlier: A trained anomaly detector (IsolationForest) flags this work's amount-and-age profile as unusual against the national portfolio.","A human should verify the scope and estimate for this work against its peers via the Implementing Agency.","Review the lifecycle history and sanction record | Compare scope and estimate with peer works | Verify supporting documents and field evidence","LOW","No stalling indicators; the work is progressing within normal ranges.","Amount outlier vs peers (STATISTICAL_OUTLIER)","District Monitoring","2026-06-09","New","","TRUE"
"MP3023700-W207251","Please, after examination, it is expected that you will get the above purchase work done from my MP fund in public interest under the maximum limit of Rs. 67 lakh 78 thousand 953 as per rules.Before approval, ensure compliance of MP fund guidelines issued in this regard. Make sure to examine the veh","Uttar Pradesh","Sitting Rajya Sabha","LUCKNOW(DISTRICT MAGISTRAE LUCKNOW_IDA)","Dr. Dinesh Sharma","6778953.00","1882124.00","6490193.00","0.8621","HIGH","3","Installation cctv - cctv cameras - cctv camera","2025-06-07","Open","Peer amount: Recommended amount at the 97th percentile of 252 comparable works (robust z 6.8).; Behavioural change: Implementing agency's recommendation pattern shifted year-on-year (magnitude 86%). Before/after - 2024: 177 works at a median of Rs 627,534 -> 2025: 125 works at a median of Rs 1,170,000. A change point is a lead, not a finding: a new officer or a revised guideline produces one too.; Statistical outlier: A trained anomaly detector (IsolationForest) flags this work's amount-and-age profile as unusual against the national portfolio.","A human should verify the scope and estimate for this work against its peers via the Implementing Agency.","Compare scope and estimate with peer works | Verify supporting documents and field evidence","LOW","No stalling indicators; the work is progressing within normal ranges.","","District Monitoring","2026-06-09","New","","TRUE"
"MP3020003-W163382","Provision of street lights and Semi High Mast Lights in various wards of central zone under South Delhi Parliamentary Constituency.","Delhi","SOUTH DELHI","SOUTH(COMMISSIONER SOUTH)","Ramesh Bidhuri (17th Lok Sabha)","11263127.00","1838648.00","6468766.00","0.8796","HIGH","3","Solar street - street light - installation solar","2023-10-07","Open","Peer amount: Recommended amount at the 100th percentile of 141 comparable works (robust z 13.6).; Behavioural change: Implementing agency's recommendation pattern shifted year-on-year (magnitude 100%). Before/after - 2022: 6 works at a median of Rs 685,196 -> 2023: 9 works at a median of Rs 2,374,734. A change point is a lead, not a finding: a new officer or a revised guideline produces one too.; Statistical outlier: A trained anomaly detector (IsolationForest) flags this work's amount-and-age profile as unusual against the national portfolio.","A human should verify the scope and estimate for this work against its peers via the Implementing Agency.","Review the lifecycle history and sanction record | Compare scope and estimate with peer works | Verify supporting documents and field evidence","LOW","LOW - open 1.4x longer than the typical completed work of this type in Delhi (699 days).","Amount outlier vs peers (STATISTICAL_OUTLIER)","District Monitoring","2026-06-09","New","","TRUE"
"MP3019302-W122569","Construction of building for Buds School at Tanur Municipality","Kerala","PONNANI","MALAPPURAM(DISTRICT COLLECTOR MALAPPURAM_IDA)","E T Mohammed Basheer(17th Lok Sabha)","7800000.00","1862753.00","6447996.00","0.8654","HIGH","3","Classroom - high school - primary school","2024-03-07","Open","Peer amount: Recommended amount at the 92th percentile of 64 comparable works (robust z 4.4).; Peer duration: Open for longer than 91% of comparable works still in progress.; Statistical outlier: A trained anomaly detector (IsolationForest) flags this work's amount-and-age profile as unusual against the national portfolio.","A human should verify the scope and estimate for this work against its peers via the Implementing Agency.","Compare scope and estimate with peer works | Verify supporting documents and field evidence","LOW","LOW - open 1.5x longer than the typical completed work of this type in Kerala (532 days).","","District Monitoring","2026-06-09","New","","TRUE"
"MP3018400-W515","Supply & Installation of Swing & Slide","Tripura","TRIPURA EAST(ST)","Dhalai(DISTRICT MAGISTRATE DHALAI_IDA)","Rebati Tripura","7500000.00","1340502.00","6446297.00","0.9618","HIGH","4","Sitting bench - rcc benches - RCC","2023-06-01","Open","Peer amount: Recommended amount at the 100th percentile of 308 comparable works (robust z 26.4).; Peer duration: Open for longer than 99% of comparable works still in progress.; Statistical outlier: A trained anomaly detector (IsolationForest) flags this work's amount-and-age profile as unusual against the national portfolio.; Near-duplicate work: A work in the same state and archetype is 100.0% semantically similar (MP3018400-W516). Repeated descriptions are common in this scheme, so a human should confirm these are genuinely separate works.","A human should verify the scope and estimate for this work against its peers via the Implementing Agency.","Check duplicate possibility against the matched work | Review the lifecycle history and sanction record | Compare scope and estimate with peer works | Verify supporting documents and field evidence","MEDIUM","MEDIUM - open 2.6x longer than the typical completed work of this type in Tripura (412 days).","Stalled beyond peer norm (STATISTICAL_OUTLIER); Amount outlier vs peers (STATISTICAL_OUTLIER)","District Monitoring","2026-06-09","New","","TRUE"
"MP3018400-W516","Supply & Installation of Swing & Slide","Tripura","TRIPURA EAST(ST)","Dhalai(DISTRICT MAGISTRATE DHALAI_IDA)","Rebati Tripura","7500000.00","1340502.00","6446297.00","0.9618","HIGH","4","Sitting bench - rcc benches - RCC","2023-06-01","Open","Peer amount: Recommended amount at the 100th percentile of 308 comparable works (robust z 26.4).; Peer duration: Open for longer than 99% of comparable works still in progress.; Statistical outlier: A trained anomaly detector (IsolationForest) flags this work's amount-and-age profile as unusual against the national portfolio.; Near-duplicate work: A work in the same state and archetype is 100.0% semantically similar (MP3018400-W515). Repeated descriptions are common in this scheme, so a human should confirm these are genuinely separate works.","A human should verify the scope and estimate for this work against its peers via the Implementing Agency.","Check duplicate possibility against the matched work | Review the lifecycle history and sanction record | Compare scope and estimate with peer works | Verify supporting documents and field evidence","MEDIUM","MEDIUM - open 2.6x longer than the typical completed work of this type in Tripura (412 days).","Stalled beyond peer norm (STATISTICAL_OUTLIER); Amount outlier vs peers (STATISTICAL_OUTLIER)","District Monitoring","2026-06-09","New","","TRUE"
"MP3023700-W105224","??????? ???????-2 ??????? ???????-2 ???? ???????-2 ???? ???????-2 ???? ???????-2 ???? ???????-3 Chaowk ????? ?????? ?????","Uttar Pradesh","Sitting Rajya Sabha","LUCKNOW(DISTRICT MAGISTRAE LUCKNOW_IDA)","Dr. Dinesh Sharma","6532000.00","1855805.00","6407928.00","0.8632","HIGH","3","Pccd - sc - adhisthapan karya","2024-02-14","Open","Peer amount: Recommended amount at the 100th percentile of 7203 comparable works (robust z 11.9).; Behavioural change: Implementing agency's recommendation pattern shifted year-on-year (magnitude 86%). Before/after - 2024: 177 works at a median of Rs 627,534 -> 2025: 125 works at a median of Rs 1,170,000. A change point is a lead, not a finding: a new officer or a revised guideline produces one too.; Statistical outlier: A trained anomaly detector (IsolationForest) flags this work's amount-and-age profile as unusual against the national portfolio.","A human should verify the scope and estimate for this work against its peers via the Implementing Agency.","Review the lifecycle history and sanction record | Compare scope and estimate with peer works | Verify supporting documents and field evidence","MEDIUM","MEDIUM - open 2.7x longer than the typical completed work of this type in Uttar Pradesh (307 days).","Amount outlier vs peers (STATISTICAL_OUTLIER)","District Monitoring","2026-06-09","New","","TRUE"
"MP3019201-W136736","31 ?? 06 ?? 170-200 ??? ???????? ???? ?? ????????? ?????","Uttar Pradesh","HARDOI (SC)","HARDOI(DISTRICT MAGISTRATE HARDOI_IDA)","Jai Prakash","6520794.00","1810479.00","6369663.00","0.8796","HIGH","3","Installation cctv - cctv cameras - cctv camera","2024-08-22","Open","Peer amount: Recommended amount at the 99th percentile of 13232 comparable works (robust z 65.4).; Behavioural change: Implementing agency's recommendation pattern shifted year-on-year (magnitude 100%). Before/after - 2023: 15 works at a median of Rs 600,000 -> 2024: 31 works at a median of Rs 1,215,970. A change point is a lead, not a finding: a new officer or a revised guideline produces one too.; Statistical outlier: A trained anomaly detector (IsolationForest) flags this work's amount-and-age profile as unusual against the national portfolio.","A human should verify the scope and estimate for this work against its peers via the Implementing Agency.","Review the lifecycle history and sanction record | Compare scope and estimate with peer works | Verify supporting documents and field evidence","LOW","LOW - open 1.5x longer than the typical completed work of this type in Uttar Pradesh (439 days).","Amount outlier vs peers (STATISTICAL_OUTLIER)","District Monitoring","2026-06-09","New","","TRUE"
"MP3042816-W166818","65 Lights 4 way light according to the list attach","Uttar Pradesh","MOHANLALGANJ(SC)","LUCKNOW(DISTRICT MAGISTRAE LUCKNOW_IDA)","R.K. CHAUDHARY","7019025.00","1832533.00","6327570.00","0.8632","HIGH","3","Solar street - street light - installation solar","2025-02-15","Open","Peer amount: Recommended amount at the 99th percentile of 13232 comparable works (robust z 70.5).; Behavioural change: Implementing agency's recommendation pattern shifted year-on-year (magnitude 86%). Before/after - 2024: 177 works at a median of Rs 627,534 -> 2025: 125 works at a median of Rs 1,170,000. A change point is a lead, not a finding: a new officer or a revised guideline produces one too.; Statistical outlier: A trained anomaly detector (IsolationForest) flags this work's amount-and-age profile as unusual against the national portfolio.","A human should verify the scope and estimate for this work against its peers via the Implementing Agency.","Review the lifecycle history and sanction record | Compare scope and estimate with peer works | Verify supporting documents and field evidence","LOW","No stalling indicators; the work is progressing within normal ranges.","Amount outlier vs peers (STATISTICAL_OUTLIER)","District Monitoring","2026-06-09","New","","TRUE"
"MP3044251-W229508","installing 12 borewells within ukhrul district","Manipur","OUTER MANIPUR(ST)","UKHRUL(Deputy Commissioner Ukhrul_ida)","ALFRED KANNGAM S ARTHUR","10000000.00","1787097.00","6287398.00","0.8796","HIGH","3","Drilling bore - borewell - source","2025-08-27","Open","Peer amount: Recommended amount at the 100th percentile of 4872 comparable works (robust z 65.8).; Behavioural change: Implementing agency's recommendation pattern shifted year-on-year (magnitude 100%). Before/after - 2024: 12 works at a median of Rs 600,000 -> 2025: 9 works at a median of Rs 3,500,000. A change point is a lead, not a finding: a new officer or a revised guideline produces one too.; Statistical outlier: A trained anomaly detector (IsolationForest) flags this work's amount-and-age profile as unusual against the national portfolio.","A human should verify the scope and estimate for this work against its peers via the Implementing Agency.","Review the lifecycle history and sanction record | Compare scope and estimate with peer works | Verify supporting documents and field evidence","LOW","No stalling indicators; the work is progressing within normal ranges.","Amount outlier vs peers (STATISTICAL_OUTLIER)","District Monitoring","2026-06-09","New","","TRUE"
"MP3023812-W179982","Construction of Paver Block road with GSB subgrade from Torsha band near house of Anjali Sarkar to Masan Path under Madhupur G.P. within Cooch Behar-II block of District Cooch Behar.","West Bengal","Sitting Rajya Sabha","Cooch Behar(DISTRICT MAGISTRATE COOCHBEHAR_IDA)","Shri Nagendra Ray","8245381.00","1853362.00","6256592.00","0.8440","HIGH","3","Construction paver - paving - village","2025-03-07","Open","Peer amount: Recommended amount at the 100th percentile of 1971 comparable works (robust z 37.3).; Behavioural change: Implementing agency's recommendation pattern shifted year-on-year (magnitude 70%). Before/after - 2025: 108 works at a median of Rs 586,716 -> 2026: 7 works at a median of Rs 1,000,000. A change point is a lead, not a finding: a new officer or a revised guideline produces one too.; Statistical outlier: A trained anomaly detector (IsolationForest) flags this work's amount-and-age profile as unusual against the national portfolio.","A human should verify the scope and estimate for this work against its peers via the Implementing Agency.","Review the lifecycle history and sanction record | Compare scope and estimate with peer works | Verify supporting documents and field evidence","LOW","LOW - open 1.8x longer than the typical completed work of this type in West Bengal (250 days).","Amount outlier vs peers (STATISTICAL_OUTLIER)","District Monitoring","2026-06-09","New","","TRUE"
"MP3019300-W54816","Const of Swimming pool With Balancing Tank & Toilet ,GYM building ,Landscapping with Fountain Wihin the swimming pool area at old postoffice moidan at ward no-11 under jiaganj azimganj municipality","West Bengal","MURSHIDABAD","MURSHIDABAD(DISTRICT MAGISTRATE MURSHIDABAD_IDA)","Abu Taher Khan(17th Lok Sabha)","10000000.00","1777642.00","6254136.00","0.8796","HIGH","3","Water tank - installation water - submersible pump","2023-11-30","Open","Peer amount: Recommended amount at the 100th percentile of 124 comparable works (robust z 25.6).; Behavioural change: Implementing agency's recommendation pattern shifted year-on-year (magnitude 100%). Before/after - 2025: 409 works at a median of Rs 166,376 -> 2026: 48 works at a median of Rs 842,500. A change point is a lead, not a finding: a new officer or a revised guideline produces one too.; Statistical outlier: A trained anomaly detector (IsolationForest) flags this work's amount-and-age profile as unusual against the national portfolio.","A human should verify the scope and estimate for this work against its peers via the Implementing Agency.","Review the lifecycle history and sanction record | Compare scope and estimate with peer works | Verify supporting documents and field evidence","LOW","No stalling indicators; the work is progressing within normal ranges.","Amount outlier vs peers (STATISTICAL_OUTLIER)","District Monitoring","2026-06-09","New","","TRUE"
"MP3042544-W220280","Construction of RCC bridge over river Masna at Sankar Ghat under Dogachi Napara in Samserganj Block,Dist.Murshidabad","West Bengal","MALDAHA DAKSHIN","MURSHIDABAD(DISTRICT MAGISTRATE MURSHIDABAD_IDA)","ISHA KHAN CHOUDHURY","10000000.00","1777642.00","6254136.00","0.8796","HIGH","3","Construction culvert - construction drain - road","2025-07-19","Open","Peer amount: Recommended amount at the 100th percentile of 77 comparable works (robust z 22.1).; Behavioural change: Implementing agency's recommendation pattern shifted year-on-year (magnitude 100%). Before/after - 2025: 409 works at a median of Rs 166,376 -> 2026: 48 works at a median of Rs 842,500. A change point is a lead, not a finding: a new officer or a revised guideline produces one too.; Statistical outlier: A trained anomaly detector (IsolationForest) flags this work's amount-and-age profile as unusual against the national portfolio.","A human should verify the scope and estimate for this work against its peers via the Implementing Agency.","Review the lifecycle history and sanction record | Compare scope and estimate with peer works | Verify supporting documents and field evidence","LOW","No stalling indicators; the work is progressing within normal ranges.","Amount outlier vs peers (STATISTICAL_OUTLIER)","District Monitoring","2026-06-09","New","","TRUE"
"MP3017338-W280061","Letter as per attached.","Uttar Pradesh","Sitting Rajya Sabha","Siddharthnagar(DISTRICT MAGISTRATE SIDDHARTH NAGAR_IDA)","Shri Brij Lal","13780000.00","1771527.00","6232622.00","0.8796","HIGH","3","Installation cctv - cctv cameras - cctv camera","2026-05-09","Open","Peer amount: Recommended amount at the 100th percentile of 4191 comparable works (robust z 105.5).; Behavioural change: Implementing agency's recommendation pattern shifted year-on-year (magnitude 100%). Before/after - 2023: 192 works at a median of Rs 50,000 -> 2024: 21 works at a median of Rs 780,000. A change point is a lead, not a finding: a new officer or a revised guideline produces one too.; Statistical outlier: A trained anomaly detector (IsolationForest) flags this work's amount-and-age profile as unusual against the national portfolio.","A human should verify the scope and estimate for this work against its peers via the Implementing Agency.","Review the lifecycle history and sanction record | Compare scope and estimate with peer works | Verify supporting documents and field evidence","LOW","No stalling indicators; the work is progressing within normal ranges.","Amount outlier vs peers (STATISTICAL_OUTLIER)","District Monitoring","2026-06-09","New","","TRUE"
"MP3017418-W172721","Construction of suspension bridge hanging bridge at Chokkanadu road near Highrange club Munnar","Kerala","IDUKKI","IDUKKI(DISTRICT COLLECTOR IDUKKI_IDA)","Adv Dean Kuriakose (17th Lok Sabha)","7300000.00","1752186.00","6232263.00","0.8892","HIGH","3","Construction road - construction ambulance - apex road","2023-10-11","Open","Peer amount: Recommended amount at the 100th percentile of 47 comparable works (robust z 6.0).; Peer duration: Open for longer than 100% of comparable works still in progress.; Statistical outlier: A trained anomaly detector (IsolationForest) flags this work's amount-and-age profile as unusual against the national portfolio.","A human should verify the scope and estimate for this work against its peers via the Implementing Agency.","Review the lifecycle history and sanction record | Compare scope and estimate with peer works | Verify supporting documents and field evidence","LOW","LOW - open 1.6x longer than the typical completed work of this type in Kerala (609 days).","Stalled beyond peer norm (STATISTICAL_OUTLIER); Amount outlier vs peers (STATISTICAL_OUTLIER)","District Monitoring","2026-06-09","New","","TRUE"
"MP3020002-W166018","Construction of Community Centre, Ward No. 62S, South Zone, Masjid Moth, New Delhi.","Delhi","NEW DELHI","SOUTH(COMMISSIONER SOUTH)","Meenakshi Lekhi (17th Lok Sabha)","16590640.00","1326118.00","6230541.00","0.9397","HIGH","4","Community centre - construction community - community center","2023-03-21","Open","Peer amount: Recommended amount at the 99th percentile of 163 comparable works (robust z 21.7).; Peer duration: Open for longer than 91% of comparable works still in progress.; Behavioural change: Implementing agency's recommendation pattern shifted year-on-year (magnitude 100%). Before/after - 2022: 6 works at a median of Rs 685,196 -> 2023: 9 works at a median of Rs 2,374,734. A change point is a lead, not a finding: a new officer or a revised guideline produces one too.; Statistical outlier: A trained anomaly detector (IsolationForest) flags this work's amount-and-age profile as unusual against the national portfolio.","A human should verify the scope and estimate for this work against its peers via the Implementing Agency.","Review the lifecycle history and sanction record | Compare scope and estimate with peer works | Verify supporting documents and field evidence","MEDIUM","MEDIUM - open 2.8x longer than the typical completed work of this type in Delhi (412 days).","Amount outlier vs peers (STATISTICAL_OUTLIER)","District Monitoring","2026-06-09","New","","TRUE"
"MP3018948-W25972","Construction of Low level Culvert across Penna river on the road from Chitturu to Tarimela of Peddavadugur Mandal","Andhra Pradesh","ANANTAPUR","Ananthapuramu(DISTRICT COLLECTOR ANANTAPUR_IDA)","Talari Rangaiah","8500000.00","1763460.00","6223489.00","0.8823","HIGH","3","Construction culvert - construction drain - road","2023-09-25","Open","Peer amount: Recommended amount at the 99th percentile of 112 comparable works (robust z 27.0).; Peer duration: Open for longer than 93% of comparable works still in progress.; Statistical outlier: A trained anomaly detector (IsolationForest) flags this work's amount-and-age profile as unusual against the national portfolio.","A human should verify the scope and estimate for this work against its peers via the Implementing Agency.","Review the lifecycle history and sanction record | Compare scope and estimate with peer works | Verify supporting documents and field evidence","LOW","LOW - open 1.3x longer than the typical completed work of this type in Andhra Pradesh (746 days).","Amount outlier vs peers (STATISTICAL_OUTLIER)","District Monitoring","2026-06-09","New","","TRUE"
"MP3017338-W162126","Construction of public libraries and reading rooms.","Uttar Pradesh","Sitting Rajya Sabha","Siddharthnagar(DISTRICT MAGISTRATE SIDDHARTH NAGAR_IDA)","Shri Brij Lal","6219000.00","1766916.00","6216400.00","0.8796","HIGH","3","Books - construction library - public library","2024-12-28","Open","Peer amount: Recommended amount at the 97th percentile of 1038 comparable works (robust z 10.5).; Behavioural change: Implementing agency's recommendation pattern shifted year-on-year (magnitude 100%). Before/after - 2023: 192 works at a median of Rs 50,000 -> 2024: 21 works at a median of Rs 780,000. A change point is a lead, not a finding: a new officer or a revised guideline produces one too.; Statistical outlier: A trained anomaly detector (IsolationForest) flags this work's amount-and-age profile as unusual against the national portfolio.","A human should verify the scope and estimate for this work against its peers via the Implementing Agency.","Compare scope and estimate with peer works | Verify supporting documents and field evidence","LOW","No stalling indicators; the work is progressing within normal ranges.","","District Monitoring","2026-06-09","New","","TRUE"
"MP3017441-W115319","Establishment of Tourist/Entertainment Park including cultural residential huts, cultural displays, local cuisine stalls, museum and performance spaces & phtoshoot points, installation of solar lights and sitting benches.","Punjab","GURDASPUR","GURDASPUR(DEPUTY COMMISSIONER GURDASPUR_IDA)","Shri Sunny Deol (17th Lok Sabha)","5000000.00","1766402.00","6214589.00","0.8796","HIGH","3","Sitting bench - rcc benches - RCC","2024-02-26","Open","Peer amount: Recommended amount at the 100th percentile of 68 comparable works (robust z 31.7).; Behavioural change: Implementing agency's recommendation pattern shifted year-on-year (magnitude 100%). Before/after - 2023: 154 works at a median of Rs 167,450 -> 2024: 18 works at a median of Rs 424,227. A change point is a lead, not a finding: a new officer or a revised guideline produces one too.; Statistical outlier: A trained anomaly detector (IsolationForest) flags this work's amount-and-age profile as unusual against the national portfolio.","A human should verify the scope and estimate for this work against its peers via the Implementing Agency.","Review the lifecycle history and sanction record | Compare scope and estimate with peer works | Verify supporting documents and field evidence","MEDIUM","MEDIUM - open 1.9x longer than the typical completed work of this type in Punjab (423 days).","Amount outlier vs peers (STATISTICAL_OUTLIER)","District Monitoring","2026-06-09","New","","TRUE"
"MP3019258-W259152","Maintenance of Crematorium structures in Krishanpura, Jalandhar","Punjab","Sitting Rajya Sabha","JALANDHAR(DEPUTY COMMISSIONER JALANDHAR_IDA)","Dr. Ashok Kumar Mittal","4996091.00","1765021.00","6209732.00","0.8796","HIGH","3","Construction cremation - cremation ground - shed","2026-01-14","Open","Peer amount: Recommended amount at the 100th percentile of 403 comparable works (robust z 64.0).; Behavioural change: Implementing agency's recommendation pattern shifted year-on-year (magnitude 100%). Before/after - 2025: 242 works at a median of Rs 247,500 -> 2026: 26 works at a median of Rs 500,000. A change point is a lead, not a finding: a new officer or a revised guideline produces one too.; Statistical outlier: A trained anomaly detector (IsolationForest) flags this work's amount-and-age profile as unusual against the national portfolio.","A human should verify the scope and estimate for this work against its peers via the Implementing Agency.","Review the lifecycle history and sanction record | Compare scope and estimate with peer works | Verify supporting documents and field evidence","LOW","No stalling indicators; the work is progressing within normal ranges.","Amount outlier vs peers (STATISTICAL_OUTLIER)","District Monitoring","2026-06-09","New","","TRUE"
"MP3019258-W271531","Construction of structures of cremation ground (Shed for crematorium passage and Wood Storage, Sitting Hall and Boundary Wall) in Model Town, Jalandhar","Punjab","Sitting Rajya Sabha","JALANDHAR(DEPUTY COMMISSIONER JALANDHAR_IDA)","Dr. Ashok Kumar Mittal","4989000.00","1762517.00","6200923.00","0.8796","HIGH","3","Construction cremation - cremation ground - shed","2026-02-28","Open","Peer amount: Recommended amount at the 100th percentile of 403 comparable works (robust z 63.9).; Behavioural change: Implementing agency's recommendation pattern shifted year-on-year (magnitude 100%). Before/after - 2025: 242 works at a median of Rs 247,500 -> 2026: 26 works at a median of Rs 500,000. A change point is a lead, not a finding: a new officer or a revised guideline produces one too.; Statistical outlier: A trained anomaly detector (IsolationForest) flags this work's amount-and-age profile as unusual against the national portfolio.","A human should verify the scope and estimate for this work against its peers via the Implementing Agency.","Review the lifecycle history and sanction record | Compare scope and estimate with peer works | Verify supporting documents and field evidence","LOW","No stalling indicators; the work is progressing within normal ranges.","Amount outlier vs peers (STATISTICAL_OUTLIER)","District Monitoring","2026-06-09","New","","TRUE"
"MP3042521-W274634","05 Nag 20.00 Mit. Highmast Light","Uttar Pradesh","PHULPUR","PRAYAGRAJ(DISTRICT MAGISTRAE ALLAHABAD_IDA)","PRAVEEN PATEL","4755000.00","1757204.00","6182229.00","0.8796","HIGH","3","High mast - mast light - LED","2026-03-16","Open","Peer amount: Recommended amount at the 99th percentile of 13232 comparable works (robust z 47.2).; Behavioural change: Implementing agency's recommendation pattern shifted year-on-year (magnitude 100%). Before/after - 2023: 878 works at a median of Rs 21,109 -> 2024: 557 works at a median of Rs 177,842. A change point is a lead, not a finding: a new officer or a revised guideline produces one too.; Statistical outlier: A trained anomaly detector (IsolationForest) flags this work's amount-and-age profile as unusual against the national portfolio.","A human should verify the scope and estimate for this work against its peers via the Implementing Agency.","Review the lifecycle history and sanction record | Compare scope and estimate with peer works | Verify supporting documents and field evidence","LOW","No stalling indicators; the work is progressing within normal ranges.","Amount outlier vs peers (STATISTICAL_OUTLIER)","District Monitoring","2026-06-09","New","","TRUE"
"MP3050536-W208561","Construction of Multi Purpose Community Hall Survey Number 70 2B1 and extent of 1.95 cent in Kallur Gram Panchayat of Kallur Mandal, Kurnool District","Andhra Pradesh","Sitting Rajya Sabha","KURNOOL(DISTRICT COLLECTOR KURNOOL_IDA)","Shri Ryaga Krishnaiah","9000000.00","1756501.00","6179758.00","0.8796","HIGH","3","Community hall - construction community - hall village","2025-06-13","Open","Peer amount: Recommended amount at the 99th percentile of 568 comparable works (robust z 10.8).; Behavioural change: Implementing agency's recommendation pattern shifted year-on-year (magnitude 100%). Before/after - 2025: 157 works at a median of Rs 199,960 -> 2026: 17 works at a median of Rs 500,000. A change point is a lead, not a finding: a new officer or a revised guideline produces one too.; Statistical outlier: A trained anomaly detector (IsolationForest) flags this work's amount-and-age profile as unusual against the national portfolio.","A human should verify the scope and estimate for this work against its peers via the Implementing Agency.","Review the lifecycle history and sanction record | Compare scope and estimate with peer works | Verify supporting documents and field evidence","LOW","No stalling indicators; the work is progressing within normal ranges.","Amount outlier vs peers (STATISTICAL_OUTLIER)","District Monitoring","2026-06-09","New","","TRUE"
"MP3019258-W271529","Construction of structures of cremation ground in Harnam Daspura Chowk, Jalandhar","Punjab","Sitting Rajya Sabha","JALANDHAR(DEPUTY COMMISSIONER JALANDHAR_IDA)","Dr. Ashok Kumar Mittal","4957030.00","1751227.00","6161203.00","0.8796","HIGH","3","Construction cremation - cremation ground - shed","2026-02-28","Open","Peer amount: Recommended amount at the 99th percentile of 403 comparable works (robust z 63.5).; Behavioural change: Implementing agency's recommendation pattern shifted year-on-year (magnitude 100%). Before/after - 2025: 242 works at a median of Rs 247,500 -> 2026: 26 works at a median of Rs 500,000. A change point is a lead, not a finding: a new officer or a revised guideline produces one too.; Statistical outlier: A trained anomaly detector (IsolationForest) flags this work's amount-and-age profile as unusual against the national portfolio.","A human should verify the scope and estimate for this work against its peers via the Implementing Agency.","Review the lifecycle history and sanction record | Compare scope and estimate with peer works | Verify supporting documents and field evidence","LOW","No stalling indicators; the work is progressing within normal ranges.","Amount outlier vs peers (STATISTICAL_OUTLIER)","District Monitoring","2026-06-09","New","","TRUE"
"MP3017283-W250689","construction at cricket stadium ground in back side b.ed college ground jalandhar","Punjab","Sitting Rajya Sabha","JALANDHAR(DEPUTY COMMISSIONER JALANDHAR_IDA)","Shri Harbhajan Singh","4947457.00","1747847.00","6149309.00","0.8796","HIGH","3","Sitting bench - rcc benches - RCC","2025-11-26","Open","Peer amount: Recommended amount at the 98th percentile of 48 comparable works (robust z 15.0).; Behavioural change: Implementing agency's recommendation pattern shifted year-on-year (magnitude 100%). Before/after - 2025: 242 works at a median of Rs 247,500 -> 2026: 26 works at a median of Rs 500,000. A change point is a lead, not a finding: a new officer or a revised guideline produces one too.; Statistical outlier: A trained anomaly detector (IsolationForest) flags this work's amount-and-age profile as unusual against the national portfolio.","A human should verify the scope and estimate for this work against its peers via the Implementing Agency.","Compare scope and estimate with peer works | Verify supporting documents and field evidence","LOW","No stalling indicators; the work is progressing within normal ranges.","","District Monitoring","2026-06-09","New","","TRUE"
"MP3018356-W100714","Construction of Dining Block at Amnour Vishwa Prabha Community Centre, Amnour, Saran","Bihar","SARAN","SARAN(DISTRICT PLANNING OFFICE SARAN CHAPRA_IDA)","Rajiv Pratap Rudy","5000000.00","1742948.00","6132073.00","0.8796","HIGH","3","Building - sahebganj construction - temple","2024-02-08","Open","Peer amount: Recommended amount at the 99th percentile of 158 comparable works (robust z 11.9).; Behavioural change: Implementing agency's recommendation pattern shifted year-on-year (magnitude 100%). Before/after - 2023: 70 works at a median of Rs 1,044,788 -> 2024: 42 works at a median of Rs 2,394,173. A change point is a lead, not a finding: a new officer or a revised guideline produces one too.; Statistical outlier: A trained anomaly detector (IsolationForest) flags this work's amount-and-age profile as unusual against the national portfolio.","A human should verify the scope and estimate for this work against its peers via the Implementing Agency.","Compare scope and estimate with peer works | Verify supporting documents and field evidence","MEDIUM","MEDIUM - open 2.0x longer than the typical completed work of this type in Bihar (412 days).","","District Monitoring","2026-06-09","New","","TRUE"
"MP3044251-W275361","Installation of borewell handpump with submersible pump 10 numbers within Kamjong District","Manipur","OUTER MANIPUR(ST)","KAMJONG(Deputy Commissioner Kamjong MPLADS_ida)","ALFRED KANNGAM S ARTHUR","10000000.00","1787097.00","6130855.00","0.8577","HIGH","3","Hand pump - submersible pump - pumps","2026-03-22","Open","Peer amount: Recommended amount at the 100th percentile of 2729 comparable works (robust z 85.0).; Behavioural change: Implementing agency's recommendation pattern shifted year-on-year (magnitude 82%). Before/after - 2024: 6 works at a median of Rs 550,000 -> 2025: 6 works at a median of Rs 1,000,000. A change point is a lead, not a finding: a new officer or a revised guideline produces one too.; Statistical outlier: A trained anomaly detector (IsolationForest) flags this work's amount-and-age profile as unusual against the national portfolio.","A human should verify the scope and estimate for this work against its peers via the Implementing Agency.","Review the lifecycle history and sanction record | Compare scope and estimate with peer works | Verify supporting documents and field evidence","LOW","No stalling indicators; the work is progressing within normal ranges.","Amount outlier vs peers (STATISTICAL_OUTLIER)","District Monitoring","2026-06-09","New","","TRUE"
"MP3042517-W242608","MERE LOKSABHA KE ANTARGAT PINDRA VIDHANSABHA ME 285 NAG SOLAR STREET LIGHT KA ADHISHTHAPAN HONA HAI JISME EK NAG SOLAR LIGHT KI KEEMAT 22464 RUPAYE HAI AUR 285 SOLAR STREEET LIGHT KI KUL ANUMANIT LAGAT 6402240 RUPAYE HAI 285 LIGHT KI SUCHI SAMAST GRAMSABHAO AUR DEATAIL KE SATH SANLAGN HAI","Uttar Pradesh","MACHHLISHAHR(SC)","VARANASI(DISTRICT MAGISTRAE VARANASI_IDA)","PRIYA SAROJ","6126645.00","1740688.00","6124123.00","0.8796","HIGH","3","Nag solar - solar light - 01 nag","2025-10-16","Open","Peer amount: Recommended amount at the 100th percentile of 6132 comparable works (robust z 426.5).; Behavioural change: Implementing agency's recommendation pattern shifted year-on-year (magnitude 100%). Before/after - 2023: 574 works at a median of Rs 26,629 -> 2024: 204 works at a median of Rs 239,380. A change point is a lead, not a finding: a new officer or a revised guideline produces one too.; Statistical outlier: A trained anomaly detector (IsolationForest) flags this work's amount-and-age profile as unusual against the national portfolio.","A human should verify the scope and estimate for this work against its peers via the Implementing Agency.","Review the lifecycle history and sanction record | Compare scope and estimate with peer works | Verify supporting documents and field evidence","LOW","No stalling indicators; the work is progressing within normal ranges.","Amount outlier vs peers (STATISTICAL_OUTLIER)","District Monitoring","2026-06-09","New","","TRUE"
"MP3017491-W282368","Installation of Electric High Mast 46NOS under AGRO","West Bengal","GHATAL","Paschim Medinipur(DISTRICT MAGISTRATE PASCHIM MEDINIPUR_IDA)","Shri Deepak (Dev) Adhikari","16100000.00","1738903.00","6117841.00","0.8796","HIGH","3","High mast - mast light - LED","2026-05-20","Open","Peer amount: Recommended amount at the 100th percentile of 1975 comparable works (robust z 59.7).; Behavioural change: Implementing agency's recommendation pattern shifted year-on-year (magnitude 100%). Before/after - 2025: 230 works at a median of Rs 349,867 -> 2026: 36 works at a median of Rs 2,750,000. A change point is a lead, not a finding: a new officer or a revised guideline produces one too.; Statistical outlier: A trained anomaly detector (IsolationForest) flags this work's amount-and-age profile as unusual against the national portfolio.","A human should verify the scope and estimate for this work against its peers via the Implementing Agency.","Review the lifecycle history and sanction record | Compare scope and estimate with peer works | Verify supporting documents and field evidence","LOW","No stalling indicators; the work is progressing within normal ranges.","Amount outlier vs peers (STATISTICAL_OUTLIER)","District Monitoring","2026-06-09","New","","TRUE"
"MP3018409-W16692","Block Sidhpura ke gram nauri me Devendra singh ke khet se Ashok mathur ke khet tak C.c raod. Lambai lagbhag 500 meter","Uttar Pradesh","ETAH","Kasganj(DISTRICT MAGISTRATE KASGANJ KANSHIRAMNAGAR_IDA)","Rajveer Raju Bhaiya Singh","4010000.00","1285969.00","6071066.00","0.9442","HIGH","4","CC road - gram - construction","2023-09-05","Open","Peer amount: Recommended amount at the 99th percentile of 7203 comparable works (robust z 6.6).; Peer duration: Open for longer than 99% of comparable works still in progress.; Behavioural change: Implementing agency's recommendation pattern shifted year-on-year (magnitude 100%). Before/after - 2025: 110 works at a median of Rs 241,000 -> 2026: 19 works at a median of Rs 900,000. A change point is a lead, not a finding: a new officer or a revised guideline produces one too.; Statistical outlier: A trained anomaly detector (IsolationForest) flags this work's amount-and-age profile as unusual against the national portfolio.","A human should verify the scope and estimate for this work against its peers via the Implementing Agency.","Review the lifecycle history and sanction record | Compare scope and estimate with peer works | Verify supporting documents and field evidence","MEDIUM","MEDIUM - open 3.2x longer than the typical completed work of this type in Uttar Pradesh (307 days).","Amount outlier vs peers (STATISTICAL_OUTLIER)","District Monitoring","2026-06-09","New","","TRUE"
"MP3017365-W92625","Upgradation of Auditorium Hall in Municipal High School under Jajpur Municipality in Jajpur Assembly Constituency - BDO Jajpur","Odisha","Sitting Rajya Sabha","JAJAPUR(DISTRICT COLLECTOR JAJPUR_IDA)","Dr. Sasmit Patra","12500000.00","1723853.00","6064895.00","0.8796","HIGH","3","Class room - construction class - school","2024-01-31","Open","Peer amount: Recommended amount at the 100th percentile of 463 comparable works (robust z 40.5).; Behavioural change: Implementing agency's recommendation pattern shifted year-on-year (magnitude 100%). Before/after - 2024: 53 works at a median of Rs 149,994 -> 2025: 76 works at a median of Rs 400,000. A change point is a lead, not a finding: a new officer or a revised guideline produces one too.; Statistical outlier: A trained anomaly detector (IsolationForest) flags this work's amount-and-age profile as unusual against the national portfolio.","A human should verify the scope and estimate for this work against its peers via the Implementing Agency.","Review the lifecycle history and sanction record | Compare scope and estimate with peer works | Verify supporting documents and field evidence","LOW","LOW - open 1.2x longer than the typical completed work of this type in Odisha (680 days).","Amount outlier vs peers (STATISTICAL_OUTLIER)","District Monitoring","2026-06-09","New","","TRUE"
"MP3042521-W252852","Sanlagan Ke anusar 04 Interloking Wark","Uttar Pradesh","PHULPUR","PRAYAGRAJ(DISTRICT MAGISTRAE ALLAHABAD_IDA)","PRAVEEN PATEL","7150000.00","1718440.00","6045850.00","0.8796","HIGH","3","Solar rai - installation","2025-12-08","Open","Peer amount: Recommended amount at the 100th percentile of 78 comparable works (robust z 22.4).; Behavioural change: Implementing agency's recommendation pattern shifted year-on-year (magnitude 100%). Before/after - 2023: 878 works at a median of Rs 21,109 -> 2024: 557 works at a median of Rs 177,842. A change point is a lead, not a finding: a new officer or a revised guideline produces one too.; Statistical outlier: A trained anomaly detector (IsolationForest) flags this work's amount-and-age profile as unusual against the national portfolio.","A human should verify the scope and estimate for this work against its peers via the Implementing Agency.","Review the lifecycle history and sanction record | Compare scope and estimate with peer works | Verify supporting documents and field evidence","LOW","No stalling indicators; the work is progressing within normal ranges.","Amount outlier vs peers (STATISTICAL_OUTLIER)","District Monitoring","2026-06-09","New","","TRUE"
"MP3019300-W74634","Improvement of Road from Enatulibagh Moor to Amaipara BBLR road Junction via STP Tokia mazar Covering ward n-1 & 15 Under Jiaganj Ajimganj Municipality","West Bengal","MURSHIDABAD","MURSHIDABAD(DISTRICT MAGISTRATE MURSHIDABAD_IDA)","Abu Taher Khan(17th Lok Sabha)","9081267.00","1717372.00","6042093.00","0.8796","HIGH","3","Concrete road - construction cement - cement concrete","2024-01-04","Open","Peer amount: Recommended amount at the 100th percentile of 1971 comparable works (robust z 41.3).; Behavioural change: Implementing agency's recommendation pattern shifted year-on-year (magnitude 100%). Before/after - 2025: 409 works at a median of Rs 166,376 -> 2026: 48 works at a median of Rs 842,500. A change point is a lead, not a finding: a new officer or a revised guideline produces one too.; Statistical outlier: A trained anomaly detector (IsolationForest) flags this work's amount-and-age profile as unusual against the national portfolio.","A human should verify the scope and estimate for this work against its peers via the Implementing Agency.","Review the lifecycle history and sanction record | Compare scope and estimate with peer works | Verify supporting documents and field evidence","MEDIUM","MEDIUM - open 3.5x longer than the typical completed work of this type in West Bengal (250 days).","Amount outlier vs peers (STATISTICAL_OUTLIER)","District Monitoring","2026-06-09","New","","TRUE"
"MP3018409-W16691","Block Sidhpura ke gram nauri me Madan ke gher se Devendra singh ke khet tak C.c raod and Puliya kary. Lambai lagbhag 500 meter.","Uttar Pradesh","ETAH","Kasganj(DISTRICT MAGISTRATE KASGANJ KANSHIRAMNAGAR_IDA)","Rajveer Raju Bhaiya Singh","3985000.00","1277955.00","6032948.00","0.9442","HIGH","4","CC road - gram - construction","2023-09-05","Open","Peer amount: Recommended amount at the 99th percentile of 7203 comparable works (robust z 6.5).; Peer duration: Open for longer than 99% of comparable works still in progress.; Behavioural change: Implementing agency's recommendation pattern shifted year-on-year (magnitude 100%). Before/after - 2025: 110 works at a median of Rs 241,000 -> 2026: 19 works at a median of Rs 900,000. A change point is a lead, not a finding: a new officer or a revised guideline produces one too.; Statistical outlier: A trained anomaly detector (IsolationForest) flags this work's amount-and-age profile as unusual against the national portfolio.","A human should verify the scope and estimate for this work against its peers via the Implementing Agency.","Review the lifecycle history and sanction record | Compare scope and estimate with peer works | Verify supporting documents and field evidence","MEDIUM","MEDIUM - open 3.2x longer than the typical completed work of this type in Uttar Pradesh (307 days).","Amount outlier vs peers (STATISTICAL_OUTLIER)","District Monitoring","2026-06-09","New","","TRUE"
"MP3018373-W89294","Construction work of guest house in Hattarganj, near Kauleshwari temple at Chatra district.","Jharkhand","CHATRA","CHATRA(DEPUTY COMMISSIONER CHATRA_IDA)","Sunil Kumar Singh","13023225.00","1284228.00","6022886.00","0.9380","HIGH","4","Building - sahebganj construction - temple","2024-01-25","Open","Peer amount: Recommended amount at the 100th percentile of 68 comparable works (robust z 53.6).; Peer duration: Open for longer than 90% of comparable works still in progress.; Behavioural change: Implementing agency's recommendation pattern shifted year-on-year (magnitude 97%). Before/after - 2024: 7 works at a median of Rs 6,000,000 -> 2025: 278 works at a median of Rs 150,000. A change point is a lead, not a finding: a new officer or a revised guideline produces one too.; Statistical outlier: A trained anomaly detector (IsolationForest) flags this work's amount-and-age profile as unusual against the national portfolio.","A human should verify the scope and estimate for this work against its peers via the Implementing Agency.","Review the lifecycle history and sanction record | Compare scope and estimate with peer works | Verify supporting documents and field evidence","LOW","LOW - open 1.6x longer than the typical completed work of this type in Jharkhand (517 days).","Amount outlier vs peers (STATISTICAL_OUTLIER)","District Monitoring","2026-06-09","New","","TRUE"
"MP3019259-W281554","Grant of rupees 1,18,32,976 for the capital expenditure of Multi Skill Development Center, Jalandhar for setting up Skill Development labs which includes Infrastructure Cost, Training Equipment, IT Equipment etc. The detailed breakup of the cost is attached herewith in the annexture","Punjab","Sitting Rajya Sabha","JALANDHAR(DEPUTY COMMISSIONER JALANDHAR_IDA)","Dr. Vikramjit Singh Sahney","11832976.00","1703783.00","5994283.00","0.8796","HIGH","3","Taluk balance - commuinity - executive agency","2026-05-18","Open","Peer amount: Recommended amount at the 100th percentile of 275 comparable works (robust z 62.1).; Behavioural change: Implementing agency's recommendation pattern shifted year-on-year (magnitude 100%). Before/after - 2025: 242 works at a median of Rs 247,500 -> 2026: 26 works at a median of Rs 500,000. A change point is a lead, not a finding: a new officer or a revised guideline produces one too.; Statistical outlier: A trained anomaly detector (IsolationForest) flags this work's amount-and-age profile as unusual against the national portfolio.","A human should verify the scope and estimate for this work against its peers via the Implementing Agency.","Review the lifecycle history and sanction record | Compare scope and estimate with peer works | Verify supporting documents and field evidence","LOW","No stalling indicators; the work is progressing within normal ranges.","Amount outlier vs peers (STATISTICAL_OUTLIER)","District Monitoring","2026-06-09","New","","TRUE"
"MP3017338-W214383","Development of public parks.","Uttar Pradesh","Sitting Rajya Sabha","Siddharthnagar(DISTRICT MAGISTRATE SIDDHARTH NAGAR_IDA)","Shri Brij Lal","6000000.00","1704721.00","5928846.00","0.8695","HIGH","3","Sitting bench - rcc benches - RCC","2025-07-03","Open","Peer amount: Recommended amount at the 100th percentile of 65 comparable works (robust z 4.8).; Behavioural change: Implementing agency's recommendation pattern shifted year-on-year (magnitude 100%). Before/after - 2023: 192 works at a median of Rs 50,000 -> 2024: 21 works at a median of Rs 780,000. A change point is a lead, not a finding: a new officer or a revised guideline produces one too.; Statistical outlier: A trained anomaly detector (IsolationForest) flags this work's amount-and-age profile as unusual against the national portfolio.","A human should verify the scope and estimate for this work against its peers via the Implementing Agency.","Review the lifecycle history and sanction record | Compare scope and estimate with peer works | Verify supporting documents and field evidence","LOW","LOW - open 1.6x longer than the typical completed work of this type in Uttar Pradesh (199 days).","Amount outlier vs peers (STATISTICAL_OUTLIER)","District Monitoring","2026-06-09","New","","TRUE"
"MP3042341-W246454","Construction of interlocking in Khadanja between Road from Kutani to PWD road","Haryana","KARNAL","PANIPAT(DC CUM NODAL OFFICER MPLADS)","MANOHAR LAL","9386764.00","1677555.00","5902006.00","0.8796","HIGH","3","Interlocking tiles - construction interlocking - interlocking road","2025-12-16","Open","Peer amount: Recommended amount at the 100th percentile of 468 comparable works (robust z 28.9).; Behavioural change: Implementing agency's recommendation pattern shifted year-on-year (magnitude 100%). Before/after - 2023: 43 works at a median of Rs 500,000 -> 2024: 11 works at a median of Rs 1,000,000. A change point is a lead, not a finding: a new officer or a revised guideline produces one too.; Statistical outlier: A trained anomaly detector (IsolationForest) flags this work's amount-and-age profile as unusual against the national portfolio.","A human should verify the scope and estimate for this work against its peers via the Implementing Agency.","Review the lifecycle history and sanction record | Compare scope and estimate with peer works | Verify supporting documents and field evidence","LOW","No stalling indicators; the work is progressing within normal ranges.","Amount outlier vs peers (STATISTICAL_OUTLIER)","District Monitoring","2026-06-09","New","","TRUE"
"MP3019209-W40678","total nagar palika area","Uttar Pradesh","SANT KABIR NAGAR","Sant Kabir Nagar(DISTRICT MAGISTRATE SANT KABIR NAGAR_2)","Praveen Kumar Nishad(17th Lok Sabha)","5000000.00","1228048.00","5776820.00","0.9408","HIGH","4","Taluk balance - commuinity - executive agency","2023-10-26","Open","Peer amount: Recommended amount at the 95th percentile of 791 comparable works (robust z 9.9).; Peer duration: Open for longer than 92% of comparable works still in progress.; Behavioural change: Implementing agency's recommendation pattern shifted year-on-year (magnitude 100%). Before/after - 2024: 124 works at a median of Rs 299,500 -> 2025: 34 works at a median of Rs 739,865. A change point is a lead, not a finding: a new officer or a revised guideline produces one too.; Statistical outlier: A trained anomaly detector (IsolationForest) flags this work's amount-and-age profile as unusual against the national portfolio.","A human should verify the scope and estimate for this work against its peers via the Implementing Agency.","Compare scope and estimate with peer works | Verify supporting documents and field evidence","MEDIUM","MEDIUM - open 3.8x longer than the typical completed work of this type in Uttar Pradesh (247 days).","","District Monitoring","2026-06-09","New","","TRUE"
"MP3019643-W213688","Construction of compound wall at Old Block Vyasarpadi 192 tenements in division 46 Colony, Perambur Constituency.","Tamil Nadu","CHENNAI NORTH","CHENNAI(COMMISSIONER MUNCIPAL CORPORATION CHENNAI_IDA)","Kalanidhi Veeraswamy","7500000.00","1656325.00","5775917.00","0.8718","HIGH","3","Construction boundary - boundary wall - construction compound","2025-07-01","Open","Peer amount: Recommended amount at the 98th percentile of 122 comparable works (robust z 8.6).; Behavioural change: Implementing agency's recommendation pattern shifted year-on-year (magnitude 94%). Before/after - 2023: 50 works at a median of Rs 1,134,160 -> 2024: 73 works at a median of Rs 2,195,272. A change point is a lead, not a finding: a new officer or a revised guideline produces one too.; Statistical outlier: A trained anomaly detector (IsolationForest) flags this work's amount-and-age profile as unusual against the national portfolio.","A human should verify the scope and estimate for this work against its peers via the Implementing Agency.","Compare scope and estimate with peer works | Verify supporting documents and field evidence","LOW","No stalling indicators; the work is progressing within normal ranges.","","District Monitoring","2026-06-09","New","","TRUE"
"MP3019183-W66288","Construction of Community Hall at Laxmipuram (V), Burgampahad (M), Bhadradri Kothagudem (D)","Telangana","MAHABUBABAD","BHADRADRI KOTHAGUDEM(District Collector Bhadradri Ktdm_IDA)","Smt Kavitha Malothu(17th Lok Sabha)","10000000.00","1244609.00","5749773.00","0.9239","HIGH","4","Community hall - construction community - hall village","2023-12-20","Open","Peer amount: Recommended amount at the 100th percentile of 766 comparable works (robust z 43.0).; Peer duration: Open for longer than 94% of comparable works still in progress.; Behavioural change: Implementing agency's recommendation pattern shifted year-on-year (magnitude 70%). Before/after - 2025: 51 works at a median of Rs 500,000 -> 2026: 88 works at a median of Rs 150,000. A change point is a lead, not a finding: a new officer or a revised guideline produces one too.; Statistical outlier: A trained anomaly detector (IsolationForest) flags this work's amount-and-age profile as unusual against the national portfolio.","A human should verify the scope and estimate for this work against its peers via the Implementing Agency.","Review the lifecycle history and sanction record | Compare scope and estimate with peer works | Verify supporting documents and field evidence","LOW","LOW - open 2.3x longer than the typical completed work of this type in Telangana (379 days).","Amount outlier vs peers (STATISTICAL_OUTLIER)","District Monitoring","2026-06-09","New","","TRUE"
"MP3042517-W249980","MERE SANSADIY KSHETRA MACHHALISHAHAR KE VIDHANSABHA ZAFARABAD ME 286 NAG SOLAR KA ADHISHTHAPAN HONA HAI JISKI SUCHI SATH ME SANLAGN HAIN 20015 KI DAR SE 286 NAG SOLAR LIGHT KI KEEMAT 57,24,290 RS HAIN","Uttar Pradesh","MACHHLISHAHR(SC)","JAUNPUR(DISTRICT MAGISTRATE JAUNPUR_IDA)","PRIYA SAROJ","5724290.00","1626420.00","5722102.00","0.8796","HIGH","3","Nag solar - solar light - 01 nag","2025-11-22","Open","Peer amount: Recommended amount at the 100th percentile of 6132 comparable works (robust z 398.4).; Behavioural change: Implementing agency's recommendation pattern shifted year-on-year (magnitude 100%). Before/after - 2025: 1400 works at a median of Rs 20,900 -> 2026: 57 works at a median of Rs 750,000. A change point is a lead, not a finding: a new officer or a revised guideline produces one too.; Statistical outlier: A trained anomaly detector (IsolationForest) flags this work's amount-and-age profile as unusual against the national portfolio.","A human should verify the scope and estimate for this work against its peers via the Implementing Agency.","Review the lifecycle history and sanction record | Compare scope and estimate with peer works | Verify supporting documents and field evidence","LOW","No stalling indicators; the work is progressing within normal ranges.","Amount outlier vs peers (STATISTICAL_OUTLIER)","District Monitoring","2026-06-09","New","","TRUE"
"MP3017490-W13141","Construction of stadium at Vivek Maydan under Kulpi Block.","West Bengal","MATHURAPUR(SC)","South 24 Parganas(DISTRICT MAGISTRATE SOUTH TWENTY FOUR PARGANAS_IDA)","Shri Choudhury Mohan Jatua (17th Lok Sabha)","6999898.00","1244538.00","5707105.00","0.9171","HIGH","4","Sitting bench - rcc benches - RCC","2023-08-25","Open","Peer amount: Recommended amount at the 90th percentile of 159 comparable works (robust z 7.5).; Peer duration: Open for longer than 96% of comparable works still in progress.; Behavioural change: Implementing agency's recommendation pattern shifted year-on-year (magnitude 54%). Before/after - 2025: 441 works at a median of Rs 325,000 -> 2026: 27 works at a median of Rs 500,000. A change point is a lead, not a finding: a new officer or a revised guideline produces one too.; Statistical outlier: A trained anomaly detector (IsolationForest) flags this work's amount-and-age profile as unusual against the national portfolio.","A human should verify the scope and estimate for this work against its peers via the Implementing Agency.","Compare scope and estimate with peer works | Verify supporting documents and field evidence","MEDIUM","MEDIUM - open 3.2x longer than the typical completed work of this type in West Bengal (317 days).","","District Monitoring","2026-06-09","New","","TRUE"
"MP3018393-W37837","Construction of new Over head Tank in mayiladuthurai Municipality","Tamil Nadu","MAYILADUTHURAI","Mayiladuthurai(District Collector Mayiladuthurai_IDA)","S Ramalingam","5600000.00","1236886.00","5656698.00","0.9147","HIGH","4","Water tank - installation water - submersible pump","2023-10-17","Open","Peer amount: Recommended amount at the 100th percentile of 199 comparable works (robust z 4.9).; Peer duration: Open for longer than 92% of comparable works still in progress.; Behavioural change: Implementing agency's recommendation pattern shifted year-on-year (magnitude 66%). Before/after - 2025: 54 works at a median of Rs 700,000 -> 2026: 49 works at a median of Rs 235,000. A change point is a lead, not a finding: a new officer or a revised guideline produces one too.; Statistical outlier: A trained anomaly detector (IsolationForest) flags this work's amount-and-age profile as unusual against the national portfolio.","A human should verify the scope and estimate for this work against its peers via the Implementing Agency.","Review the lifecycle history and sanction record | Compare scope and estimate with peer works | Verify supporting documents and field evidence","LOW","LOW - open 1.8x longer than the typical completed work of this type in Tamil Nadu (526 days).","Amount outlier vs peers (STATISTICAL_OUTLIER)","District Monitoring","2026-06-09","New","","TRUE"
"MP3019235-W194319","Supply and Installation of Solar High Mast Light","West Bengal","ASANSOL","PASCHIM BARDHAMAN(DISTRICT MAGISTRATE PASCHIM BARDHAMAN_IDA)","Shatrughan Sinha","9231040.00","1641010.00","5651945.00","0.8610","HIGH","3","Solar high - high mast - installation solar","2025-04-25","Open","Peer amount: Recommended amount at the 100th percentile of 2819 comparable works (robust z 44.6).; Behavioural change: Implementing agency's recommendation pattern shifted year-on-year (magnitude 85%). Before/after - 2024: 60 works at a median of Rs 420,000 -> 2025: 44 works at a median of Rs 775,461. A change point is a lead, not a finding: a new officer or a revised guideline produces one too.; Statistical outlier: A trained anomaly detector (IsolationForest) flags this work's amount-and-age profile as unusual against the national portfolio.","A human should verify the scope and estimate for this work against its peers via the Implementing Agency.","Review the lifecycle history and sanction record | Compare scope and estimate with peer works | Verify supporting documents and field evidence","LOW","No stalling indicators; the work is progressing within normal ranges.","Amount outlier vs peers (STATISTICAL_OUTLIER)","District Monitoring","2026-06-09","New","","TRUE"
"MP3019200-W59390","construction of pitch road of 700m road -kathela marg to dhobaha se navel tak","Uttar Pradesh","DOMARIYAGANJ","Siddharthnagar(DISTRICT MAGISTRATE SIDDHARTH NAGAR_IDA)","Jagdambika Pal(17th Lok Sabha)","5600000.00","1598886.00","5625232.00","0.8796","HIGH","3","Construction road - construction ambulance - apex road","2023-12-09","Open","Peer amount: Recommended amount at the 100th percentile of 7203 comparable works (robust z 10.0).; Behavioural change: Implementing agency's recommendation pattern shifted year-on-year (magnitude 100%). Before/after - 2023: 192 works at a median of Rs 50,000 -> 2024: 21 works at a median of Rs 780,000. A change point is a lead, not a finding: a new officer or a revised guideline produces one too.; Statistical outlier: A trained anomaly detector (IsolationForest) flags this work's amount-and-age profile as unusual against the national portfolio.","A human should verify the scope and estimate for this work against its peers via the Implementing Agency.","Review the lifecycle history and sanction record | Compare scope and estimate with peer works | Verify supporting documents and field evidence","MEDIUM","MEDIUM - open 2.9x longer than the typical completed work of this type in Uttar Pradesh (307 days).","Amount outlier vs peers (STATISTICAL_OUTLIER)","District Monitoring","2026-06-09","New","","TRUE"
"MP3019235-W244989","Development of Pond by Construction of Bath Ghat including Community Toilet with Changing Room and Electric High Mast Lights","West Bengal","ASANSOL","PASCHIM BARDHAMAN(DISTRICT MAGISTRATE PASCHIM BARDHAMAN_IDA)","Shatrughan Sinha","9122000.00","1621635.00","5585213.00","0.8610","HIGH","3","Water tank - installation water - submersible pump","2025-10-30","Open","Peer amount: Recommended amount at the 99th percentile of 791 comparable works (robust z 23.3).; Behavioural change: Implementing agency's recommendation pattern shifted year-on-year (magnitude 85%). Before/after - 2024: 60 works at a median of Rs 420,000 -> 2025: 44 works at a median of Rs 775,461. A change point is a lead, not a finding: a new officer or a revised guideline produces one too.; Statistical outlier: A trained anomaly detector (IsolationForest) flags this work's amount-and-age profile as unusual against the national portfolio.","A human should verify the scope and estimate for this work against its peers via the Implementing Agency.","Compare scope and estimate with peer works | Verify supporting documents and field evidence","LOW","No stalling indicators; the work is progressing within normal ranges.","","District Monitoring","2026-06-09","New","","TRUE"
"MP3019235-W194318","Suppy and Installation of Solar Street Lights at different places under Raniganj, Jamuria, Barabani, Salanpur Blocks.","West Bengal","ASANSOL","PASCHIM BARDHAMAN(DISTRICT MAGISTRATE PASCHIM BARDHAMAN_IDA)","Shatrughan Sinha","9976028.00","1619929.00","5579340.00","0.8610","HIGH","3","Solar street - street light - installation solar","2025-04-25","Open","Peer amount: Recommended amount at the 100th percentile of 1827 comparable works (robust z 35.6).; Behavioural change: Implementing agency's recommendation pattern shifted year-on-year (magnitude 85%). Before/after - 2024: 60 works at a median of Rs 420,000 -> 2025: 44 works at a median of Rs 775,461. A change point is a lead, not a finding: a new officer or a revised guideline produces one too.; Statistical outlier: A trained anomaly detector (IsolationForest) flags this work's amount-and-age profile as unusual against the national portfolio.","A human should verify the scope and estimate for this work against its peers via the Implementing Agency.","Review the lifecycle history and sanction record | Compare scope and estimate with peer works | Verify supporting documents and field evidence","LOW","LOW - open 1.4x longer than the typical completed work of this type in West Bengal (281 days).","Amount outlier vs peers (STATISTICAL_OUTLIER)","District Monitoring","2026-06-09","New","","TRUE"
"MP3019201-W136735","26 ?? 170-200 ??? 06 ?? ???????? ???? ?? ????????? ?????","Uttar Pradesh","HARDOI (SC)","HARDOI(DISTRICT MAGISTRATE HARDOI_IDA)","Jai Prakash","5580000.00","1549376.00","5451044.00","0.8796","HIGH","3","Installation cctv - cctv cameras - cctv camera","2024-08-22","Open","Peer amount: Recommended amount at the 99th percentile of 13232 comparable works (robust z 55.7).; Behavioural change: Implementing agency's recommendation pattern shifted year-on-year (magnitude 100%). Before/after - 2023: 15 works at a median of Rs 600,000 -> 2024: 31 works at a median of Rs 1,215,970. A change point is a lead, not a finding: a new officer or a revised guideline produces one too.; Statistical outlier: A trained anomaly detector (IsolationForest) flags this work's amount-and-age profile as unusual against the national portfolio.","A human should verify the scope and estimate for this work against its peers via the Implementing Agency.","Review the lifecycle history and sanction record | Compare scope and estimate with peer works | Verify supporting documents and field evidence","LOW","LOW - open 1.5x longer than the typical completed work of this type in Uttar Pradesh (439 days).","Amount outlier vs peers (STATISTICAL_OUTLIER)","District Monitoring","2026-06-09","New","","TRUE"
"MP3018400-W10266","Supply & Installation of Eight Seater Stainless Steel Mess Table at Amarpur RD Block Gomati,25 School (Qty-100 Mess Table)","Tripura","TRIPURA EAST(ST)","Gomati(DM OFFICE GOMATI MPLADS)","Rebati Tripura","8500000.00","1519147.00","5397239.00","0.8882","HIGH","3","Sitting bench - rcc benches - RCC","2023-08-17","Open","Peer amount: Recommended amount at the 97th percentile of 1103 comparable works (robust z 27.3).; Peer duration: Open for longer than 97% of comparable works still in progress.; Statistical outlier: A trained anomaly detector (IsolationForest) flags this work's amount-and-age profile as unusual against the national portfolio.","A human should verify the scope and estimate for this work against its peers via the Implementing Agency.","Compare scope and estimate with peer works | Verify supporting documents and field evidence","MEDIUM","MEDIUM - open 2.5x longer than the typical completed work of this type in Tripura (412 days).","","District Monitoring","2026-06-09","New","","TRUE"
"MP3019999-W121816","ANPR camera and surveillance system, 12x camera","Delhi","NORTH WEST DELHI(SC)","NORTH(COMMISSIONER MCD NORTH_IDA)","Hans Raj Hans (17th Lok Sabha)","6535714.00","1139729.00","5375053.00","0.9432","HIGH","4","Installation cctv - cctv cameras - cctv camera","2024-03-07","Open","Peer amount: Recommended amount at the 98th percentile of 791 comparable works (robust z 13.3).; Behavioural change: Implementing agency's recommendation pattern shifted year-on-year (magnitude 65%). Before/after - 2025: 41 works at a median of Rs 819,952 -> 2026: 12 works at a median of Rs 284,534. A change point is a lead, not a finding: a new officer or a revised guideline produces one too.; Statistical outlier: A trained anomaly detector (IsolationForest) flags this work's amount-and-age profile as unusual against the national portfolio.; Near-duplicate work: A work in the same state and archetype is 100.0% semantically similar (MP3019999-W121817). Repeated descriptions are common in this scheme, so a human should confirm these are genuinely separate works.","A human should verify the scope and estimate for this work against its peers via the Implementing Agency.","Check duplicate possibility against the matched work | Compare scope and estimate with peer works | Verify supporting documents and field evidence","LOW","LOW - open 1.5x longer than the typical completed work of this type in Delhi (539 days).","","District Monitoring","2026-06-09","New","","TRUE"
"MP3019999-W121817","ANPR camera and surveillance system, 12x camera","Delhi","NORTH WEST DELHI(SC)","NORTH(COMMISSIONER MCD NORTH_IDA)","Hans Raj Hans (17th Lok Sabha)","6535714.00","1139729.00","5375053.00","0.9432","HIGH","4","Installation cctv - cctv cameras - cctv camera","2024-03-07","Open","Peer amount: Recommended amount at the 98th percentile of 791 comparable works (robust z 13.3).; Behavioural change: Implementing agency's recommendation pattern shifted year-on-year (magnitude 65%). Before/after - 2025: 41 works at a median of Rs 819,952 -> 2026: 12 works at a median of Rs 284,534. A change point is a lead, not a finding: a new officer or a revised guideline produces one too.; Statistical outlier: A trained anomaly detector (IsolationForest) flags this work's amount-and-age profile as unusual against the national portfolio.; Near-duplicate work: A work in the same state and archetype is 100.0% semantically similar (MP3019999-W121816). Repeated descriptions are common in this scheme, so a human should confirm these are genuinely separate works.","A human should verify the scope and estimate for this work against its peers via the Implementing Agency.","Check duplicate possibility against the matched work | Compare scope and estimate with peer works | Verify supporting documents and field evidence","LOW","LOW - open 1.5x longer than the typical completed work of this type in Delhi (539 days).","","District Monitoring","2026-06-09","New","","TRUE"
"MP3017455-W146422","CONSTRUCTION OF BOXING ACADEMY BUILDING IN GOPALAPURAM WARD 111, PART 25, ZONE 9 OF CHENNAI CENTRAL CONSITUENCY","Tamil Nadu","CHENNAI CENTRAL","CHENNAI(COMMISSIONER MUNCIPAL CORPORATION CHENNAI_IDA)","Thiru Dayanidhi Maran","10000000.00","1541075.00","5374020.00","0.8718","HIGH","3","Construction building - community building - cultural activities","2024-10-09","Open","Peer amount: Recommended amount at the 98th percentile of 147 comparable works (robust z 11.9).; Behavioural change: Implementing agency's recommendation pattern shifted year-on-year (magnitude 94%). Before/after - 2023: 50 works at a median of Rs 1,134,160 -> 2024: 73 works at a median of Rs 2,195,272. A change point is a lead, not a finding: a new officer or a revised guideline produces one too.; Statistical outlier: A trained anomaly detector (IsolationForest) flags this work's amount-and-age profile as unusual against the national portfolio.","A human should verify the scope and estimate for this work against its peers via the Implementing Agency.","Compare scope and estimate with peer works | Verify supporting documents and field evidence","LOW","LOW - open 1.3x longer than the typical completed work of this type in Tamil Nadu (474 days).","","District Monitoring","2026-06-09","New","","TRUE"
"MP3042794-W155216","For supply of water pipeline and water pump in 50 different villages within Gambegre Block.","Meghalaya","TURA","WEST GARO HILLS(DEPUTY COMMISSIONER WEST GARO HILLS_IDA)","SALENG A SANGMA","10000000.00","1787097.00","5356363.00","0.7493","HIGH","3","Water tank - installation water - submersible pump","2024-11-26","Open","Peer amount: Recommended amount at the 98th percentile of 30 comparable works (robust z 0.0).; Peer duration: Open for longer than 100% of comparable works still in progress.; Statistical outlier: A trained anomaly detector (IsolationForest) flags this work's amount-and-age profile as unusual against the national portfolio.","A human should verify the scope and estimate for this work against its peers via the Implementing Agency.","Review the lifecycle history and sanction record | Compare scope and estimate with peer works | Verify supporting documents and field evidence","LOW","No stalling indicators; the work is progressing within normal ranges.","Stalled beyond peer norm (STATISTICAL_OUTLIER)","District Monitoring","2026-06-09","New","","TRUE"
"MP3017340-W259392","Installation work of Semi High Mast Light 6th at various places as per the attached list in development block Lakhimpur, Nakha Bijua, Isanagar, and Mohammadi.","Uttar Pradesh","Sitting Rajya Sabha","KHERI(DISTRICT MAGISTRAE KHERI_IDA)","Shri Ramji","3944700.00","1519326.00","5345324.00","0.8796","HIGH","3","Mast light - high mast - mini mast","2026-01-16","Open","Peer amount: Recommended amount at the 99th percentile of 13232 comparable works (robust z 38.9).; Behavioural change: Implementing agency's recommendation pattern shifted year-on-year (magnitude 100%). Before/after - 2025: 426 works at a median of Rs 157,800 -> 2026: 36 works at a median of Rs 1,015,850. A change point is a lead, not a finding: a new officer or a revised guideline produces one too.; Statistical outlier: A trained anomaly detector (IsolationForest) flags this work's amount-and-age profile as unusual against the national portfolio.","A human should verify the scope and estimate for this work against its peers via the Implementing Agency.","Review the lifecycle history and sanction record | Compare scope and estimate with peer works | Verify supporting documents and field evidence","LOW","No stalling indicators; the work is progressing within normal ranges.","Amount outlier vs peers (STATISTICAL_OUTLIER)","District Monitoring","2026-06-09","New","","TRUE"
"MP3018940-W120919","Construction of retaining wall to bypass raod from Kaikaluru - Eluru R and B Road at Bhimavaram - Gudiwada of Kaikaluru GP of Kaikaluru Mandal","Andhra Pradesh","ELURU","Eluru(DISTRICT COLLECTOR ELURU_IDA)","Kotagiri Sridhar","7500000.00","1556083.00","5344788.00","0.8587","HIGH","3","Protection wall - construction protection - flood protection","2024-03-05","Open","Peer amount: Recommended amount at the 100th percentile of 2550 comparable works (robust z 497.8).; Behavioural change: Implementing agency's recommendation pattern shifted year-on-year (magnitude 83%). Before/after - 2023: 6 works at a median of Rs 2,309,328 -> 2024: 124 works at a median of Rs 400,000. A change point is a lead, not a finding: a new officer or a revised guideline produces one too.; Statistical outlier: A trained anomaly detector (IsolationForest) flags this work's amount-and-age profile as unusual against the national portfolio.","A human should verify the scope and estimate for this work against its peers via the Implementing Agency.","Review the lifecycle history and sanction record | Compare scope and estimate with peer works | Verify supporting documents and field evidence","LOW","LOW - open 1.3x longer than the typical completed work of this type in Andhra Pradesh (632 days).","Amount outlier vs peers (STATISTICAL_OUTLIER)","District Monitoring","2026-06-09","New","","TRUE"
"MP3017338-W173988","Construction of Labour rooms and Staff room etc. in Bhanwapur Sidharthnagar.","Uttar Pradesh","Sitting Rajya Sabha","Siddharthnagar(DISTRICT MAGISTRATE SIDDHARTH NAGAR_IDA)","Shri Brij Lal","6950000.00","1514119.00","5327002.00","0.8796","HIGH","3","Building - sahebganj construction - temple","2025-02-06","Open","Peer amount: Recommended amount at the 99th percentile of 1637 comparable works (robust z 8.0).; Behavioural change: Implementing agency's recommendation pattern shifted year-on-year (magnitude 100%). Before/after - 2023: 192 works at a median of Rs 50,000 -> 2024: 21 works at a median of Rs 780,000. A change point is a lead, not a finding: a new officer or a revised guideline produces one too.; Statistical outlier: A trained anomaly detector (IsolationForest) flags this work's amount-and-age profile as unusual against the national portfolio.","A human should verify the scope and estimate for this work against its peers via the Implementing Agency.","Review the lifecycle history and sanction record | Compare scope and estimate with peer works | Verify supporting documents and field evidence","LOW","No stalling indicators; the work is progressing within normal ranges.","Amount outlier vs peers (STATISTICAL_OUTLIER)","District Monitoring","2026-06-09","New","","TRUE"
"MP3017307-W254200","Karaikudi ALagappa University, construct a new Building for the Department of Library Sciences.","Tamil Nadu","Sitting Rajya Sabha","SIVAGANGA(DISTRICT COLLECTOR SIVAGANGA_IDA)","Shri P. Chidambaram","7700000.00","1700473.00","5322207.00","0.7825","HIGH","3","Books - construction library - public library","2025-12-24","Open","Peer amount: Recommended amount at the 99th percentile of 152 comparable works (robust z 3.6).; Behavioural change: Implementing agency's recommendation pattern shifted year-on-year (magnitude 56%). Before/after - 2025: 124 works at a median of Rs 700,000 -> 2026: 6 works at a median of Rs 1,090,000. A change point is a lead, not a finding: a new officer or a revised guideline produces one too.; Statistical outlier: A trained anomaly detector (IsolationForest) flags this work's amount-and-age profile as unusual against the national portfolio.","A human should verify the scope and estimate for this work against its peers via the Implementing Agency.","Compare scope and estimate with peer works | Verify supporting documents and field evidence","LOW","No stalling indicators; the work is progressing within normal ranges.","","District Monitoring","2026-06-09","New","","TRUE"
"MP3018418-W77431","Construction of Bus Stand at nagar","West Bengal","JANGIPUR","MURSHIDABAD(DISTRICT MAGISTRATE MURSHIDABAD_IDA)","Khalilur Rahaman","8432290.00","1499078.00","5274088.00","0.8796","HIGH","3","Bus shelter - bus stop - bus stand","2024-01-08","Open","Peer amount: Recommended amount at the 99th percentile of 3306 comparable works (robust z 21.4).; Behavioural change: Implementing agency's recommendation pattern shifted year-on-year (magnitude 100%). Before/after - 2025: 409 works at a median of Rs 166,376 -> 2026: 48 works at a median of Rs 842,500. A change point is a lead, not a finding: a new officer or a revised guideline produces one too.; Statistical outlier: A trained anomaly detector (IsolationForest) flags this work's amount-and-age profile as unusual against the national portfolio.","A human should verify the scope and estimate for this work against its peers via the Implementing Agency.","Review the lifecycle history and sanction record | Compare scope and estimate with peer works | Verify supporting documents and field evidence","MEDIUM","MEDIUM - open 3.8x longer than the typical completed work of this type in West Bengal (226 days).","Amount outlier vs peers (STATISTICAL_OUTLIER)","District Monitoring","2026-06-09","New","","TRUE"
"MP3026513-W220227","The construction work for a gynecology ward and a pediatrician ward (building) at the sub-district hospital in Wankaner, located in ward number 6 of Wankaner city.","Gujarat","Sitting Rajya Sabha","MORBI(District collector Morbi_IDA)","Shri Kesridevsinh Jhala","17500000.00","1558709.00","5233562.00","0.8394","HIGH","3","Construction building - community building - cultural activities","2025-07-19","Open","Peer amount: Recommended amount at the 100th percentile of 2260 comparable works (robust z 59.5).; Behavioural change: Implementing agency's recommendation pattern shifted year-on-year (magnitude 67%). Before/after - 2024: 74 works at a median of Rs 300,000 -> 2025: 169 works at a median of Rs 500,000. A change point is a lead, not a finding: a new officer or a revised guideline produces one too.; Statistical outlier: A trained anomaly detector (IsolationForest) flags this work's amount-and-age profile as unusual against the national portfolio.","A human should verify the scope and estimate for this work against its peers via the Implementing Agency.","Review the lifecycle history and sanction record | Compare scope and estimate with peer works | Verify supporting documents and field evidence","LOW","No stalling indicators; the work is progressing within normal ranges.","Amount outlier vs peers (STATISTICAL_OUTLIER)","District Monitoring","2026-06-09","New","","TRUE"
"MP3056872-W255473","Reconstruction of road bridge cum regulator at mile 65-0 of New kattalai high level canal in Palaganangudy village of Thiruverumbur taluk in Tiruchirapalli district","Tamil Nadu","Sitting Rajya Sabha","TIRUCHIRAPPALLI(DISTRICT COLLECTOR TIRUCHIRAPPALLI_IDA)","Smt. Rajathi","15000000.00","1502986.00","5156815.00","0.8578","HIGH","3","Construction culvert - construction drain - road","2025-12-24","Open","Peer amount: Recommended amount at the 100th percentile of 1462 comparable works (robust z 30.0).; Behavioural change: Implementing agency's recommendation pattern shifted year-on-year (magnitude 82%). Before/after - 2023: 157 works at a median of Rs 498,968 -> 2024: 16 works at a median of Rs 907,653. A change point is a lead, not a finding: a new officer or a revised guideline produces one too.; Statistical outlier: A trained anomaly detector (IsolationForest) flags this work's amount-and-age profile as unusual against the national portfolio.","A human should verify the scope and estimate for this work against its peers via the Implementing Agency.","Review the lifecycle history and sanction record | Compare scope and estimate with peer works | Verify supporting documents and field evidence","LOW","No stalling indicators; the work is progressing within normal ranges.","Amount outlier vs peers (STATISTICAL_OUTLIER)","District Monitoring","2026-06-09","New","","TRUE"
"MP3042467-W184783","Construction of 3 class rooms for karikali govt high school at karikali pt T.Pet PU (2024-2025)","Tamil Nadu","PERAMBALUR","TIRUCHIRAPPALLI(DISTRICT COLLECTOR TIRUCHIRAPPALLI_IDA)","ARUN NEHRU","7200000.00","1590101.00","5154386.00","0.8104","HIGH","3","Class room - construction class - school","2025-03-20","Open","Peer amount: Recommended amount at the 97th percentile of 152 comparable works (robust z 3.2).; Behavioural change: Implementing agency's recommendation pattern shifted year-on-year (magnitude 82%). Before/after - 2023: 157 works at a median of Rs 498,968 -> 2024: 16 works at a median of Rs 907,653. A change point is a lead, not a finding: a new officer or a revised guideline produces one too.; Statistical outlier: A trained anomaly detector (IsolationForest) flags this work's amount-and-age profile as unusual against the national portfolio.","A human should verify the scope and estimate for this work against its peers via the Implementing Agency.","Compare scope and estimate with peer works | Verify supporting documents and field evidence","LOW","No stalling indicators; the work is progressing within normal ranges.","","District Monitoring","2026-06-09","New","","TRUE"
"MP3042379-W262944","Construction of Road to Pallam SC Unnati","Kerala","THRISSUR","THRISSUR(DISTRICT COLLECTOR THRISSUR_IDA)","SURESH GOPI","6100000.00","1464273.00","5151633.00","0.8796","HIGH","3","Construction road - construction ambulance - apex road","2026-02-19","Open","Peer amount: Recommended amount at the 100th percentile of 1516 comparable works (robust z 18.9).; Behavioural change: Implementing agency's recommendation pattern shifted year-on-year (magnitude 100%). Before/after - 2024: 313 works at a median of Rs 176,468 -> 2025: 173 works at a median of Rs 400,000. A change point is a lead, not a finding: a new officer or a revised guideline produces one too.; Statistical outlier: A trained anomaly detector (IsolationForest) flags this work's amount-and-age profile as unusual against the national portfolio.","A human should verify the scope and estimate for this work against its peers via the Implementing Agency.","Review the lifecycle history and sanction record | Compare scope and estimate with peer works | Verify supporting documents and field evidence","LOW","No stalling indicators; the work is progressing within normal ranges.","Amount outlier vs peers (STATISTICAL_OUTLIER)","District Monitoring","2026-06-09","New","","TRUE"
"MP3042292-W251879","construction of community hall at 31st division, vijayawada central constituency","Andhra Pradesh","VIJAYAWADA","NTR(DISTRICT COLLECTOR NTR_IDA)","Sivanath Kesineni","7500000.00","1463874.00","5150231.00","0.8796","HIGH","3","Community hall - construction community - hall village","2025-12-02","Open","Peer amount: Recommended amount at the 99th percentile of 568 comparable works (robust z 8.8).; Behavioural change: Implementing agency's recommendation pattern shifted year-on-year (magnitude 100%). Before/after - 2024: 91 works at a median of Rs 239,428 -> 2025: 34 works at a median of Rs 500,000. A change point is a lead, not a finding: a new officer or a revised guideline produces one too.; Statistical outlier: A trained anomaly detector (IsolationForest) flags this work's amount-and-age profile as unusual against the national portfolio.","A human should verify the scope and estimate for this work against its peers via the Implementing Agency.","Compare scope and estimate with peer works | Verify supporting documents and field evidence","LOW","No stalling indicators; the work is progressing within normal ranges.","","District Monitoring","2026-06-09","New","","TRUE"
"MP3042292-W251880","construction of community hall at60th Division , vambay colony","Andhra Pradesh","VIJAYAWADA","NTR(DISTRICT COLLECTOR NTR_IDA)","Sivanath Kesineni","7500000.00","1463874.00","5150231.00","0.8796","HIGH","3","Community hall - construction community - hall village","2025-12-02","Open","Peer amount: Recommended amount at the 99th percentile of 568 comparable works (robust z 8.8).; Behavioural change: Implementing agency's recommendation pattern shifted year-on-year (magnitude 100%). Before/after - 2024: 91 works at a median of Rs 239,428 -> 2025: 34 works at a median of Rs 500,000. A change point is a lead, not a finding: a new officer or a revised guideline produces one too.; Statistical outlier: A trained anomaly detector (IsolationForest) flags this work's amount-and-age profile as unusual against the national portfolio.","A human should verify the scope and estimate for this work against its peers via the Implementing Agency.","Compare scope and estimate with peer works | Verify supporting documents and field evidence","LOW","No stalling indicators; the work is progressing within normal ranges.","","District Monitoring","2026-06-09","New","","TRUE"
"MP3018367-W9019","Supply and installation of Slabs over drainage at various places in V.P. Curtorim and Lotoulim (Old Sanction of Rs. 49,29,752/- plus additional Rs. 11 Lakhs on 19/07/2023 and first RA bill recieved on 18-07-2023 for Rs. 35,66,110/-","Goa","SOUTH GOA","SOUTH GOA(DISTRICT COLLECTOR SOUTH GOA_IDA)","Francisco Cosme Sardinha","6100000.00","1090380.00","5148720.00","0.9444","HIGH","4","Construction culvert - construction drain - road","2023-08-13","Open","Peer amount: Recommended amount at the 100th percentile of 2415 comparable works (robust z 11.5).; Peer duration: Open for longer than 98% of comparable works still in progress.; Behavioural change: Implementing agency's recommendation pattern shifted year-on-year (magnitude 100%). Before/after - 2023: 74 works at a median of Rs 1,144,298 -> 2024: 5 works at a median of Rs 2,484,987. A change point is a lead, not a finding: a new officer or a revised guideline produces one too.; Statistical outlier: A trained anomaly detector (IsolationForest) flags this work's amount-and-age profile as unusual against the national portfolio.","A human should verify the scope and estimate for this work against its peers via the Implementing Agency.","Review the lifecycle history and sanction record | Compare scope and estimate with peer works | Verify supporting documents and field evidence","MEDIUM","MEDIUM - open 2.5x longer than the typical completed work of this type in Goa (412 days).","Amount outlier vs peers (STATISTICAL_OUTLIER)","District Monitoring","2026-06-09","New","","TRUE"
"MP3019201-W112229","Solar Street Light","Uttar Pradesh","HARDOI (SC)","HARDOI(DISTRICT MAGISTRATE HARDOI_IDA)","Jai Prakash(17th Lok Sabha)","5597655.00","1461586.00","5142180.00","0.8796","HIGH","3","Solar street - street light - installation solar","2024-02-22","Open","Peer amount: Recommended amount at the 100th percentile of 6132 comparable works (robust z 389.5).; Behavioural change: Implementing agency's recommendation pattern shifted year-on-year (magnitude 100%). Before/after - 2023: 15 works at a median of Rs 600,000 -> 2024: 31 works at a median of Rs 1,215,970. A change point is a lead, not a finding: a new officer or a revised guideline produces one too.; Statistical outlier: A trained anomaly detector (IsolationForest) flags this work's amount-and-age profile as unusual against the national portfolio.","A human should verify the scope and estimate for this work against its peers via the Implementing Agency.","Review the lifecycle history and sanction record | Compare scope and estimate with peer works | Verify supporting documents and field evidence","MEDIUM","MEDIUM - open 3.3x longer than the typical completed work of this type in Uttar Pradesh (252 days).","Amount outlier vs peers (STATISTICAL_OUTLIER)","District Monitoring","2026-06-09","New","","TRUE"
"MP3019050-W127446","Construction of Samskarikanilayam in ward 14 Thamaravellachal ST Colony in Pananchery Gramapanchayat ST Work","Kerala","THRISSUR","THRISSUR(DISTRICT COLLECTOR THRISSUR_IDA)","T N Prathapan(17th Lok Sabha)","6500000.00","1087319.00","5136268.00","0.9448","HIGH","4","Construction building - community building - cultural activities","2024-03-13","Open","Peer amount: Recommended amount at the 94th percentile of 36 comparable works (robust z 6.2).; Peer duration: Open for longer than 100% of comparable works still in progress.; Behavioural change: Implementing agency's recommendation pattern shifted year-on-year (magnitude 100%). Before/after - 2024: 313 works at a median of Rs 176,468 -> 2025: 173 works at a median of Rs 400,000. A change point is a lead, not a finding: a new officer or a revised guideline produces one too.; Statistical outlier: A trained anomaly detector (IsolationForest) flags this work's amount-and-age profile as unusual against the national portfolio.","A human should verify the scope and estimate for this work against its peers via the Implementing Agency.","Review the lifecycle history and sanction record | Compare scope and estimate with peer works | Verify supporting documents and field evidence","LOW","LOW - open 1.6x longer than the typical completed work of this type in Kerala (495 days).","Stalled beyond peer norm (STATISTICAL_OUTLIER)","District Monitoring","2026-06-09","New","","TRUE"
"MP3017340-W259395","Installation work of Semi High Mast Light 6th at various place as per the attached list in development block Kumbhi Gola, Bankeganj, Pasgawa, Behjam and Mitauli.","Uttar Pradesh","Sitting Rajya Sabha","KHERI(DISTRICT MAGISTRAE KHERI_IDA)","Shri Ramji","3944700.00","1457869.00","5129103.00","0.8796","HIGH","3","High mast - mast light - LED","2026-01-16","Open","Peer amount: Recommended amount at the 99th percentile of 13232 comparable works (robust z 38.9).; Behavioural change: Implementing agency's recommendation pattern shifted year-on-year (magnitude 100%). Before/after - 2025: 426 works at a median of Rs 157,800 -> 2026: 36 works at a median of Rs 1,015,850. A change point is a lead, not a finding: a new officer or a revised guideline produces one too.; Statistical outlier: A trained anomaly detector (IsolationForest) flags this work's amount-and-age profile as unusual against the national portfolio.","A human should verify the scope and estimate for this work against its peers via the Implementing Agency.","Review the lifecycle history and sanction record | Compare scope and estimate with peer works | Verify supporting documents and field evidence","LOW","No stalling indicators; the work is progressing within normal ranges.","Amount outlier vs peers (STATISTICAL_OUTLIER)","District Monitoring","2026-06-09","New","","TRUE"
"MP3042491-W231653","budaun mein 20 sthano par sheetal jal pyau ka adhisthapan (3.03 per pyau)","Uttar Pradesh","BADAUN","BUDAUN(DISTRICT MAGISTRATE BUDAUN_IDA)","ADITYA YADAV","6060000.00","1456576.00","5124554.00","0.8796","HIGH","3","Solar rai - installation","2025-09-05","Open","Peer amount: Recommended amount at the 100th percentile of 843 comparable works (robust z 43.7).; Behavioural change: Implementing agency's recommendation pattern shifted year-on-year (magnitude 100%). Before/after - 2024: 256 works at a median of Rs 169,600 -> 2025: 28 works at a median of Rs 941,994. A change point is a lead, not a finding: a new officer or a revised guideline produces one too.; Statistical outlier: A trained anomaly detector (IsolationForest) flags this work's amount-and-age profile as unusual against the national portfolio.","A human should verify the scope and estimate for this work against its peers via the Implementing Agency.","Review the lifecycle history and sanction record | Compare scope and estimate with peer works | Verify supporting documents and field evidence","LOW","No stalling indicators; the work is progressing within normal ranges.","Amount outlier vs peers (STATISTICAL_OUTLIER)","District Monitoring","2026-06-09","New","","TRUE"
"MP3018989-W131578","Construction of community hall for karabhat gramsth madel chodan goa in sy no 229/25 karabhat chodan","Goa","NORTH GOA","NORTH GOA(DISTRICT COLLECTOR NORTH GOA_IDA)","Shripad Yesso Naik","14525234.00","1087190.00","5113221.00","0.9406","HIGH","4","Community hall - construction community - hall village","2024-03-16","Open","Peer amount: Recommended amount at the 100th percentile of 174 comparable works (robust z 10.0).; Peer duration: Open for longer than 92% of comparable works still in progress.; Behavioural change: Implementing agency's recommendation pattern shifted year-on-year (magnitude 100%). Before/after - 2025: 66 works at a median of Rs 860,971 -> 2026: 13 works at a median of Rs 1,917,200. A change point is a lead, not a finding: a new officer or a revised guideline produces one too.; Statistical outlier: A trained anomaly detector (IsolationForest) flags this work's amount-and-age profile as unusual against the national portfolio.","A human should verify the scope and estimate for this work against its peers via the Implementing Agency.","Review the lifecycle history and sanction record | Compare scope and estimate with peer works | Verify supporting documents and field evidence","LOW","LOW - open 1.9x longer than the typical completed work of this type in Goa (412 days).","Amount outlier vs peers (STATISTICAL_OUTLIER)","District Monitoring","2026-06-09","New","","TRUE"
"MP3019999-W123871","installation ANPR & CCTV Camera","Delhi","NORTH WEST DELHI(SC)","NORTH(COMMISSIONER MCD NORTH_IDA)","Hans Raj Hans (17th Lok Sabha)","8711562.00","1518960.00","5090091.00","0.8378","HIGH","3","Installation cctv - cctv cameras - cctv camera","2024-03-09","Open","Peer amount: Recommended amount at the 99th percentile of 791 comparable works (robust z 18.1).; Behavioural change: Implementing agency's recommendation pattern shifted year-on-year (magnitude 65%). Before/after - 2025: 41 works at a median of Rs 819,952 -> 2026: 12 works at a median of Rs 284,534. A change point is a lead, not a finding: a new officer or a revised guideline produces one too.; Statistical outlier: A trained anomaly detector (IsolationForest) flags this work's amount-and-age profile as unusual against the national portfolio.","A human should verify the scope and estimate for this work against its peers via the Implementing Agency.","Compare scope and estimate with peer works | Verify supporting documents and field evidence","LOW","LOW - open 1.5x longer than the typical completed work of this type in Delhi (539 days).","","District Monitoring","2026-06-09","New","","TRUE"
"MP3020003-W163388","Provision of lighting arrangement with pole in Nangal Dewat Village in ward No. 133 Mahipalpur and Palam ward under NGZ.","Delhi","SOUTH DELHI","SOUTH WEST(COMMISSIONER MCD SOUTH WEST)","Ramesh Bidhuri (17th Lok Sabha)","7136869.00","1496303.00","5086956.00","0.8499","HIGH","3","Highmast light - installation highmast - mask light","2023-12-23","Open","Peer amount: Recommended amount at the 99th percentile of 223 comparable works (robust z 9.8).; Behavioural change: Implementing agency's recommendation pattern shifted year-on-year (magnitude 75%). Before/after - 2024: 9 works at a median of Rs 1,713,944 -> 2025: 24 works at a median of Rs 421,700. A change point is a lead, not a finding: a new officer or a revised guideline produces one too.; Statistical outlier: A trained anomaly detector (IsolationForest) flags this work's amount-and-age profile as unusual against the national portfolio.","A human should verify the scope and estimate for this work against its peers via the Implementing Agency.","Review the lifecycle history and sanction record | Compare scope and estimate with peer works | Verify supporting documents and field evidence","LOW","No stalling indicators; the work is progressing within normal ranges.","Amount outlier vs peers (STATISTICAL_OUTLIER)","District Monitoring","2026-06-09","New","","TRUE"
"MP3019059-W33389","concrete bench for all block in rewa","Madhya Pradesh","REWA","REWA(DISTRICT COLLECTOR REWA_IDA)","Janardan Mishra(17th Lok Sabha)","5656200.00","1084098.00","5075693.00","0.9364","HIGH","4","Sitting bench - rcc benches - RCC","2023-10-06","Open","Peer amount: Recommended amount at the 100th percentile of 34 comparable works (robust z 29.1).; Peer duration: Open for longer than 100% of comparable works still in progress.; Behavioural change: Implementing agency's recommendation pattern shifted year-on-year (magnitude 83%). Before/after - 2025: 43 works at a median of Rs 720,000 -> 2026: 5 works at a median of Rs 125,000. A change point is a lead, not a finding: a new officer or a revised guideline produces one too.; Statistical outlier: A trained anomaly detector (IsolationForest) flags this work's amount-and-age profile as unusual against the national portfolio.","A human should verify the scope and estimate for this work against its peers via the Implementing Agency.","Review the lifecycle history and sanction record | Compare scope and estimate with peer works | Verify supporting documents and field evidence","MEDIUM","MEDIUM - open 2.3x longer than the typical completed work of this type in Madhya Pradesh (412 days).","Stalled beyond peer norm (STATISTICAL_OUTLIER); Amount outlier vs peers (STATISTICAL_OUTLIER)","District Monitoring","2026-06-09","New","","TRUE"
"MP3042499-W258729","Construction of interlocking in various villages as per the letter attached","Uttar Pradesh","CHANDAULI","CHANDAULI(DISTRICT MAGISTRATE CHANDAULI_IDA)","VIRENDRA SINGH","5077000.00","1442583.00","5075323.00","0.8796","HIGH","3","Interlocking tiles - construction interlocking - interlocking road","2026-01-12","Open","Peer amount: Recommended amount at the 100th percentile of 7203 comparable works (robust z 8.9).; Behavioural change: Implementing agency's recommendation pattern shifted year-on-year (magnitude 100%). Before/after - 2025: 155 works at a median of Rs 145,000 -> 2026: 19 works at a median of Rs 962,000. A change point is a lead, not a finding: a new officer or a revised guideline produces one too.; Statistical outlier: A trained anomaly detector (IsolationForest) flags this work's amount-and-age profile as unusual against the national portfolio.","A human should verify the scope and estimate for this work against its peers via the Implementing Agency.","Review the lifecycle history and sanction record | Compare scope and estimate with peer works | Verify supporting documents and field evidence","LOW","No stalling indicators; the work is progressing within normal ranges.","Amount outlier vs peers (STATISTICAL_OUTLIER)","District Monitoring","2026-06-09","New","","TRUE"
"MP3045895-W212607","Construction of side berms from Ganga Bakas Chowk to CCI Mode (Maa Anand Mai Marg) by providing curve stone, interlocking paver blocks etc. CCI road, Tughlakabad Village, Ward 178, CNZ","Delhi","SOUTH DELHI","SOUTH(COMMISSIONER SOUTH)","Ramvir Singh Bidhuri","7865926.00","1441163.00","5070327.00","0.8796","HIGH","3","CC road - construction cc - cc building","2025-06-26","Open","Peer amount: Recommended amount at the 100th percentile of 1941 comparable works (robust z 12.1).; Behavioural change: Implementing agency's recommendation pattern shifted year-on-year (magnitude 100%). Before/after - 2022: 6 works at a median of Rs 685,196 -> 2023: 9 works at a median of Rs 2,374,734. A change point is a lead, not a finding: a new officer or a revised guideline produces one too.; Statistical outlier: A trained anomaly detector (IsolationForest) flags this work's amount-and-age profile as unusual against the national portfolio.","A human should verify the scope and estimate for this work against its peers via the Implementing Agency.","Review the lifecycle history and sanction record | Compare scope and estimate with peer works | Verify supporting documents and field evidence","LOW","No stalling indicators; the work is progressing within normal ranges.","Amount outlier vs peers (STATISTICAL_OUTLIER)","District Monitoring","2026-06-09","New","","TRUE"
"MP3017413-W131675","Development of Basic Infrastructure facilities including Road, Footpath and drainage in VR Puram SC Colony, Ward 33, Chalakkudy Municipality","Kerala","CHALAKUDY","THRISSUR(DISTRICT COLLECTOR THRISSUR_IDA)","Shri Benny Behanan (17th Lok Sabha)","4500000.00","1074930.00","5051982.00","0.9400","HIGH","4","Construction culvert - construction drain - road","2024-03-16","Open","Peer amount: Recommended amount at the 100th percentile of 1516 comparable works (robust z 13.5).; Peer duration: Open for longer than 91% of comparable works still in progress.; Behavioural change: Implementing agency's recommendation pattern shifted year-on-year (magnitude 100%). Before/after - 2024: 313 works at a median of Rs 176,468 -> 2025: 173 works at a median of Rs 400,000. A change point is a lead, not a finding: a new officer or a revised guideline produces one too.; Statistical outlier: A trained anomaly detector (IsolationForest) flags this work's amount-and-age profile as unusual against the national portfolio.","A human should verify the scope and estimate for this work against its peers via the Implementing Agency.","Review the lifecycle history and sanction record | Compare scope and estimate with peer works | Verify supporting documents and field evidence","LOW","LOW - open 1.6x longer than the typical completed work of this type in Kerala (516 days).","Amount outlier vs peers (STATISTICAL_OUTLIER)","District Monitoring","2026-06-09","New","","TRUE"
"MP3017308-W236555","Construction of Farmers Community Hall and Training Centre at Central Co operative Bank Office Campus in Namakkal Municipal Corporation.","Tamil Nadu","Sitting Rajya Sabha","NAMAKKAL(DISTRICT COLLECTOR NAMAKKAL_IDA)","Shri K.R.N. Rajeshkumar","6500000.00","1435574.00","5050666.00","0.8796","HIGH","3","Community centre - construction community - community center","2025-09-22","Open","Peer amount: Recommended amount at the 92th percentile of 319 comparable works (robust z 20.2).; Behavioural change: Implementing agency's recommendation pattern shifted year-on-year (magnitude 100%). Before/after - 2023: 21 works at a median of Rs 235,995 -> 2024: 153 works at a median of Rs 886,945. A change point is a lead, not a finding: a new officer or a revised guideline produces one too.; Statistical outlier: A trained anomaly detector (IsolationForest) flags this work's amount-and-age profile as unusual against the national portfolio.","A human should verify the scope and estimate for this work against its peers via the Implementing Agency.","Compare scope and estimate with peer works | Verify supporting documents and field evidence","LOW","No stalling indicators; the work is progressing within normal ranges.","","District Monitoring","2026-06-09","New","","TRUE"
"MP3017417-W157751","Construction of Samskarika Nilayam , ward 4, Kadamakudy Grama Panchayath (SC Category)","Kerala","ERNAKULAM","ERNAKULAM(DISTRICT COLLECTOR ERNAKULAM_IDA)","Shri Hibi Eden","7896000.00","1435317.00","5049462.00","0.8795","HIGH","3","Building - sahebganj construction - temple","2024-12-10","Open","Peer amount: Recommended amount at the 97th percentile of 36 comparable works (robust z 7.9).; Behavioural change: Implementing agency's recommendation pattern shifted year-on-year (magnitude 100%). Before/after - 2025: 235 works at a median of Rs 249,000 -> 2026: 20 works at a median of Rs 530,000. A change point is a lead, not a finding: a new officer or a revised guideline produces one too.; Statistical outlier: A trained anomaly detector (IsolationForest) flags this work's amount-and-age profile as unusual against the national portfolio.","A human should verify the scope and estimate for this work against its peers via the Implementing Agency.","Compare scope and estimate with peer works | Verify supporting documents and field evidence","LOW","No stalling indicators; the work is progressing within normal ranges.","","District Monitoring","2026-06-09","New","","TRUE"
"MP3017338-W200404","Development of public parks.","Uttar Pradesh","Sitting Rajya Sabha","Siddharthnagar(DISTRICT MAGISTRATE SIDDHARTH NAGAR_IDA)","Shri Brij Lal","5176000.00","1470700.00","5046442.00","0.8578","HIGH","3","Sitting bench - rcc benches - RCC","2025-05-17","Open","Peer amount: Recommended amount at the 97th percentile of 65 comparable works (robust z 4.0).; Behavioural change: Implementing agency's recommendation pattern shifted year-on-year (magnitude 100%). Before/after - 2023: 192 works at a median of Rs 50,000 -> 2024: 21 works at a median of Rs 780,000. A change point is a lead, not a finding: a new officer or a revised guideline produces one too.; Statistical outlier: A trained anomaly detector (IsolationForest) flags this work's amount-and-age profile as unusual against the national portfolio.","A human should verify the scope and estimate for this work against its peers via the Implementing Agency.","Compare scope and estimate with peer works | Verify supporting documents and field evidence","MEDIUM","MEDIUM - open 1.9x longer than the typical completed work of this type in Uttar Pradesh (199 days).","","District Monitoring","2026-06-09","New","","TRUE"
"MP3017278-W251724","Construction of Public Library and Community center at Integrity Park Hongmahn (Khongbal) Tangkhul village","Manipur","Sitting Rajya Sabha","KANGPOKPI(Deputy Commissioner Kangpokpi MPLADS_ida)","Shri Maharaja Sanajaoba Leishemba","8000000.00","1429826.00","5030441.00","0.8796","HIGH","3","Community centre - construction community - community center","2025-12-01","Open","Peer amount: Recommended amount at the 98th percentile of 1038 comparable works (robust z 14.0).; Behavioural change: Implementing agency's recommendation pattern shifted year-on-year (magnitude 100%). Before/after - 2024: 5 works at a median of Rs 1,000,000 -> 2025: 11 works at a median of Rs 2,000,000. A change point is a lead, not a finding: a new officer or a revised guideline produces one too.; Statistical outlier: A trained anomaly detector (IsolationForest) flags this work's amount-and-age profile as unusual against the national portfolio.","A human should verify the scope and estimate for this work against its peers via the Implementing Agency.","Compare scope and estimate with peer works | Verify supporting documents and field evidence","LOW","LOW - open 1.7x longer than the typical completed work of this type in Manipur (103 days).","","District Monitoring","2026-06-09","New","","TRUE"
"MP3018989-W131812","Construction of community hall near sateri shantadurga devsthan adalpvap bicholim","Goa","NORTH GOA","NORTH GOA(DISTRICT COLLECTOR NORTH GOA_IDA)","Shripad Yesso Naik","8493404.00","1426451.00","5010670.00","0.8782","HIGH","3","Community hall - construction community - hall village","2024-03-16","Open","Peer amount: Recommended amount at the 96th percentile of 16171 comparable works (robust z 6.6).; Behavioural change: Implementing agency's recommendation pattern shifted year-on-year (magnitude 100%). Before/after - 2025: 66 works at a median of Rs 860,971 -> 2026: 13 works at a median of Rs 1,917,200. A change point is a lead, not a finding: a new officer or a revised guideline produces one too.; Statistical outlier: A trained anomaly detector (IsolationForest) flags this work's amount-and-age profile as unusual against the national portfolio.","A human should verify the scope and estimate for this work against its peers via the Implementing Agency.","Compare scope and estimate with peer works | Verify supporting documents and field evidence","LOW","LOW - open 1.9x longer than the typical completed work of this type in Goa (412 days).","","District Monitoring","2026-06-09","New","","TRUE"
"MP3018396-W93503","Construction of Multi Purpose Hall & Gym Building","Tamil Nadu","CHENNAI SOUTH","CHENNAI(COMMISSIONER MUNCIPAL CORPORATION CHENNAI_IDA)","T Sumathy (A) Thamizhachi Thangapandian","6500000.00","1435574.00","5006119.00","0.8718","HIGH","3","Open gym - gym equipment - installation open","2024-02-01","Open","Peer amount: Recommended amount at the 99th percentile of 124 comparable works (robust z 16.2).; Behavioural change: Implementing agency's recommendation pattern shifted year-on-year (magnitude 94%). Before/after - 2023: 50 works at a median of Rs 1,134,160 -> 2024: 73 works at a median of Rs 2,195,272. A change point is a lead, not a finding: a new officer or a revised guideline produces one too.; Statistical outlier: A trained anomaly detector (IsolationForest) flags this work's amount-and-age profile as unusual against the national portfolio.","A human should verify the scope and estimate for this work against its peers via the Implementing Agency.","Compare scope and estimate with peer works | Verify supporting documents and field evidence","LOW","No stalling indicators; the work is progressing within normal ranges.","","District Monitoring","2026-06-09","New","","TRUE"
"MP3017341-W198845","Classrooms construction work at Kedarnath Prayag Narayan Lavkush Narayan (K.N.P.N.L.N.) Inter College, Maurawan, District Unnao.","Uttar Pradesh","Sitting Rajya Sabha","UNNAO(DISTRICT MAGIISTRATE UNNAO_IDA)","Dr. Sudhanshu Trivedi","5000000.00","1420713.00","4998382.00","0.8796","HIGH","3","Classroom - high school - primary school","2025-05-12","Open","Peer amount: Recommended amount at the 100th percentile of 602 comparable works (robust z 9.9).; Behavioural change: Implementing agency's recommendation pattern shifted year-on-year (magnitude 100%). Before/after - 2024: 47 works at a median of Rs 300,000 -> 2025: 62 works at a median of Rs 977,500. A change point is a lead, not a finding: a new officer or a revised guideline produces one too.; Statistical outlier: A trained anomaly detector (IsolationForest) flags this work's amount-and-age profile as unusual against the national portfolio.","A human should verify the scope and estimate for this work against its peers via the Implementing Agency.","Review the lifecycle history and sanction record | Compare scope and estimate with peer works | Verify supporting documents and field evidence","LOW","No stalling indicators; the work is progressing within normal ranges.","Amount outlier vs peers (STATISTICAL_OUTLIER)","District Monitoring","2026-06-09","New","","TRUE"
"MP3019166-W42070","Construction of a Community Hall","Tamil Nadu","SRIPERUMBUDUR","KANCHIPURAM(DISTRICT COLLECTOR KANCHEEPURAM_IDA)","Thalikkottai Rajuthevar Baalu(17th Lok Sabha)","5000000.00","1039516.00","4982379.00","0.9586","HIGH","4","Community hall - construction community - hall village","2023-10-30","Open","Peer amount: Recommended amount at the 97th percentile of 598 comparable works (robust z 8.1).; Peer duration: Open for longer than 93% of comparable works still in progress.; Statistical outlier: A trained anomaly detector (IsolationForest) flags this work's amount-and-age profile as unusual against the national portfolio.; Near-duplicate work: A work in the same state and archetype is 100.0% semantically similar (MP3019166-W42069). Repeated descriptions are common in this scheme, so a human should confirm these are genuinely separate works.","A human should verify the scope and estimate for this work against its peers via the Implementing Agency.","Check duplicate possibility against the matched work | Compare scope and estimate with peer works | Verify supporting documents and field evidence","LOW","LOW - open 1.8x longer than the typical completed work of this type in Tamil Nadu (529 days).","","District Monitoring","2026-06-09","New","","TRUE"
"MP3017476-W34848","Construction of C.C. Road From Filter To Bhavaitand Pulser Shop At Sirsaganj, Distt. Firozabad","Uttar Pradesh","FIROZABAD","FIROZABAD(DISTRICT MAGISTRATE FIROZABAD_IDA)","Dr Chandra Sen Jadon (17th Lok Sabha)","4900000.00","1399106.00","4955138.00","0.8854","HIGH","3","Construction road - construction ambulance - apex road","2023-10-09","Open","Peer amount: Recommended amount at the 100th percentile of 7203 comparable works (robust z 8.5).; Peer duration: Open for longer than 95% of comparable works still in progress.; Statistical outlier: A trained anomaly detector (IsolationForest) flags this work's amount-and-age profile as unusual against the national portfolio.","A human should verify the scope and estimate for this work against its peers via the Implementing Agency.","Review the lifecycle history and sanction record | Compare scope and estimate with peer works | Verify supporting documents and field evidence","MEDIUM","MEDIUM - open 3.1x longer than the typical completed work of this type in Uttar Pradesh (307 days).","Amount outlier vs peers (STATISTICAL_OUTLIER)","District Monitoring","2026-06-09","New","","TRUE"
"MP3042496-W274517","Supply and installation of 43 Highmast lights in many areas of barabanki lok sabha","Uttar Pradesh","BARABANKI(SC)","Bara Banki(DISTRICT MAGISTRATE BARABANKI_IDA)","TANUJ PUNIA","9030000.00","1404120.00","4940001.00","0.8796","HIGH","3","Highmast light - installation highmast - mask light","2026-03-16","Open","Peer amount: Recommended amount at the 100th percentile of 4191 comparable works (robust z 68.9).; Behavioural change: Implementing agency's recommendation pattern shifted year-on-year (magnitude 100%). Before/after - 2024: 171 works at a median of Rs 19,926 -> 2025: 22 works at a median of Rs 1,716,646. A change point is a lead, not a finding: a new officer or a revised guideline produces one too.; Statistical outlier: A trained anomaly detector (IsolationForest) flags this work's amount-and-age profile as unusual against the national portfolio.","A human should verify the scope and estimate for this work against its peers via the Implementing Agency.","Review the lifecycle history and sanction record | Compare scope and estimate with peer works | Verify supporting documents and field evidence","LOW","No stalling indicators; the work is progressing within normal ranges.","Amount outlier vs peers (STATISTICAL_OUTLIER)","District Monitoring","2026-06-09","New","","TRUE"
"MP3023812-W150710","Construction of Paver Block road with GSB subgrade from Action Club near Msanbabar Path on Kakina road to near House of Sri Tarakanta Barman under Gosanimari-II G.P within Dinhat-I block of District Cooch Behar.","West Bengal","Sitting Rajya Sabha","Cooch Behar(DISTRICT MAGISTRATE COOCHBEHAR_IDA)","Shri Nagendra Ray","6496210.68","1460348.00","4929853.00","0.8440","HIGH","3","Construction paver - paving - village","2024-11-04","Open","Peer amount: Recommended amount at the 100th percentile of 1971 comparable works (robust z 29.0).; Behavioural change: Implementing agency's recommendation pattern shifted year-on-year (magnitude 70%). Before/after - 2025: 108 works at a median of Rs 586,716 -> 2026: 7 works at a median of Rs 1,000,000. A change point is a lead, not a finding: a new officer or a revised guideline produces one too.; Statistical outlier: A trained anomaly detector (IsolationForest) flags this work's amount-and-age profile as unusual against the national portfolio.","A human should verify the scope and estimate for this work against its peers via the Implementing Agency.","Review the lifecycle history and sanction record | Compare scope and estimate with peer works | Verify supporting documents and field evidence","MEDIUM","MEDIUM - open 2.3x longer than the typical completed work of this type in West Bengal (250 days).","Amount outlier vs peers (STATISTICAL_OUTLIER)","District Monitoring","2026-06-09","New","","TRUE"
"MP3017458-W24000","aatru paalam tharai paalam","Tamil Nadu","KANNIYAKUMARI","KANNIYAKUMARI(DISTRICT COLLECTOR KANNIYAKUMARI_IDA)","vijayakumar Vasanth","7500000.00","1391649.00","4922199.00","0.8842","HIGH","3","Solar rai - installation","2023-09-21","Open","Peer amount: Recommended amount at the 100th percentile of 53 comparable works (robust z 13.9).; Peer duration: Open for longer than 94% of comparable works still in progress.; Statistical outlier: A trained anomaly detector (IsolationForest) flags this work's amount-and-age profile as unusual against the national portfolio.","A human should verify the scope and estimate for this work against its peers via the Implementing Agency.","Review the lifecycle history and sanction record | Compare scope and estimate with peer works | Verify supporting documents and field evidence","LOW","LOW - open 1.3x longer than the typical completed work of this type in Tamil Nadu (745 days).","Amount outlier vs peers (STATISTICAL_OUTLIER)","District Monitoring","2026-06-09","New","","TRUE"
"MP3017455-W167531","Construction of Community Hall in First Floor at Neval Hospital road in dn-58, u-14, Zone-5.","Tamil Nadu","CHENNAI CENTRAL","CHENNAI(COMMISSIONER MUNCIPAL CORPORATION CHENNAI_IDA)","Thiru Dayanidhi Maran","15000000.00","1408316.00","4911065.00","0.8718","HIGH","3","Community hall - construction community - hall village","2025-01-21","Open","Peer amount: Recommended amount at the 100th percentile of 1462 comparable works (robust z 30.0).; Behavioural change: Implementing agency's recommendation pattern shifted year-on-year (magnitude 94%). Before/after - 2023: 50 works at a median of Rs 1,134,160 -> 2024: 73 works at a median of Rs 2,195,272. A change point is a lead, not a finding: a new officer or a revised guideline produces one too.; Statistical outlier: A trained anomaly detector (IsolationForest) flags this work's amount-and-age profile as unusual against the national portfolio.","A human should verify the scope and estimate for this work against its peers via the Implementing Agency.","Review the lifecycle history and sanction record | Compare scope and estimate with peer works | Verify supporting documents and field evidence","LOW","No stalling indicators; the work is progressing within normal ranges.","Amount outlier vs peers (STATISTICAL_OUTLIER)","District Monitoring","2026-06-09","New","","TRUE"
"MP3023700-W228743","Construction of gate and boundary wall in Shri Ramlila Aishbagh premises","Uttar Pradesh","Sitting Rajya Sabha","LUCKNOW(DISTRICT MAGISTRAE LUCKNOW_IDA)","Dr. Dinesh Sharma","5000000.00","1420713.00","4905279.00","0.8632","HIGH","3","Construction boundary - boundary wall - construction compound","2025-08-24","Open","Peer amount: Recommended amount at the 100th percentile of 79 comparable works (robust z 7.9).; Behavioural change: Implementing agency's recommendation pattern shifted year-on-year (magnitude 86%). Before/after - 2024: 177 works at a median of Rs 627,534 -> 2025: 125 works at a median of Rs 1,170,000. A change point is a lead, not a finding: a new officer or a revised guideline produces one too.; Statistical outlier: A trained anomaly detector (IsolationForest) flags this work's amount-and-age profile as unusual against the national portfolio.","A human should verify the scope and estimate for this work against its peers via the Implementing Agency.","Review the lifecycle history and sanction record | Compare scope and estimate with peer works | Verify supporting documents and field evidence","LOW","No stalling indicators; the work is progressing within normal ranges.","Amount outlier vs peers (STATISTICAL_OUTLIER)","District Monitoring","2026-06-09","New","","TRUE"
"MP3017264-W174294","Smart Boards","Maharashtra","Sitting Rajya Sabha","AKOLA(DISTRICT COLLECTOR AKOLA_IDA)","Shri Imran Pratapgarhi","9999175.00","1423706.00","4896991.00","0.8599","HIGH","3","School - smart class - computer","2025-02-07","Open","Peer amount: Recommended amount at the 99th percentile of 1552 comparable works (robust z 30.7).; Behavioural change: Implementing agency's recommendation pattern shifted year-on-year (magnitude 84%). Before/after - 2023: 87 works at a median of Rs 500,000 -> 2024: 12 works at a median of Rs 918,416. A change point is a lead, not a finding: a new officer or a revised guideline produces one too.; Statistical outlier: A trained anomaly detector (IsolationForest) flags this work's amount-and-age profile as unusual against the national portfolio.","A human should verify the scope and estimate for this work against its peers via the Implementing Agency.","Review the lifecycle history and sanction record | Compare scope and estimate with peer works | Verify supporting documents and field evidence","LOW","No stalling indicators; the work is progressing within normal ranges.","Amount outlier vs peers (STATISTICAL_OUTLIER)","District Monitoring","2026-06-09","New","","TRUE"
"MP3023700-W192647","Construction of a auditorium academic room in Atal Bihari Bajpai Municipal Degree College 50 Laks Maximum Limit","Uttar Pradesh","Sitting Rajya Sabha","LUCKNOW(DISTRICT MAGISTRAE LUCKNOW_IDA)","Dr. Dinesh Sharma","4988000.00","1417305.00","4893827.00","0.8632","HIGH","3","Class room - construction class - school","2025-04-19","Open","Peer amount: Recommended amount at the 99th percentile of 602 comparable works (robust z 9.9).; Behavioural change: Implementing agency's recommendation pattern shifted year-on-year (magnitude 86%). Before/after - 2024: 177 works at a median of Rs 627,534 -> 2025: 125 works at a median of Rs 1,170,000. A change point is a lead, not a finding: a new officer or a revised guideline produces one too.; Statistical outlier: A trained anomaly detector (IsolationForest) flags this work's amount-and-age profile as unusual against the national portfolio.","A human should verify the scope and estimate for this work against its peers via the Implementing Agency.","Review the lifecycle history and sanction record | Compare scope and estimate with peer works | Verify supporting documents and field evidence","LOW","No stalling indicators; the work is progressing within normal ranges.","Amount outlier vs peers (STATISTICAL_OUTLIER)","District Monitoring","2026-06-09","New","","TRUE"
"MP3017338-W142762","List as per attached.","Uttar Pradesh","Sitting Rajya Sabha","Siddharthnagar(DISTRICT MAGISTRATE SIDDHARTH NAGAR_IDA)","Shri Brij Lal","5000000.00","1388396.00","4884681.00","0.8796","HIGH","3","Installation cctv - cctv cameras - cctv camera","2024-09-23","Open","Peer amount: Recommended amount at the 99th percentile of 113 comparable works (robust z 448.8).; Behavioural change: Implementing agency's recommendation pattern shifted year-on-year (magnitude 100%). Before/after - 2023: 192 works at a median of Rs 50,000 -> 2024: 21 works at a median of Rs 780,000. A change point is a lead, not a finding: a new officer or a revised guideline produces one too.; Statistical outlier: A trained anomaly detector (IsolationForest) flags this work's amount-and-age profile as unusual against the national portfolio.","A human should verify the scope and estimate for this work against its peers via the Implementing Agency.","Review the lifecycle history and sanction record | Compare scope and estimate with peer works | Verify supporting documents and field evidence","LOW","LOW - open 1.5x longer than the typical completed work of this type in Uttar Pradesh (412 days).","Amount outlier vs peers (STATISTICAL_OUTLIER)","District Monitoring","2026-06-09","New","","TRUE"
"MP3018396-W93481","Construction of School Building","Tamil Nadu","CHENNAI SOUTH","CHENNAI(COMMISSIONER MUNCIPAL CORPORATION CHENNAI_IDA)","T Sumathy (A) Thamizhachi Thangapandian","6750000.00","1490763.00","4877022.00","0.8179","HIGH","3","Classroom - high school - primary school","2024-02-01","Open","Peer amount: Recommended amount at the 97th percentile of 152 comparable works (robust z 2.9).; Behavioural change: Implementing agency's recommendation pattern shifted year-on-year (magnitude 94%). Before/after - 2023: 50 works at a median of Rs 1,134,160 -> 2024: 73 works at a median of Rs 2,195,272. A change point is a lead, not a finding: a new officer or a revised guideline produces one too.; Statistical outlier: A trained anomaly detector (IsolationForest) flags this work's amount-and-age profile as unusual against the national portfolio.","A human should verify the scope and estimate for this work against its peers via the Implementing Agency.","Compare scope and estimate with peer works | Verify supporting documents and field evidence","LOW","No stalling indicators; the work is progressing within normal ranges.","","District Monitoring","2026-06-09","New","","TRUE"
"MP3017338-W147629","Letter as per attched.","Uttar Pradesh","Sitting Rajya Sabha","Siddharthnagar(DISTRICT MAGISTRATE SIDDHARTH NAGAR_IDA)","Shri Brij Lal","4992000.00","1386175.00","4876869.00","0.8796","HIGH","3","Installation cctv - cctv cameras - cctv camera","2024-10-16","Open","Peer amount: Recommended amount at the 100th percentile of 7203 comparable works (robust z 8.7).; Behavioural change: Implementing agency's recommendation pattern shifted year-on-year (magnitude 100%). Before/after - 2023: 192 works at a median of Rs 50,000 -> 2024: 21 works at a median of Rs 780,000. A change point is a lead, not a finding: a new officer or a revised guideline produces one too.; Statistical outlier: A trained anomaly detector (IsolationForest) flags this work's amount-and-age profile as unusual against the national portfolio.","A human should verify the scope and estimate for this work against its peers via the Implementing Agency.","Review the lifecycle history and sanction record | Compare scope and estimate with peer works | Verify supporting documents and field evidence","MEDIUM","MEDIUM - open 1.9x longer than the typical completed work of this type in Uttar Pradesh (307 days).","Amount outlier vs peers (STATISTICAL_OUTLIER)","District Monitoring","2026-06-09","New","","TRUE"
"MP3017242-W259571","Construction of 5 class rooms and other works to Govt Higher Primary school at Ballurgi village in Afzalpur Taluka","Karnataka","Sitting Rajya Sabha","KALABURAGI(DEPUTY COMMISSIONER GULBARGA_IDA)","Shri Mallikarjun Kharge","10500000.00","1385239.00","4873575.00","0.8796","HIGH","3","Class room - construction class - school","2026-01-29","Open","Peer amount: Recommended amount at the 100th percentile of 120 comparable works (robust z 446.6).; Behavioural change: Implementing agency's recommendation pattern shifted year-on-year (magnitude 100%). Before/after - 2025: 41 works at a median of Rs 499,000 -> 2026: 49 works at a median of Rs 3,400,000. A change point is a lead, not a finding: a new officer or a revised guideline produces one too.; Statistical outlier: A trained anomaly detector (IsolationForest) flags this work's amount-and-age profile as unusual against the national portfolio.","A human should verify the scope and estimate for this work against its peers via the Implementing Agency.","Review the lifecycle history and sanction record | Compare scope and estimate with peer works | Verify supporting documents and field evidence","LOW","No stalling indicators; the work is progressing within normal ranges.","Amount outlier vs peers (STATISTICAL_OUTLIER)","District Monitoring","2026-06-09","New","","TRUE"
"MP3019254-W266612","supply and installation of led semi high mast at different 25 places in district pilibhit","Jammu And Kashmir","Nominated Rajya Sabha","PILIBHIT(DISTRICT MAGISTRAE PILIBHIT_IDA)","Shri Gulam Ali","7075000.00","1683512.00","4858322.00","0.7215","HIGH","3","High mast - mast light - LED","2026-02-05","Open","Peer amount: Recommended amount at the 97th percentile of 154 comparable works (robust z 0.0).; Behavioural change: Implementing agency's recommendation pattern shifted year-on-year (magnitude 100%). Before/after - 2024: 14 works at a median of Rs 802,332 -> 2025: 22 works at a median of Rs 2,456,000. A change point is a lead, not a finding: a new officer or a revised guideline produces one too.; Statistical outlier: A trained anomaly detector (IsolationForest) flags this work's amount-and-age profile as unusual against the national portfolio.","A human should verify the scope and estimate for this work against its peers via the Implementing Agency.","Compare scope and estimate with peer works | Verify supporting documents and field evidence","LOW","LOW - open 1.9x longer than the typical completed work of this type in Jammu And Kashmir (58 days).","","District Monitoring","2026-06-09","New","","TRUE"
"MP3017328-W218811","Construction of boundary wall and public toilet near Radha Krishna temple in village Karondia","Uttar Pradesh","Sitting Rajya Sabha","MIRZAPUR(DISTRICT MAGISTRATE MIRZAPUR_IDA)","Shri Arun Singh","4852000.00","1378678.00","4834034.00","0.8766","HIGH","3","Construction boundary - boundary wall - construction compound","2025-07-15","Open","Peer amount: Recommended amount at the 100th percentile of 40 comparable works (robust z 5.9).; Behavioural change: Implementing agency's recommendation pattern shifted year-on-year (magnitude 100%). Before/after - 2024: 90 works at a median of Rs 500,000 -> 2025: 23 works at a median of Rs 3,754,000. A change point is a lead, not a finding: a new officer or a revised guideline produces one too.; Statistical outlier: A trained anomaly detector (IsolationForest) flags this work's amount-and-age profile as unusual against the national portfolio.","A human should verify the scope and estimate for this work against its peers via the Implementing Agency.","Review the lifecycle history and sanction record | Compare scope and estimate with peer works | Verify supporting documents and field evidence","LOW","No stalling indicators; the work is progressing within normal ranges.","Amount outlier vs peers (STATISTICAL_OUTLIER)","District Monitoring","2026-06-09","New","","TRUE"
"MP3017338-W147610","letter as per attached.","Uttar Pradesh","Sitting Rajya Sabha","Siddharthnagar(DISTRICT MAGISTRATE SIDDHARTH NAGAR_IDA)","Shri Brij Lal","4939000.00","1371465.00","4825114.00","0.8796","HIGH","3","Installation cctv - cctv cameras - cctv camera","2024-10-16","Open","Peer amount: Recommended amount at the 100th percentile of 6132 comparable works (robust z 343.4).; Behavioural change: Implementing agency's recommendation pattern shifted year-on-year (magnitude 100%). Before/after - 2023: 192 works at a median of Rs 50,000 -> 2024: 21 works at a median of Rs 780,000. A change point is a lead, not a finding: a new officer or a revised guideline produces one too.; Statistical outlier: A trained anomaly detector (IsolationForest) flags this work's amount-and-age profile as unusual against the national portfolio.","A human should verify the scope and estimate for this work against its peers via the Implementing Agency.","Review the lifecycle history and sanction record | Compare scope and estimate with peer works | Verify supporting documents and field evidence","MEDIUM","MEDIUM - open 2.3x longer than the typical completed work of this type in Uttar Pradesh (252 days).","Amount outlier vs peers (STATISTICAL_OUTLIER)","District Monitoring","2026-06-09","New","","TRUE"
"MP3018940-W51863","Construction of 1000KL drinking water tank at Hill station, near Balajinagar Zone-1 of 29th ward of ST area Jangareddygudem Municipality","Andhra Pradesh","ELURU","Eluru(DISTRICT COLLECTOR ELURU_IDA)","Kotagiri Sridhar","5000000.00","1037581.00","4821360.00","0.9293","HIGH","4","Water tank - installation water - submersible pump","2023-11-22","Open","Peer amount: Recommended amount at the 100th percentile of 44 comparable works (robust z 14.9).; Peer duration: Open for longer than 91% of comparable works still in progress.; Behavioural change: Implementing agency's recommendation pattern shifted year-on-year (magnitude 83%). Before/after - 2023: 6 works at a median of Rs 2,309,328 -> 2024: 124 works at a median of Rs 400,000. A change point is a lead, not a finding: a new officer or a revised guideline produces one too.; Statistical outlier: A trained anomaly detector (IsolationForest) flags this work's amount-and-age profile as unusual against the national portfolio.","A human should verify the scope and estimate for this work against its peers via the Implementing Agency.","Review the lifecycle history and sanction record | Compare scope and estimate with peer works | Verify supporting documents and field evidence","LOW","No stalling indicators; the work is progressing within normal ranges.","Amount outlier vs peers (STATISTICAL_OUTLIER)","District Monitoring","2026-06-09","New","","TRUE"
"MP3017324-W244462","Construction of a CC road from the main road in Ward No. 35, Mu. Shatabdipuram, passing by the house of Dr. T.N. Dubey, journalist, up to the houses of Banshidhar Nishad, Prahlad Mall, and Rajesh Shukla.","Uttar Pradesh","Sitting Rajya Sabha","GORAKHPUR(DISTRICT MAGISTRATE GORAKHPUR_IDA)","Dr. Radha Mohan Das Agrawal","4694000.00","1364905.00","4802036.00","0.8796","HIGH","3","CC road - construction cc - cc building","2025-10-29","Open","Peer amount: Recommended amount at the 100th percentile of 7203 comparable works (robust z 8.0).; Behavioural change: Implementing agency's recommendation pattern shifted year-on-year (magnitude 100%). Before/after - 2024: 262 works at a median of Rs 287,000 -> 2025: 69 works at a median of Rs 1,180,000. A change point is a lead, not a finding: a new officer or a revised guideline produces one too.; Statistical outlier: A trained anomaly detector (IsolationForest) flags this work's amount-and-age profile as unusual against the national portfolio.","A human should verify the scope and estimate for this work against its peers via the Implementing Agency.","Review the lifecycle history and sanction record | Compare scope and estimate with peer works | Verify supporting documents and field evidence","LOW","No stalling indicators; the work is progressing within normal ranges.","Amount outlier vs peers (STATISTICAL_OUTLIER)","District Monitoring","2026-06-09","New","","TRUE"
"MP3044251-W155524","Construction of the following for the Development of playground at Shangshak Phunghon; 1) Construction of Stage & Ceiling 2) Ground development 3) Gallery Block- 1 4) Gallery Block- 2 5) Gallery Block- 3 6) Retaining Wall- Eastern side","Manipur","OUTER MANIPUR(ST)","UKHRUL(Deputy Commissioner Ukhrul_ida)","ALFRED KANNGAM S ARTHUR","11000000.00","1360781.00","4787526.00","0.8796","HIGH","3","Construction building - community building - cultural activities","2024-11-28","Open","Peer amount: Recommended amount at the 100th percentile of 675 comparable works (robust z 23.9).; Behavioural change: Implementing agency's recommendation pattern shifted year-on-year (magnitude 100%). Before/after - 2024: 12 works at a median of Rs 600,000 -> 2025: 9 works at a median of Rs 3,500,000. A change point is a lead, not a finding: a new officer or a revised guideline produces one too.; Statistical outlier: A trained anomaly detector (IsolationForest) flags this work's amount-and-age profile as unusual against the national portfolio.","A human should verify the scope and estimate for this work against its peers via the Implementing Agency.","Review the lifecycle history and sanction record | Compare scope and estimate with peer works | Verify supporting documents and field evidence","LOW","No stalling indicators; the work is progressing within normal ranges.","Amount outlier vs peers (STATISTICAL_OUTLIER)","District Monitoring","2026-06-09","New","","TRUE"
"MP3042566-W155197","Construction of CC Roads at Ward No. 30","Karnataka","Sitting Rajya Sabha","BALLARI(DEPUTY COMMISSIONER BELLARY_IDA)","Dr. Syed Naseer Hussain","10000000.00","1353405.00","4761576.00","0.8796","HIGH","3","CC road - construction cc - cc building","2024-11-26","Open","Peer amount: Recommended amount at the 100th percentile of 1855 comparable works (robust z 6294.4).; Behavioural change: Implementing agency's recommendation pattern shifted year-on-year (magnitude 100%). Before/after - 2023: 23 works at a median of Rs 300,000 -> 2024: 26 works at a median of Rs 1,675,000. A change point is a lead, not a finding: a new officer or a revised guideline produces one too.; Statistical outlier: A trained anomaly detector (IsolationForest) flags this work's amount-and-age profile as unusual against the national portfolio.","A human should verify the scope and estimate for this work against its peers via the Implementing Agency.","Review the lifecycle history and sanction record | Compare scope and estimate with peer works | Verify supporting documents and field evidence","LOW","LOW - open 1.3x longer than the typical completed work of this type in Karnataka (407 days).","Amount outlier vs peers (STATISTICAL_OUTLIER)","District Monitoring","2026-06-09","New","","TRUE"
"MP3017485-W141110","2 storied building for skill development centre","West Bengal","BARASAT","North 24 Parganas(DISTRICT MAGISTRATE NORTH TWENTY FOUR PARGANAS_IDA)","Kakoli Ghosh Dastidar","11000000.00","1353340.00","4761346.00","0.8796","HIGH","3","Construction building - community building - cultural activities","2024-09-15","Open","Peer amount: Recommended amount at the 100th percentile of 401 comparable works (robust z 14.4).; Behavioural change: Implementing agency's recommendation pattern shifted year-on-year (magnitude 100%). Before/after - 2025: 156 works at a median of Rs 500,000 -> 2026: 29 works at a median of Rs 1,100,000. A change point is a lead, not a finding: a new officer or a revised guideline produces one too.; Statistical outlier: A trained anomaly detector (IsolationForest) flags this work's amount-and-age profile as unusual against the national portfolio.","A human should verify the scope and estimate for this work against its peers via the Implementing Agency.","Review the lifecycle history and sanction record | Compare scope and estimate with peer works | Verify supporting documents and field evidence","LOW","LOW - open 1.5x longer than the typical completed work of this type in West Bengal (407 days).","Amount outlier vs peers (STATISTICAL_OUTLIER)","District Monitoring","2026-06-09","New","","TRUE"
"MP3019221-W27287","CONSTRUCTION OF COMMUNITY CENTRE","Uttar Pradesh","BALLIA","BALLIA(DISTRICT MAGISTRAE BALLIA_IDA)","Virendra Singh(17th Lok Sabha)","5100000.00","1449115.00","4751697.00","0.8198","HIGH","3","Community centre - construction community - community center","2023-09-27","Open","Peer amount: Recommended amount at the 100th percentile of 308 comparable works (robust z 6.7).; Behavioural change: Implementing agency's recommendation pattern shifted year-on-year (magnitude 52%). Before/after - 2025: 135 works at a median of Rs 448,000 -> 2026: 224 works at a median of Rs 216,000. A change point is a lead, not a finding: a new officer or a revised guideline produces one too.; Statistical outlier: A trained anomaly detector (IsolationForest) flags this work's amount-and-age profile as unusual against the national portfolio.","A human should verify the scope and estimate for this work against its peers via the Implementing Agency.","Review the lifecycle history and sanction record | Compare scope and estimate with peer works | Verify supporting documents and field evidence","LOW","LOW - open 1.4x longer than the typical completed work of this type in Uttar Pradesh (683 days).","Amount outlier vs peers (STATISTICAL_OUTLIER)","District Monitoring","2026-06-09","New","","TRUE"
"MP3042485-W221826","Construction of RCC single storied framed structure building at Medical Service Centre Niramay under Ramkrishna Mission, Viveknagar, Dukli Agartala, West Tripura","Tripura","TRIPURA WEST","West Tripura(DISTRICT MAGISTRATE WEST TRIPURA_IDA)","BIPLAB KUMAR DEB","10000000.00","1347588.00","4740935.00","0.8795","HIGH","3","Building - sahebganj construction - temple","2025-07-24","Open","Peer amount: Recommended amount at the 100th percentile of 16171 comparable works (robust z 7.9).; Behavioural change: Implementing agency's recommendation pattern shifted year-on-year (magnitude 100%). Before/after - 2023: 109 works at a median of Rs 205,000 -> 2024: 39 works at a median of Rs 942,500. A change point is a lead, not a finding: a new officer or a revised guideline produces one too.; Statistical outlier: A trained anomaly detector (IsolationForest) flags this work's amount-and-age profile as unusual against the national portfolio.","A human should verify the scope and estimate for this work against its peers via the Implementing Agency.","Review the lifecycle history and sanction record | Compare scope and estimate with peer works | Verify supporting documents and field evidence","LOW","No stalling indicators; the work is progressing within normal ranges.","Amount outlier vs peers (STATISTICAL_OUTLIER)","District Monitoring","2026-06-09","New","","TRUE"
"MP3017389-W222829","Purchase of Blood Collection Van for Civil Hospital, SOLA, Ahmedabad","Gujarat","GANDHINAGAR","AHMADABAD(DISTRICT COLLECTOR AHMADABAD_IDA)","Shri Amit Shah","5000000.00","1369101.00","4705709.00","0.8593","HIGH","3","Installation cctv - cctv cameras - cctv camera","2025-07-28","Open","Peer amount: Recommended amount at the 95th percentile of 45 comparable works (robust z 4.0).; Behavioural change: Implementing agency's recommendation pattern shifted year-on-year (magnitude 100%). Before/after - 2023: 262 works at a median of Rs 249,853 -> 2024: 108 works at a median of Rs 499,448. A change point is a lead, not a finding: a new officer or a revised guideline produces one too.; Statistical outlier: A trained anomaly detector (IsolationForest) flags this work's amount-and-age profile as unusual against the national portfolio.","A human should verify the scope and estimate for this work against its peers via the Implementing Agency.","Compare scope and estimate with peer works | Verify supporting documents and field evidence","LOW","No stalling indicators; the work is progressing within normal ranges.","","District Monitoring","2026-06-09","New","","TRUE"
"MP3017305-W70361","Construction Bus Terminus @ Muthamizh Kalaignar Nootrandu Vizha Ninaivu Bus stop in Kumarannagar, in Kolathur MLA Constituency.","Tamil Nadu","Sitting Rajya Sabha","CHENNAI(COMMISSIONER MUNCIPAL CORPORATION CHENNAI_IDA)","Shri R. Girirajan","10000000.00","1002189.00","4702994.00","0.9385","HIGH","4","Bus shelter - bus stop - bus stand","2023-12-27","Open","Peer amount: Recommended amount at the 99th percentile of 1462 comparable works (robust z 19.5).; Peer duration: Open for longer than 95% of comparable works still in progress.; Behavioural change: Implementing agency's recommendation pattern shifted year-on-year (magnitude 94%). Before/after - 2023: 50 works at a median of Rs 1,134,160 -> 2024: 73 works at a median of Rs 2,195,272. A change point is a lead, not a finding: a new officer or a revised guideline produces one too.; Statistical outlier: A trained anomaly detector (IsolationForest) flags this work's amount-and-age profile as unusual against the national portfolio.","A human should verify the scope and estimate for this work against its peers via the Implementing Agency.","Review the lifecycle history and sanction record | Compare scope and estimate with peer works | Verify supporting documents and field evidence","LOW","LOW - open 2.1x longer than the typical completed work of this type in Tamil Nadu (412 days).","Amount outlier vs peers (STATISTICAL_OUTLIER)","District Monitoring","2026-06-09","New","","TRUE"
"MP3019160-W51008","Construction of New Community Centre @ Murunellikottai Panchayat","Tamil Nadu","DINDIGUL","DINDIGUL(DISTRICT COLLECTOR DINDIGUL_IDA)","P Velusamy(17th Lok Sabha)","4500000.00","994025.00","4670970.00","0.9398","HIGH","4","Community centre - construction community - community center","2023-11-21","Open","Peer amount: Recommended amount at the 93th percentile of 598 comparable works (robust z 7.1).; Peer duration: Open for longer than 91% of comparable works still in progress.; Behavioural change: Implementing agency's recommendation pattern shifted year-on-year (magnitude 100%). Before/after - 2024: 58 works at a median of Rs 399,063 -> 2025: 74 works at a median of Rs 1,000,000. A change point is a lead, not a finding: a new officer or a revised guideline produces one too.; Statistical outlier: A trained anomaly detector (IsolationForest) flags this work's amount-and-age profile as unusual against the national portfolio.","A human should verify the scope and estimate for this work against its peers via the Implementing Agency.","Compare scope and estimate with peer works | Verify supporting documents and field evidence","LOW","LOW - open 1.7x longer than the typical completed work of this type in Tamil Nadu (529 days).","","District Monitoring","2026-06-09","New","","TRUE"
"MP3042546-W156804","Construction of vented causeway bridge at Parang Khal in between Jugdiha and Gohaldihi","West Bengal","MEDINIPUR","Paschim Medinipur(DISTRICT MAGISTRATE PASCHIM MEDINIPUR_IDA)","JUNE MALIAH","7429927.00","1327891.00","4668182.00","0.8789","HIGH","3","Construction road - construction ambulance - apex road","2024-12-03","Open","Peer amount: Recommended amount at the 100th percentile of 66 comparable works (robust z 7.1).; Behavioural change: Implementing agency's recommendation pattern shifted year-on-year (magnitude 100%). Before/after - 2025: 230 works at a median of Rs 349,867 -> 2026: 36 works at a median of Rs 2,750,000. A change point is a lead, not a finding: a new officer or a revised guideline produces one too.; Statistical outlier: A trained anomaly detector (IsolationForest) flags this work's amount-and-age profile as unusual against the national portfolio.","A human should verify the scope and estimate for this work against its peers via the Implementing Agency.","Review the lifecycle history and sanction record | Compare scope and estimate with peer works | Verify supporting documents and field evidence","LOW","LOW - open 1.8x longer than the typical completed work of this type in West Bengal (300 days).","Amount outlier vs peers (STATISTICAL_OUTLIER)","District Monitoring","2026-06-09","New","","TRUE"
"MP3043284-W204089","Construction of Social Welfare Boys Hostel at undavelle","Telangana","NAGARKURNOOL(SC)","JOGULAMBA GADWAL(DISTRICT COLLECTOR JOGULAMBA GADWAL_IDA)","DR.MALLU RAVI","10000000.00","1326723.00","4667705.00","0.8796","HIGH","3","Classroom - high school - primary school","2025-05-27","Open","Peer amount: Recommended amount at the 98th percentile of 4407 comparable works (robust z 12.5).; Behavioural change: Implementing agency's recommendation pattern shifted year-on-year (magnitude 100%). Before/after - 2025: 47 works at a median of Rs 200,000 -> 2026: 12 works at a median of Rs 500,000. A change point is a lead, not a finding: a new officer or a revised guideline produces one too.; Statistical outlier: A trained anomaly detector (IsolationForest) flags this work's amount-and-age profile as unusual against the national portfolio.","A human should verify the scope and estimate for this work against its peers via the Implementing Agency.","Compare scope and estimate with peer works | Verify supporting documents and field evidence","LOW","LOW - open 1.9x longer than the typical completed work of this type in Telangana (190 days).","","District Monitoring","2026-06-09","New","","TRUE"
"MP3017342-W162586","construction of interlocking road in gram sabha sahesipur near sumahiya talab link road to yadav basti,pal basti via kantair and avdesh vishwakarma house till dihwa saheshpur power house upto link road 1000*2.5mtr","Uttar Pradesh","Sitting Rajya Sabha","BHADOHI(DISTRICT MAGISTRATE BHADOHI_IDA)","Smt. Jaya Amitabh Bachchan","4712000.00","1338915.00","4661148.00","0.8703","HIGH","3","Interlocking tiles - construction interlocking - interlocking road","2024-12-30","Open","Peer amount: Recommended amount at the 100th percentile of 7203 comparable works (robust z 8.1).; Behavioural change: Implementing agency's recommendation pattern shifted year-on-year (magnitude 92%). Before/after - 2023: 23 works at a median of Rs 1,552,000 -> 2024: 206 works at a median of Rs 118,971. A change point is a lead, not a finding: a new officer or a revised guideline produces one too.; Statistical outlier: A trained anomaly detector (IsolationForest) flags this work's amount-and-age profile as unusual against the national portfolio.","A human should verify the scope and estimate for this work against its peers via the Implementing Agency.","Review the lifecycle history and sanction record | Compare scope and estimate with peer works | Verify supporting documents and field evidence","LOW","LOW - open 1.7x longer than the typical completed work of this type in Uttar Pradesh (307 days).","Amount outlier vs peers (STATISTICAL_OUTLIER)","District Monitoring","2026-06-09","New","","TRUE"
"MP3017342-W162587","construction of interlocking road in bhaidpur(hameedpatti) near talaab via yadav basti,chauhan basti,chaura mata mandir next to kallu yadav house till railway line. 1000*2.5mtr","Uttar Pradesh","Sitting Rajya Sabha","BHADOHI(DISTRICT MAGISTRATE BHADOHI_IDA)","Smt. Jaya Amitabh Bachchan","4712000.00","1338915.00","4661148.00","0.8703","HIGH","3","Interlocking tiles - construction interlocking - interlocking road","2024-12-30","Open","Peer amount: Recommended amount at the 100th percentile of 7203 comparable works (robust z 8.1).; Behavioural change: Implementing agency's recommendation pattern shifted year-on-year (magnitude 92%). Before/after - 2023: 23 works at a median of Rs 1,552,000 -> 2024: 206 works at a median of Rs 118,971. A change point is a lead, not a finding: a new officer or a revised guideline produces one too.; Statistical outlier: A trained anomaly detector (IsolationForest) flags this work's amount-and-age profile as unusual against the national portfolio.","A human should verify the scope and estimate for this work against its peers via the Implementing Agency.","Review the lifecycle history and sanction record | Compare scope and estimate with peer works | Verify supporting documents and field evidence","LOW","LOW - open 1.7x longer than the typical completed work of this type in Uttar Pradesh (307 days).","Amount outlier vs peers (STATISTICAL_OUTLIER)","District Monitoring","2026-06-09","New","","TRUE"
"MP3042558-W144148","Redcross New Building Work Part 2","Gujarat","Sitting Rajya Sabha","PANCH MAHALS(DISTRICT COLLECTOR PANCHMAHALS_IDA)","Dr. Parmar Jashvantsinh Salamsinh","5000000.00","1401061.00","4658227.00","0.8312","HIGH","3","Sitting bench - rcc benches - RCC","2024-09-28","Open","Peer amount: Recommended amount at the 98th percentile of 43 comparable works (robust z 7.7).; Behavioural change: Implementing agency's recommendation pattern shifted year-on-year (magnitude 60%). Before/after - 2024: 63 works at a median of Rs 100,000 -> 2025: 478 works at a median of Rs 160,000. A change point is a lead, not a finding: a new officer or a revised guideline produces one too.; Statistical outlier: A trained anomaly detector (IsolationForest) flags this work's amount-and-age profile as unusual against the national portfolio.","A human should verify the scope and estimate for this work against its peers via the Implementing Agency.","Compare scope and estimate with peer works | Verify supporting documents and field evidence","LOW","LOW - open 1.5x longer than the typical completed work of this type in Gujarat (412 days).","","District Monitoring","2026-06-09","New","","TRUE"
"MP3017242-W259562","Construction of 6 class rooms and other works to Govt Higher primary school at Srinivas Saradgi village in Kalaburagi Taluka (SCP)","Karnataka","Sitting Rajya Sabha","KALABURAGI(DEPUTY COMMISSIONER GULBARGA_IDA)","Shri Mallikarjun Kharge","10000000.00","1319306.00","4641609.00","0.8796","HIGH","3","Class room - construction class - school","2026-01-29","Open","Peer amount: Recommended amount at the 99th percentile of 120 comparable works (robust z 424.3).; Behavioural change: Implementing agency's recommendation pattern shifted year-on-year (magnitude 100%). Before/after - 2025: 41 works at a median of Rs 499,000 -> 2026: 49 works at a median of Rs 3,400,000. A change point is a lead, not a finding: a new officer or a revised guideline produces one too.; Statistical outlier: A trained anomaly detector (IsolationForest) flags this work's amount-and-age profile as unusual against the national portfolio.","A human should verify the scope and estimate for this work against its peers via the Implementing Agency.","Review the lifecycle history and sanction record | Compare scope and estimate with peer works | Verify supporting documents and field evidence","LOW","No stalling indicators; the work is progressing within normal ranges.","Amount outlier vs peers (STATISTICAL_OUTLIER)","District Monitoring","2026-06-09","New","","TRUE"
"MP3017368-W239492","Construction of new building of Dolasahi Government U.P.M.E. School, Dolasahi, Bhadrak.","Odisha","Sitting Rajya Sabha","BHADRAK(DISTRICT COLLECTOR BHADRAK_IDA)","Shri Ashwini Vaishnaw","10000000.00","1379230.00","4630938.00","0.8394","HIGH","3","Classroom - high school - primary school","2025-10-03","Open","Peer amount: Recommended amount at the 100th percentile of 463 comparable works (robust z 32.0).; Behavioural change: Implementing agency's recommendation pattern shifted year-on-year (magnitude 67%). Before/after - 2024: 89 works at a median of Rs 300,000 -> 2025: 99 works at a median of Rs 500,000. A change point is a lead, not a finding: a new officer or a revised guideline produces one too.; Statistical outlier: A trained anomaly detector (IsolationForest) flags this work's amount-and-age profile as unusual against the national portfolio.","A human should verify the scope and estimate for this work against its peers via the Implementing Agency.","Review the lifecycle history and sanction record | Compare scope and estimate with peer works | Verify supporting documents and field evidence","LOW","No stalling indicators; the work is progressing within normal ranges.","Amount outlier vs peers (STATISTICAL_OUTLIER)","District Monitoring","2026-06-09","New","","TRUE"
"MP3018396-W93498","Construction of Bus Shelter in Tharamani Bus Stop (Tharamani Bus Depo)","Tamil Nadu","CHENNAI SOUTH","CHENNAI(COMMISSIONER MUNCIPAL CORPORATION CHENNAI_IDA)","T Sumathy (A) Thamizhachi Thangapandian","6000000.00","1325194.00","4621201.00","0.8718","HIGH","3","Bus shelter - bus stop - bus stand","2024-02-01","Open","Peer amount: Recommended amount at the 100th percentile of 679 comparable works (robust z 14.2).; Behavioural change: Implementing agency's recommendation pattern shifted year-on-year (magnitude 94%). Before/after - 2023: 50 works at a median of Rs 1,134,160 -> 2024: 73 works at a median of Rs 2,195,272. A change point is a lead, not a finding: a new officer or a revised guideline produces one too.; Statistical outlier: A trained anomaly detector (IsolationForest) flags this work's amount-and-age profile as unusual against the national portfolio.","A human should verify the scope and estimate for this work against its peers via the Implementing Agency.","Review the lifecycle history and sanction record | Compare scope and estimate with peer works | Verify supporting documents and field evidence","LOW","No stalling indicators; the work is progressing within normal ranges.","Amount outlier vs peers (STATISTICAL_OUTLIER)","District Monitoring","2026-06-09","New","","TRUE"
"MP3018373-W96613","Design, Fabrication, & Installation of Stainless - Steel Bus Passengers Sheds/Shelters Multiple Bus Stops in Chatra Parliamentary Constituency.","Jharkhand","CHATRA","CHATRA(DEPUTY COMMISSIONER CHATRA_IDA)","Sunil Kumar Singh","9999600.00","1317033.00","4617747.00","0.8765","HIGH","3","Bus - sheds - waiting shed","2024-02-04","Open","Peer amount: Recommended amount at the 100th percentile of 32 comparable works (robust z 130.0).; Behavioural change: Implementing agency's recommendation pattern shifted year-on-year (magnitude 97%). Before/after - 2024: 7 works at a median of Rs 6,000,000 -> 2025: 278 works at a median of Rs 150,000. A change point is a lead, not a finding: a new officer or a revised guideline produces one too.; Statistical outlier: A trained anomaly detector (IsolationForest) flags this work's amount-and-age profile as unusual against the national portfolio.","A human should verify the scope and estimate for this work against its peers via the Implementing Agency.","Review the lifecycle history and sanction record | Compare scope and estimate with peer works | Verify supporting documents and field evidence","LOW","LOW - open 1.4x longer than the typical completed work of this type in Jharkhand (604 days).","Amount outlier vs peers (STATISTICAL_OUTLIER)","District Monitoring","2026-06-09","New","","TRUE"
"MP3043488-W211195","Construction of concrete drain from the house of Shri Pramod Yadav to the shop of Shri Subhash in Gram Nagla Sahora distance about 650 meters By Shri Ajit Singh Pradhan Gram Panchayat Arifpur Vivakh Saurikh District Kannauj Ajit 838416003","Uttar Pradesh","KANNAUJ","KANNAUJ(DISTRICT MAGISTRATE KANNAUJ_IDA)","AKHILESH YADAV","4630000.00","1315624.00","4610192.00","0.8760","HIGH","3","Construction culvert - construction drain - road","2025-06-22","Open","Peer amount: Recommended amount at the 100th percentile of 38 comparable works (robust z 7.9).; Behavioural change: Implementing agency's recommendation pattern shifted year-on-year (magnitude 97%). Before/after - 2025: 56 works at a median of Rs 700,000 -> 2026: 23 works at a median of Rs 20,000. A change point is a lead, not a finding: a new officer or a revised guideline produces one too.; Statistical outlier: A trained anomaly detector (IsolationForest) flags this work's amount-and-age profile as unusual against the national portfolio.","A human should verify the scope and estimate for this work against its peers via the Implementing Agency.","Review the lifecycle history and sanction record | Compare scope and estimate with peer works | Verify supporting documents and field evidence","LOW","No stalling indicators; the work is progressing within normal ranges.","Amount outlier vs peers (STATISTICAL_OUTLIER)","District Monitoring","2026-06-09","New","","TRUE"
"MP3019016-W101111","Construction of Community Shed, Village Gadena (Vermi), Block Khoon, District Udhampur.","Jammu And Kashmir","UDHAMPUR","UDHAMPUR(Deputy Commissioner Udhampur_IDA)","Jitendra Singh","7244000.00","1294767.00","4594782.00","0.8872","HIGH","3","Construction shed - waiting shed - construction common","2024-02-22","Open","Peer amount: Recommended amount at the 100th percentile of 35 comparable works (robust z 22.1).; Peer duration: Open for longer than 97% of comparable works still in progress.; Statistical outlier: A trained anomaly detector (IsolationForest) flags this work's amount-and-age profile as unusual against the national portfolio.","A human should verify the scope and estimate for this work against its peers via the Implementing Agency.","Review the lifecycle history and sanction record | Compare scope and estimate with peer works | Verify supporting documents and field evidence","LOW","LOW - open 1.8x longer than the typical completed work of this type in Jammu And Kashmir (470 days).","Amount outlier vs peers (STATISTICAL_OUTLIER)","District Monitoring","2026-06-09","New","","TRUE"
"MP3018936-W241839","Construction of Community Hall at Chuchukonda Village of Mungapaka Mandal","Andhra Pradesh","ANAKAPALLE","Anakapalli(DISTRICT COLLECTOR ANAKAPALLI_IDA)","Beesetti Venkata Satyavathi","5000000.00","976098.00","4579876.00","0.9384","HIGH","4","Community hall - construction community - hall village","2023-08-28","Open","Peer amount: Recommended amount at the 96th percentile of 568 comparable works (robust z 5.4).; Peer duration: Open for longer than 93% of comparable works still in progress.; Behavioural change: Implementing agency's recommendation pattern shifted year-on-year (magnitude 100%). Before/after - 2024: 31 works at a median of Rs 117,098 -> 2025: 25 works at a median of Rs 599,562. A change point is a lead, not a finding: a new officer or a revised guideline produces one too.; Statistical outlier: A trained anomaly detector (IsolationForest) flags this work's amount-and-age profile as unusual against the national portfolio.","A human should verify the scope and estimate for this work against its peers via the Implementing Agency.","Compare scope and estimate with peer works | Verify supporting documents and field evidence","LOW","LOW - open 1.4x longer than the typical completed work of this type in Andhra Pradesh (714 days).","","District Monitoring","2026-06-09","New","","TRUE"
"MP3042546-W208639","Construction of Bridge over Kushmi Khal at Beniadiha in between Pabnia and Indra under Baghasti GP","West Bengal","MEDINIPUR","Paschim Medinipur(DISTRICT MAGISTRATE PASCHIM MEDINIPUR_IDA)","JUNE MALIAH","7285644.00","1302116.00","4576578.00","0.8787","HIGH","3","Construction road - construction ambulance - apex road","2025-06-13","Open","Peer amount: Recommended amount at the 98th percentile of 66 comparable works (robust z 6.9).; Behavioural change: Implementing agency's recommendation pattern shifted year-on-year (magnitude 100%). Before/after - 2025: 230 works at a median of Rs 349,867 -> 2026: 36 works at a median of Rs 2,750,000. A change point is a lead, not a finding: a new officer or a revised guideline produces one too.; Statistical outlier: A trained anomaly detector (IsolationForest) flags this work's amount-and-age profile as unusual against the national portfolio.","A human should verify the scope and estimate for this work against its peers via the Implementing Agency.","Compare scope and estimate with peer works | Verify supporting documents and field evidence","LOW","No stalling indicators; the work is progressing within normal ranges.","","District Monitoring","2026-06-09","New","","TRUE"
"MP3019000-W12085","Red Cross Society New Building Construction Work at Sahera","Gujarat","PANCHMAHAL","PANCH MAHALS(DISTRICT COLLECTOR PANCHMAHALS_IDA)","Ratansinh Magansinh Rathod","5000000.00","989615.00","4572615.00","0.9241","HIGH","4","Construction building - community building - cultural activities","2023-08-22","Open","Peer amount: Recommended amount at the 100th percentile of 148 comparable works (robust z 62.1).; Peer duration: Open for longer than 100% of comparable works still in progress.; Behavioural change: Implementing agency's recommendation pattern shifted year-on-year (magnitude 60%). Before/after - 2024: 63 works at a median of Rs 100,000 -> 2025: 478 works at a median of Rs 160,000. A change point is a lead, not a finding: a new officer or a revised guideline produces one too.; Statistical outlier: A trained anomaly detector (IsolationForest) flags this work's amount-and-age profile as unusual against the national portfolio.","A human should verify the scope and estimate for this work against its peers via the Implementing Agency.","Review the lifecycle history and sanction record | Compare scope and estimate with peer works | Verify supporting documents and field evidence","LOW","LOW - open 2.0x longer than the typical completed work of this type in Gujarat (509 days).","Stalled beyond peer norm (STATISTICAL_OUTLIER); Amount outlier vs peers (STATISTICAL_OUTLIER)","District Monitoring","2026-06-09","New","","TRUE"
"MP3017323-W207135","Interlocking with Drainage","Uttar Pradesh","Sitting Rajya Sabha","UNNAO(DISTRICT MAGIISTRATE UNNAO_IDA)","Dr. Laxmikant Bajpayee","7359000.00","970687.00","4567935.00","0.9412","HIGH","4","Construction culvert - construction drain - road","2025-06-07","Open","Peer amount: Recommended amount at the 100th percentile of 4191 comparable works (robust z 55.9).; Peer duration: Open for longer than 93% of comparable works still in progress.; Behavioural change: Implementing agency's recommendation pattern shifted year-on-year (magnitude 100%). Before/after - 2024: 47 works at a median of Rs 300,000 -> 2025: 62 works at a median of Rs 977,500. A change point is a lead, not a finding: a new officer or a revised guideline produces one too.; Statistical outlier: A trained anomaly detector (IsolationForest) flags this work's amount-and-age profile as unusual against the national portfolio.","A human should verify the scope and estimate for this work against its peers via the Implementing Agency.","Review the lifecycle history and sanction record | Compare scope and estimate with peer works | Verify supporting documents and field evidence","LOW","No stalling indicators; the work is progressing within normal ranges.","Amount outlier vs peers (STATISTICAL_OUTLIER)","District Monitoring","2026-06-09","New","","TRUE"
"MP3043221-W274864","Purchase and supply 5 book shelves each (as per the specifications enclosed with this letter) under furniture in the mentioned 15 different schools in Jehanabad district","Bihar","JAHANABAD","JEHANABAD(DISTRICT PLANNING OFFICER JEHANABAD_IDA)","SURENDRA PRASAD YADAV","3112500.00","1375256.00","4566799.00","0.8302","HIGH","3","Books - construction library - public library","2026-03-18","Open","Peer amount: Recommended amount at the 97th percentile of 156 comparable works (robust z 16089.7).; Behavioural change: Implementing agency's recommendation pattern shifted year-on-year (magnitude 59%). Before/after - 2025: 113 works at a median of Rs 400,000 -> 2026: 20 works at a median of Rs 636,000. A change point is a lead, not a finding: a new officer or a revised guideline produces one too.; Statistical outlier: A trained anomaly detector (IsolationForest) flags this work's amount-and-age profile as unusual against the national portfolio.","A human should verify the scope and estimate for this work against its peers via the Implementing Agency.","Compare scope and estimate with peer works | Verify supporting documents and field evidence","LOW","LOW - the survival model puts a 44% chance it will not complete within 365 days.","","District Monitoring","2026-06-09","New","","TRUE"
"MP3018989-W131815","construction of retaing wall from rosy r fernades house to post office in valpoi muncipal council","Goa","NORTH GOA","NORTH GOA(DISTRICT COLLECTOR NORTH GOA_IDA)","Shripad Yesso Naik","7256085.00","1296926.00","4557281.00","0.8785","HIGH","3","Construction boundary - boundary wall - construction compound","2024-03-16","Open","Peer amount: Recommended amount at the 96th percentile of 3581 comparable works (robust z 6.8).; Behavioural change: Implementing agency's recommendation pattern shifted year-on-year (magnitude 100%). Before/after - 2025: 66 works at a median of Rs 860,971 -> 2026: 13 works at a median of Rs 1,917,200. A change point is a lead, not a finding: a new officer or a revised guideline produces one too.; Statistical outlier: A trained anomaly detector (IsolationForest) flags this work's amount-and-age profile as unusual against the national portfolio.","A human should verify the scope and estimate for this work against its peers via the Implementing Agency.","Compare scope and estimate with peer works | Verify supporting documents and field evidence","LOW","LOW - open 1.9x longer than the typical completed work of this type in Goa (412 days).","","District Monitoring","2026-06-09","New","","TRUE"
"MP3042535-W145107","Installation of 20 nos. of solar high mast lights at different places of Simlapal Block area under Bankura District","West Bengal","BANKURA","BANKURA(DISTRICT MAGISTRATE BANKURA_IDA)","ARUP CHAKRABORTY","7600000.00","1351181.00","4555082.00","0.8428","HIGH","3","Solar high - high mast - installation solar","2024-10-02","Open","Peer amount: Recommended amount at the 100th percentile of 1827 comparable works (robust z 26.9).; Behavioural change: Implementing agency's recommendation pattern shifted year-on-year (magnitude 69%). Before/after - 2025: 86 works at a median of Rs 983,000 -> 2026: 43 works at a median of Rs 300,000. A change point is a lead, not a finding: a new officer or a revised guideline produces one too.; Statistical outlier: A trained anomaly detector (IsolationForest) flags this work's amount-and-age profile as unusual against the national portfolio.","A human should verify the scope and estimate for this work against its peers via the Implementing Agency.","Review the lifecycle history and sanction record | Compare scope and estimate with peer works | Verify supporting documents and field evidence","LOW","LOW - open 2.1x longer than the typical completed work of this type in West Bengal (281 days).","Amount outlier vs peers (STATISTICAL_OUTLIER)","District Monitoring","2026-06-09","New","","TRUE"
"MP3017242-W259533","Construction of 6 class rooms and other works to KPS Madbool School in Chittapur Taluka","Karnataka","Sitting Rajya Sabha","KALABURAGI(DEPUTY COMMISSIONER GULBARGA_IDA)","Shri Mallikarjun Kharge","9800000.00","1292933.00","4548821.00","0.8796","HIGH","3","Class room - construction class - school","2026-01-29","Open","Peer amount: Recommended amount at the 98th percentile of 120 comparable works (robust z 415.4).; Behavioural change: Implementing agency's recommendation pattern shifted year-on-year (magnitude 100%). Before/after - 2025: 41 works at a median of Rs 499,000 -> 2026: 49 works at a median of Rs 3,400,000. A change point is a lead, not a finding: a new officer or a revised guideline produces one too.; Statistical outlier: A trained anomaly detector (IsolationForest) flags this work's amount-and-age profile as unusual against the national portfolio.","A human should verify the scope and estimate for this work against its peers via the Implementing Agency.","Compare scope and estimate with peer works | Verify supporting documents and field evidence","LOW","No stalling indicators; the work is progressing within normal ranges.","","District Monitoring","2026-06-09","New","","TRUE"
"MP3017242-W259534","Construction of 6 class rooms and other works to Govt Urdu Higher Primary and High School at Pachapur ROZT in Kalaburagi City","Karnataka","Sitting Rajya Sabha","KALABURAGI(DEPUTY COMMISSIONER GULBARGA_IDA)","Shri Mallikarjun Kharge","9800000.00","1292933.00","4548821.00","0.8796","HIGH","3","Class room - construction class - school","2026-01-29","Open","Peer amount: Recommended amount at the 98th percentile of 120 comparable works (robust z 415.4).; Behavioural change: Implementing agency's recommendation pattern shifted year-on-year (magnitude 100%). Before/after - 2025: 41 works at a median of Rs 499,000 -> 2026: 49 works at a median of Rs 3,400,000. A change point is a lead, not a finding: a new officer or a revised guideline produces one too.; Statistical outlier: A trained anomaly detector (IsolationForest) flags this work's amount-and-age profile as unusual against the national portfolio.","A human should verify the scope and estimate for this work against its peers via the Implementing Agency.","Compare scope and estimate with peer works | Verify supporting documents and field evidence","LOW","No stalling indicators; the work is progressing within normal ranges.","","District Monitoring","2026-06-09","New","","TRUE"
"MP3017208-W274786","The procurement and supply of books for libraries in various schools located across the blocks of Muzaffarpur The List of School is attached","Bihar","Sitting Rajya Sabha","MUZAFFARPUR(DISTRICT PLANNING OFFICER MUZAFFARPUR_IDA)","Shri Satish Chandra Dubey","3000000.00","1325567.00","4546771.00","0.8575","HIGH","3","Books - construction library - public library","2026-03-17","Open","Peer amount: Recommended amount at the 99th percentile of 379 comparable works (robust z 25.4).; Behavioural change: Implementing agency's recommendation pattern shifted year-on-year (magnitude 82%). Before/after - 2024: 61 works at a median of Rs 610,839 -> 2025: 105 works at a median of Rs 1,109,900. A change point is a lead, not a finding: a new officer or a revised guideline produces one too.; Statistical outlier: A trained anomaly detector (IsolationForest) flags this work's amount-and-age profile as unusual against the national portfolio.","A human should verify the scope and estimate for this work against its peers via the Implementing Agency.","Review the lifecycle history and sanction record | Compare scope and estimate with peer works | Verify supporting documents and field evidence","LOW","LOW - the survival model puts a 44% chance it will not complete within 365 days.","Amount outlier vs peers (STATISTICAL_OUTLIER)","District Monitoring","2026-06-09","New","","TRUE"
"MP3018941-W198737","Construction of Additional Room and halls in the existing Public Community Building Bandakindapalli (V and G.P)","Andhra Pradesh","RAJAMPET","CHITTOOR(DISTRICT COLLECTOR CHITTOOR_IDA)","Midhun Reddy","7000000.00","1366326.00","4543727.00","0.8314","HIGH","3","Community hall - construction community - hall village","2025-05-12","Open","Peer amount: Recommended amount at the 100th percentile of 81 comparable works (robust z 8.1).; Behavioural change: Implementing agency's recommendation pattern shifted year-on-year (magnitude 60%). Before/after - 2024: 134 works at a median of Rs 500,000 -> 2025: 171 works at a median of Rs 200,000. A change point is a lead, not a finding: a new officer or a revised guideline produces one too.; Statistical outlier: A trained anomaly detector (IsolationForest) flags this work's amount-and-age profile as unusual against the national portfolio.","A human should verify the scope and estimate for this work against its peers via the Implementing Agency.","Review the lifecycle history and sanction record | Compare scope and estimate with peer works | Verify supporting documents and field evidence","LOW","No stalling indicators; the work is progressing within normal ranges.","Amount outlier vs peers (STATISTICAL_OUTLIER)","District Monitoring","2026-06-09","New","","TRUE"
"MP3017191-W5064","Construction of community Hall building","Andhra Pradesh","Sitting Rajya Sabha","KRISHNA(DISTRICT COLLECTOR KRISHNA_IDA)","Shri Parimal Nathwani","5000000.00","976098.00","4523951.00","0.9269","HIGH","4","Community hall - construction community - hall village","2023-07-20","Open","Peer amount: Recommended amount at the 96th percentile of 568 comparable works (robust z 5.4).; Peer duration: Open for longer than 99% of comparable works still in progress.; Behavioural change: Implementing agency's recommendation pattern shifted year-on-year (magnitude 73%). Before/after - 2024: 30 works at a median of Rs 497,850 -> 2025: 28 works at a median of Rs 859,221. A change point is a lead, not a finding: a new officer or a revised guideline produces one too.; Statistical outlier: A trained anomaly detector (IsolationForest) flags this work's amount-and-age profile as unusual against the national portfolio.","A human should verify the scope and estimate for this work against its peers via the Implementing Agency.","Compare scope and estimate with peer works | Verify supporting documents and field evidence","LOW","LOW - open 1.5x longer than the typical completed work of this type in Andhra Pradesh (714 days).","","District Monitoring","2026-06-09","New","","TRUE"
"MP3017338-W282889","Letter as per attached.","Uttar Pradesh","Sitting Rajya Sabha","Siddharthnagar(DISTRICT MAGISTRATE SIDDHARTH NAGAR_IDA)","Shri Brij Lal","10000000.00","1285776.00","4523644.00","0.8796","HIGH","3","Installation cctv - cctv cameras - cctv camera","2026-05-22","Open","Peer amount: Recommended amount at the 100th percentile of 4191 comparable works (robust z 76.3).; Behavioural change: Implementing agency's recommendation pattern shifted year-on-year (magnitude 100%). Before/after - 2023: 192 works at a median of Rs 50,000 -> 2024: 21 works at a median of Rs 780,000. A change point is a lead, not a finding: a new officer or a revised guideline produces one too.; Statistical outlier: A trained anomaly detector (IsolationForest) flags this work's amount-and-age profile as unusual against the national portfolio.","A human should verify the scope and estimate for this work against its peers via the Implementing Agency.","Review the lifecycle history and sanction record | Compare scope and estimate with peer works | Verify supporting documents and field evidence","LOW","No stalling indicators; the work is progressing within normal ranges.","Amount outlier vs peers (STATISTICAL_OUTLIER)","District Monitoring","2026-06-09","New","","TRUE"
"MP3018342-W72670","Construction of Community hall building in Indira nagar of Bapulapadu Village of Bapulapadu Mandal","Andhra Pradesh","MACHILIPATNAM","KRISHNA(DISTRICT COLLECTOR KRISHNA_IDA)","Balashowry Vallabbhaneni","5000000.00","976098.00","4505311.00","0.9231","HIGH","4","Community hall - construction community - hall village","2024-01-01","Open","Peer amount: Recommended amount at the 96th percentile of 81 comparable works (robust z 5.4).; Peer duration: Open for longer than 95% of comparable works still in progress.; Behavioural change: Implementing agency's recommendation pattern shifted year-on-year (magnitude 73%). Before/after - 2024: 30 works at a median of Rs 497,850 -> 2025: 28 works at a median of Rs 859,221. A change point is a lead, not a finding: a new officer or a revised guideline produces one too.; Statistical outlier: A trained anomaly detector (IsolationForest) flags this work's amount-and-age profile as unusual against the national portfolio.","A human should verify the scope and estimate for this work against its peers via the Implementing Agency.","Compare scope and estimate with peer works | Verify supporting documents and field evidence","LOW","LOW - open 1.3x longer than the typical completed work of this type in Andhra Pradesh (674 days).","","District Monitoring","2026-06-09","New","","TRUE"
"MP3018349-W75220","Const. of Community Hall Manchajyoti Club","Assam","GUWAHATI","KAMRUP METRO(DEPUTY COMMISSIONER KAMRUP METROPOLITAN_IDA)","Queen Oja","8000000.00","1343622.00","4500593.00","0.8374","HIGH","3","Community hall - construction community - hall village","2024-01-04","Open","Peer amount: Recommended amount at the 100th percentile of 1139 comparable works (robust z 34.2).; Behavioural change: Implementing agency's recommendation pattern shifted year-on-year (magnitude 65%). Before/after - 2025: 58 works at a median of Rs 1,000,000 -> 2026: 10 works at a median of Rs 350,000. A change point is a lead, not a finding: a new officer or a revised guideline produces one too.; Statistical outlier: A trained anomaly detector (IsolationForest) flags this work's amount-and-age profile as unusual against the national portfolio.","A human should verify the scope and estimate for this work against its peers via the Implementing Agency.","Review the lifecycle history and sanction record | Compare scope and estimate with peer works | Verify supporting documents and field evidence","LOW","LOW - open 1.3x longer than the typical completed work of this type in Assam (672 days).","Amount outlier vs peers (STATISTICAL_OUTLIER)","District Monitoring","2026-06-09","New","","TRUE"
"MP3017412-W136720","Construction of bridge across Panayilthode in Kakkottuchal Nedumkottukonam road in Kottavattom North ward-11,Vettikkavala Grama Panchayath (SC)","Kerala","MAVELIKKARA(SC)","KOLLAM(DISTRICT COLLECTOR KOLLAM_IDA)","Shri Suresh Kodikunnil","5400000.00","1296312.00","4463960.00","0.8609","HIGH","3","Construction road - construction ambulance - apex road","2024-08-22","Open","Peer amount: Recommended amount at the 96th percentile of 47 comparable works (robust z 4.1).; Behavioural change: Implementing agency's recommendation pattern shifted year-on-year (magnitude 100%). Before/after - 2025: 250 works at a median of Rs 340,000 -> 2026: 30 works at a median of Rs 750,000. A change point is a lead, not a finding: a new officer or a revised guideline produces one too.; Statistical outlier: A trained anomaly detector (IsolationForest) flags this work's amount-and-age profile as unusual against the national portfolio.","A human should verify the scope and estimate for this work against its peers via the Implementing Agency.","Compare scope and estimate with peer works | Verify supporting documents and field evidence","LOW","No stalling indicators; the work is progressing within normal ranges.","","District Monitoring","2026-06-09","New","","TRUE"
"MP3042517-W250209","MERE SANSADIY KSHETRA KE VIDHANSABHA MADIYAHU ME 223 NAG SOLAR LIGHT KA ADHISHTHPAN HONA HAI 20015 RS KI DAR SE 223 NAG SOLAR KI KEEMAT 4463345 RS HAIN","Uttar Pradesh","MACHHLISHAHR(SC)","JAUNPUR(DISTRICT MAGISTRATE JAUNPUR_IDA)","PRIYA SAROJ","4463345.00","1268289.00","4462120.00","0.8796","HIGH","3","Nag solar - solar light - 01 nag","2025-11-24","Open","Peer amount: Recommended amount at the 100th percentile of 6132 comparable works (robust z 310.2).; Behavioural change: Implementing agency's recommendation pattern shifted year-on-year (magnitude 100%). Before/after - 2025: 1400 works at a median of Rs 20,900 -> 2026: 57 works at a median of Rs 750,000. A change point is a lead, not a finding: a new officer or a revised guideline produces one too.; Statistical outlier: A trained anomaly detector (IsolationForest) flags this work's amount-and-age profile as unusual against the national portfolio.","A human should verify the scope and estimate for this work against its peers via the Implementing Agency.","Review the lifecycle history and sanction record | Compare scope and estimate with peer works | Verify supporting documents and field evidence","LOW","No stalling indicators; the work is progressing within normal ranges.","Amount outlier vs peers (STATISTICAL_OUTLIER)","District Monitoring","2026-06-09","New","","TRUE"
"MP3017417-W194213","Development of Panchayath Ground, Ward 7, Nayarambalam GP","Kerala","ERNAKULAM","ERNAKULAM(DISTRICT COLLECTOR ERNAKULAM_IDA)","Shri Hibi Eden","5400000.00","1266969.00","4457474.00","0.8796","HIGH","3","Mixed / uninterpretable (construction - gram panchayat)","2025-04-24","Open","Peer amount: Recommended amount at the 98th percentile of 628 comparable works (robust z 11.0).; Behavioural change: Implementing agency's recommendation pattern shifted year-on-year (magnitude 100%). Before/after - 2025: 235 works at a median of Rs 249,000 -> 2026: 20 works at a median of Rs 530,000. A change point is a lead, not a finding: a new officer or a revised guideline produces one too.; Statistical outlier: A trained anomaly detector (IsolationForest) flags this work's amount-and-age profile as unusual against the national portfolio.","A human should verify the scope and estimate for this work against its peers via the Implementing Agency.","Compare scope and estimate with peer works | Verify supporting documents and field evidence","LOW","No stalling indicators; the work is progressing within normal ranges.","","District Monitoring","2026-06-09","New","","TRUE"
"MP3042571-W262440","Construction of road from Topsia Hospital Chowk to Birsa Chowk","West Bengal","Sitting Rajya Sabha","Jhargram(DISTRICT MAGISTRATE JHARGRAM_IDA)","Shri Prakash Chik Baraik","7499998.00","1340408.00","4455090.00","0.8309","HIGH","3","Construction road - construction ambulance - apex road","2026-01-28","Open","Peer amount: Recommended amount at the 100th percentile of 1971 comparable works (robust z 33.8).; Behavioural change: Implementing agency's recommendation pattern shifted year-on-year (magnitude 60%). Before/after - 2025: 26 works at a median of Rs 1,224,954 -> 2026: 22 works at a median of Rs 1,955,284. A change point is a lead, not a finding: a new officer or a revised guideline produces one too.; Statistical outlier: A trained anomaly detector (IsolationForest) flags this work's amount-and-age profile as unusual against the national portfolio.","A human should verify the scope and estimate for this work against its peers via the Implementing Agency.","Review the lifecycle history and sanction record | Compare scope and estimate with peer works | Verify supporting documents and field evidence","LOW","No stalling indicators; the work is progressing within normal ranges.","Amount outlier vs peers (STATISTICAL_OUTLIER)","District Monitoring","2026-06-09","New","","TRUE"
"MP3019529-W81345","Providing E Class (Smart Class Room to Anganwadis","Karnataka","BANGALORE CENTRAL","BENGALURU URBAN(DEPUTY COMMISSIONER BANGALORE URBAN_IDA)","P C Mohan (17thLok Sabha)","8000000.00","1055558.00","4453405.00","0.8438","HIGH","4","Class room - construction class - school","2024-01-13","Open","Peer amount: Recommended amount at the 100th percentile of 157 comparable works (robust z 0.0).; Peer duration: Open for longer than 97% of comparable works still in progress.; Behavioural change: Implementing agency's recommendation pattern shifted year-on-year (magnitude 80%). Before/after - 2025: 269 works at a median of Rs 500,000 -> 2026: 78 works at a median of Rs 900,000. A change point is a lead, not a finding: a new officer or a revised guideline produces one too.; Statistical outlier: A trained anomaly detector (IsolationForest) flags this work's amount-and-age profile as unusual against the national portfolio.","A human should verify the scope and estimate for this work against its peers via the Implementing Agency.","Review the lifecycle history and sanction record | Compare scope and estimate with peer works | Verify supporting documents and field evidence","LOW","LOW - open 1.6x longer than the typical completed work of this type in Karnataka (549 days).","Amount outlier vs peers (STATISTICAL_OUTLIER)","District Monitoring","2026-06-09","New","","TRUE"
"MP3019300-W74635","Improvement of road from Valladanga to Truk syndicate and High school para moor to Station mal godown & Hospital Covering w 3 & 4 under Jiaganj Ajimgaj Municipalitya","West Bengal","MURSHIDABAD","MURSHIDABAD(DISTRICT MAGISTRATE MURSHIDABAD_IDA)","Abu Taher Khan(17th Lok Sabha)","6684201.00","1264239.00","4447869.00","0.8796","HIGH","3","Concrete road - construction cement - cement concrete","2024-01-04","Open","Peer amount: Recommended amount at the 100th percentile of 1971 comparable works (robust z 29.9).; Behavioural change: Implementing agency's recommendation pattern shifted year-on-year (magnitude 100%). Before/after - 2025: 409 works at a median of Rs 166,376 -> 2026: 48 works at a median of Rs 842,500. A change point is a lead, not a finding: a new officer or a revised guideline produces one too.; Statistical outlier: A trained anomaly detector (IsolationForest) flags this work's amount-and-age profile as unusual against the national portfolio.","A human should verify the scope and estimate for this work against its peers via the Implementing Agency.","Review the lifecycle history and sanction record | Compare scope and estimate with peer works | Verify supporting documents and field evidence","MEDIUM","MEDIUM - open 3.5x longer than the typical completed work of this type in West Bengal (250 days).","Amount outlier vs peers (STATISTICAL_OUTLIER)","District Monitoring","2026-06-09","New","","TRUE"
"MP3017465-W21585","1. Ghosi Mohalla - 663000 2- Ghosi handiya - 194700 3- Ghosi Khanna Pipe - 997000 4- Mangulal School - 822000 5- Handiya Mohalla - 986000 6- Lalkurti - 380000","Uttar Pradesh","MEERUT","MEERUT(DISTRICT MAGISTRATE MEERUT_IDA)","Shri Rajendra Agrawal (17th Lok Sabha)","4042700.00","966358.00","4436041.00","0.9181","HIGH","4","Community hall - construction stage - construction ghat","2023-09-16","Open","Peer amount: Recommended amount at the 99th percentile of 93 comparable works (robust z 9.6).; Peer duration: Open for longer than 99% of comparable works still in progress.; Behavioural change: Implementing agency's recommendation pattern shifted year-on-year (magnitude 51%). Before/after - 2024: 155 works at a median of Rs 652,950 -> 2025: 118 works at a median of Rs 986,636. A change point is a lead, not a finding: a new officer or a revised guideline produces one too.; Statistical outlier: A trained anomaly detector (IsolationForest) flags this work's amount-and-age profile as unusual against the national portfolio.","A human should verify the scope and estimate for this work against its peers via the Implementing Agency.","Compare scope and estimate with peer works | Verify supporting documents and field evidence","MEDIUM","MEDIUM - open 5.1x longer than the typical completed work of this type in Uttar Pradesh (191 days).","","District Monitoring","2026-06-09","New","","TRUE"
"MP3018400-W10265","Supply & Installation of Integrated Digital Board With Software & OPS at Amarpur RD Block Gomati, 10 School (Qty-10 Digital Board)","Tripura","TRIPURA EAST(ST)","Gomati(DM OFFICE GOMATI MPLADS)","Rebati Tripura","6995000.00","1250282.00","4433999.00","0.8866","HIGH","3","School - smart class - computer","2023-08-17","Open","Peer amount: Recommended amount at the 98th percentile of 1552 comparable works (robust z 21.0).; Peer duration: Open for longer than 96% of comparable works still in progress.; Statistical outlier: A trained anomaly detector (IsolationForest) flags this work's amount-and-age profile as unusual against the national portfolio.","A human should verify the scope and estimate for this work against its peers via the Implementing Agency.","Compare scope and estimate with peer works | Verify supporting documents and field evidence","MEDIUM","MEDIUM - open 2.5x longer than the typical completed work of this type in Tripura (412 days).","","District Monitoring","2026-06-09","New","","TRUE"
"MP3018376-W169448","Construction of Drainage for Avoiding Water logging beside Alathara - Bharanikavu Temple Road in Ward No 5 of Bharanikavu Grama Panchayath(General)","Kerala","ALAPPUZHA","ALAPPUZHA(DISTRICT COLLECTOR ALAPPUZHA_IDA)","Abdul Majeed Ariff","4000000.00","955543.00","4413556.00","0.9238","HIGH","4","Construction culvert - construction drain - road","2022-01-01","Open","Peer amount: Recommended amount at the 97th percentile of 2415 comparable works (robust z 7.2).; Peer duration: Open for longer than 100% of comparable works still in progress.; Behavioural change: Implementing agency's recommendation pattern shifted year-on-year (magnitude 60%). Before/after - 2025: 101 works at a median of Rs 500,000 -> 2026: 41 works at a median of Rs 800,000. A change point is a lead, not a finding: a new officer or a revised guideline produces one too.; Statistical outlier: A trained anomaly detector (IsolationForest) flags this work's amount-and-age profile as unusual against the national portfolio.","A human should verify the scope and estimate for this work against its peers via the Implementing Agency.","Review the lifecycle history and sanction record | Compare scope and estimate with peer works | Verify supporting documents and field evidence","MEDIUM","MEDIUM - open 6.7x longer than the typical completed work of this type in Kerala (240 days).","Stalled beyond peer norm (STATISTICAL_OUTLIER)","District Monitoring","2026-06-09","New","","TRUE"
"MP3018956-W101873","Construction of school building at Kengabat","Assam","Diphu (ST)","WEST KARBI ANGLONG(DISTRICT COMMISSIONER WEST KARBI ANGLONG)","Horen Sing Bey","7000000.00","1251175.00","4401910.00","0.8796","HIGH","3","Classroom - high school - primary school","2024-02-09","Open","Peer amount: Recommended amount at the 100th percentile of 192 comparable works (robust z 21.9).; Behavioural change: Implementing agency's recommendation pattern shifted year-on-year (magnitude 100%). Before/after - 2024: 15 works at a median of Rs 500,000 -> 2025: 13 works at a median of Rs 1,500,000. A change point is a lead, not a finding: a new officer or a revised guideline produces one too.; Statistical outlier: A trained anomaly detector (IsolationForest) flags this work's amount-and-age profile as unusual against the national portfolio.","A human should verify the scope and estimate for this work against its peers via the Implementing Agency.","Review the lifecycle history and sanction record | Compare scope and estimate with peer works | Verify supporting documents and field evidence","LOW","No stalling indicators; the work is progressing within normal ranges.","Amount outlier vs peers (STATISTICAL_OUTLIER)","District Monitoring","2026-06-09","New","","TRUE"
"MP3017328-W141236","Construction of culvert on village panchayat Songadha block Halia Chhachhundar drain","Uttar Pradesh","Sitting Rajya Sabha","MIRZAPUR(DISTRICT MAGISTRATE MIRZAPUR_IDA)","Shri Arun Singh","4500000.00","1278700.00","4393992.00","0.8591","HIGH","3","Construction culvert - construction drain - road","2024-09-16","Open","Peer amount: Recommended amount at the 97th percentile of 88 comparable works (robust z 4.0).; Behavioural change: Implementing agency's recommendation pattern shifted year-on-year (magnitude 100%). Before/after - 2024: 90 works at a median of Rs 500,000 -> 2025: 23 works at a median of Rs 3,754,000. A change point is a lead, not a finding: a new officer or a revised guideline produces one too.; Statistical outlier: A trained anomaly detector (IsolationForest) flags this work's amount-and-age profile as unusual against the national portfolio.","A human should verify the scope and estimate for this work against its peers via the Implementing Agency.","Compare scope and estimate with peer works | Verify supporting documents and field evidence","LOW","LOW - open 1.4x longer than the typical completed work of this type in Uttar Pradesh (435 days).","","District Monitoring","2026-06-09","New","","TRUE"
"MP3017414-W111717","Footpath and Road for Chirakkara Vayal Colony(SC) in Ward No.XVIII,Payyoli Municipality","Kerala","VADAKARA","KOZHIKODE(DISTRICT COLLECTOR KOZHIKODE_IDA)","Shri K Muraleedharan (17th Lok Sabha)","4800000.00","1237333.00","4392387.00","0.8875","HIGH","3","CC road - concreting - village","2024-02-22","Open","Peer amount: Recommended amount at the 100th percentile of 1516 comparable works (robust z 14.5).; Peer duration: Open for longer than 97% of comparable works still in progress.; Statistical outlier: A trained anomaly detector (IsolationForest) flags this work's amount-and-age profile as unusual against the national portfolio.","A human should verify the scope and estimate for this work against its peers via the Implementing Agency.","Review the lifecycle history and sanction record | Compare scope and estimate with peer works | Verify supporting documents and field evidence","LOW","LOW - open 1.6x longer than the typical completed work of this type in Kerala (516 days).","Amount outlier vs peers (STATISTICAL_OUTLIER)","District Monitoring","2026-06-09","New","","TRUE"
"MP3017330-W250932","Construction of a 400m six-lane synthetic running track in the field of Shri Shaligram Sharma Smarak PG College, Rasna, Meerut","Uttar Pradesh","Sitting Rajya Sabha","MEERUT(DISTRICT MAGISTRATE MEERUT_IDA)","Shri Jayant Chaudhary","10000000.00","1325973.00","4352706.00","0.8207","HIGH","3","Construction road - construction ambulance - apex road","2025-11-27","Open","Peer amount: Recommended amount at the 100th percentile of 4191 comparable works (robust z 76.3).; Behavioural change: Implementing agency's recommendation pattern shifted year-on-year (magnitude 51%). Before/after - 2024: 155 works at a median of Rs 652,950 -> 2025: 118 works at a median of Rs 986,636. A change point is a lead, not a finding: a new officer or a revised guideline produces one too.; Statistical outlier: A trained anomaly detector (IsolationForest) flags this work's amount-and-age profile as unusual against the national portfolio.","A human should verify the scope and estimate for this work against its peers via the Implementing Agency.","Review the lifecycle history and sanction record | Compare scope and estimate with peer works | Verify supporting documents and field evidence","LOW","No stalling indicators; the work is progressing within normal ranges.","Amount outlier vs peers (STATISTICAL_OUTLIER)","District Monitoring","2026-06-09","New","","TRUE"
"MP3019436-W17845","Solar Floodlight in the Mini Stadium of GSSS, Kalpeni","Lakshadweep","LAKSHADWEEP(ST)","LAKSHADWEEP DISTRICT(COLLECTOR CUM DEV COMMISSIONER LAKSHADWEEP_IDA)","Faizal PP Mohammed(17th Lok Sabha)","4170800.00","919772.00","4346059.00","0.9450","HIGH","4","Solar light - installation solar - light request","2023-09-08","Open","Peer amount: Recommended amount at the 98th percentile of 25467 comparable works (robust z 12.1).; Peer duration: Open for longer than 99% of comparable works still in progress.; Behavioural change: Implementing agency's recommendation pattern shifted year-on-year (magnitude 100%). Before/after - 2023: 36 works at a median of Rs 927,890 -> 2024: 5 works at a median of Rs 2,511,808. A change point is a lead, not a finding: a new officer or a revised guideline produces one too.; Statistical outlier: A trained anomaly detector (IsolationForest) flags this work's amount-and-age profile as unusual against the national portfolio.","A human should verify the scope and estimate for this work against its peers via the Implementing Agency.","Compare scope and estimate with peer works | Verify supporting documents and field evidence","MEDIUM","MEDIUM - open 2.4x longer than the typical completed work of this type in Lakshadweep (412 days).","","District Monitoring","2026-06-09","New","","TRUE"
"MP3042491-W281155","district badaun mein diffrent places par 48 no semi high mast light ka krya (4 lighto wali)","Uttar Pradesh","BADAUN","BUDAUN(DISTRICT MAGISTRATE BUDAUN_IDA)","ADITYA YADAV","6768000.00","1234818.00","4344361.00","0.8796","HIGH","3","Mast light - high mast - semi high","2026-05-16","Open","Peer amount: Recommended amount at the 100th percentile of 4191 comparable works (robust z 51.4).; Behavioural change: Implementing agency's recommendation pattern shifted year-on-year (magnitude 100%). Before/after - 2024: 256 works at a median of Rs 169,600 -> 2025: 28 works at a median of Rs 941,994. A change point is a lead, not a finding: a new officer or a revised guideline produces one too.; Statistical outlier: A trained anomaly detector (IsolationForest) flags this work's amount-and-age profile as unusual against the national portfolio.","A human should verify the scope and estimate for this work against its peers via the Implementing Agency.","Review the lifecycle history and sanction record | Compare scope and estimate with peer works | Verify supporting documents and field evidence","LOW","No stalling indicators; the work is progressing within normal ranges.","Amount outlier vs peers (STATISTICAL_OUTLIER)","District Monitoring","2026-06-09","New","","TRUE"
"MP3042276-W274686","Construction of open Bailey bridge at Mohanpur Ward No.2 Kishorinagar Diglipur Tehsil","Andaman And Nicobar Islands","ANDAMAN AND NICOBAR ISLANDS","NORTH AND MIDDLE ANDAMAN(Implementing District Authority(N&MA))","BISHNU PADA RAY","7041042.00","1258508.00","4339896.00","0.8621","HIGH","3","Construction culvert - construction drain - road","2026-03-17","Open","Peer amount: Recommended amount at the 100th percentile of 165 comparable works (robust z 13.5).; Behavioural change: Implementing agency's recommendation pattern shifted year-on-year (magnitude 86%). Before/after - 2023: 12 works at a median of Rs 1,854,022 -> 2024: 5 works at a median of Rs 268,509. A change point is a lead, not a finding: a new officer or a revised guideline produces one too.; Statistical outlier: A trained anomaly detector (IsolationForest) flags this work's amount-and-age profile as unusual against the national portfolio.","A human should verify the scope and estimate for this work against its peers via the Implementing Agency.","Review the lifecycle history and sanction record | Compare scope and estimate with peer works | Verify supporting documents and field evidence","LOW","No stalling indicators; the work is progressing within normal ranges.","Amount outlier vs peers (STATISTICAL_OUTLIER)","District Monitoring","2026-06-09","New","","TRUE"
"MP3019240-W110486","Vankarvas, panchal ni wadi pase, Icha bhagat dahela pase, Vankar vas khate No. 2700 to 2720 RCC work","Gujarat","AHMEDABAD WEST(SC)","AHMADABAD(DISTRICT COLLECTOR AHMADABAD_IDA)","Kirit Premjibhai Solanki(17th Lok Sabha)","4999471.00","1210466.00","4258083.00","0.8794","HIGH","3","Taluk balance - commuinity - executive agency","2024-02-21","Open","Peer amount: Recommended amount at the 100th percentile of 6396 comparable works (robust z 64.0).; Behavioural change: Implementing agency's recommendation pattern shifted year-on-year (magnitude 100%). Before/after - 2023: 262 works at a median of Rs 249,853 -> 2024: 108 works at a median of Rs 499,448. A change point is a lead, not a finding: a new officer or a revised guideline produces one too.; Statistical outlier: A trained anomaly detector (IsolationForest) flags this work's amount-and-age profile as unusual against the national portfolio.","A human should verify the scope and estimate for this work against its peers via the Implementing Agency.","Review the lifecycle history and sanction record | Compare scope and estimate with peer works | Verify supporting documents and field evidence","MEDIUM","MEDIUM - open 2.0x longer than the typical completed work of this type in Gujarat (411 days).","Amount outlier vs peers (STATISTICAL_OUTLIER)","District Monitoring","2026-06-09","New","","TRUE"
"MP3023700-W251380","Construction of culvert on the road and Hyder Canal next to the tempo stand Nira Marriage Hall under Kunwar Jyoti Prasad Ward No. 46.","Uttar Pradesh","Sitting Rajya Sabha","LUCKNOW(DISTRICT MAGISTRAE LUCKNOW_IDA)","Dr. Dinesh Sharma","4339000.00","1232971.00","4254770.00","0.8627","HIGH","3","Construction culvert - construction drain - road","2025-11-29","Open","Peer amount: Recommended amount at the 100th percentile of 7203 comparable works (robust z 7.3).; Behavioural change: Implementing agency's recommendation pattern shifted year-on-year (magnitude 86%). Before/after - 2024: 177 works at a median of Rs 627,534 -> 2025: 125 works at a median of Rs 1,170,000. A change point is a lead, not a finding: a new officer or a revised guideline produces one too.; Statistical outlier: A trained anomaly detector (IsolationForest) flags this work's amount-and-age profile as unusual against the national portfolio.","A human should verify the scope and estimate for this work against its peers via the Implementing Agency.","Review the lifecycle history and sanction record | Compare scope and estimate with peer works | Verify supporting documents and field evidence","LOW","No stalling indicators; the work is progressing within normal ranges.","Amount outlier vs peers (STATISTICAL_OUTLIER)","District Monitoring","2026-06-09","New","","TRUE"
"MP3019240-W110961","Mehantapura Tirupati flat to nagrik Society Sudhi no Raod reserface work","Gujarat","AHMEDABAD WEST(SC)","AHMADABAD(DISTRICT COLLECTOR AHMADABAD_IDA)","Kirit Premjibhai Solanki(17th Lok Sabha)","4993318.00","1208976.00","4252844.00","0.8794","HIGH","3","Taluk balance - commuinity - executive agency","2024-02-21","Open","Peer amount: Recommended amount at the 100th percentile of 6396 comparable works (robust z 64.0).; Behavioural change: Implementing agency's recommendation pattern shifted year-on-year (magnitude 100%). Before/after - 2023: 262 works at a median of Rs 249,853 -> 2024: 108 works at a median of Rs 499,448. A change point is a lead, not a finding: a new officer or a revised guideline produces one too.; Statistical outlier: A trained anomaly detector (IsolationForest) flags this work's amount-and-age profile as unusual against the national portfolio.","A human should verify the scope and estimate for this work against its peers via the Implementing Agency.","Review the lifecycle history and sanction record | Compare scope and estimate with peer works | Verify supporting documents and field evidence","MEDIUM","MEDIUM - open 2.0x longer than the typical completed work of this type in Gujarat (411 days).","Amount outlier vs peers (STATISTICAL_OUTLIER)","District Monitoring","2026-06-09","New","","TRUE"
"MP3045896-W269245","Providing and Fixing of Precast RCC Benches with arm rest in various wards under the juridiction of West Delhi Lok Sabha Constituency in Najafgarh Zone Nos of Quantity is 875","Delhi","WEST DELHI","SOUTH WEST(COMMISSIONER MCD SOUTH WEST)","Kamaljeet Sehrawat","6985680.00","1248617.00","4244901.00","0.8499","HIGH","3","Sitting bench - rcc benches - RCC","2026-02-18","Open","Peer amount: Recommended amount at the 98th percentile of 61 comparable works (robust z 10.0).; Behavioural change: Implementing agency's recommendation pattern shifted year-on-year (magnitude 75%). Before/after - 2024: 9 works at a median of Rs 1,713,944 -> 2025: 24 works at a median of Rs 421,700. A change point is a lead, not a finding: a new officer or a revised guideline produces one too.; Statistical outlier: A trained anomaly detector (IsolationForest) flags this work's amount-and-age profile as unusual against the national portfolio.","A human should verify the scope and estimate for this work against its peers via the Implementing Agency.","Compare scope and estimate with peer works | Verify supporting documents and field evidence","LOW","No stalling indicators; the work is progressing within normal ranges.","","District Monitoring","2026-06-09","New","","TRUE"
"MP3019059-W18587","solar light Different block and gram panchayat in rewa disst","Madhya Pradesh","REWA","REWA(DISTRICT COLLECTOR REWA_IDA)","Janardan Mishra(17th Lok Sabha)","5233600.00","1234970.00","4241600.00","0.8586","HIGH","3","Solar light - installation solar - light request","2023-09-11","Open","Peer amount: Recommended amount at the 100th percentile of 258 comparable works (robust z 28.1).; Behavioural change: Implementing agency's recommendation pattern shifted year-on-year (magnitude 83%). Before/after - 2025: 43 works at a median of Rs 720,000 -> 2026: 5 works at a median of Rs 125,000. A change point is a lead, not a finding: a new officer or a revised guideline produces one too.; Statistical outlier: A trained anomaly detector (IsolationForest) flags this work's amount-and-age profile as unusual against the national portfolio.","A human should verify the scope and estimate for this work against its peers via the Implementing Agency.","Review the lifecycle history and sanction record | Compare scope and estimate with peer works | Verify supporting documents and field evidence","MEDIUM","MEDIUM - open 3.7x longer than the typical completed work of this type in Madhya Pradesh (269 days).","Amount outlier vs peers (STATISTICAL_OUTLIER)","District Monitoring","2026-06-09","New","","TRUE"
"MP3017476-W33976","Construction of interlocking Road Infront of Janu BaBa Degree Collage At Village Mandhai Block Araon, Distt. Firozabad","Uttar Pradesh","FIROZABAD","FIROZABAD(DISTRICT MAGISTRATE FIROZABAD_IDA)","Dr Chandra Sen Jadon (17th Lok Sabha)","4215000.00","1197750.00","4240730.00","0.8851","HIGH","3","Interlocking tiles - construction interlocking - interlocking road","2023-10-07","Open","Peer amount: Recommended amount at the 99th percentile of 7203 comparable works (robust z 7.0).; Peer duration: Open for longer than 96% of comparable works still in progress.; Statistical outlier: A trained anomaly detector (IsolationForest) flags this work's amount-and-age profile as unusual against the national portfolio.","A human should verify the scope and estimate for this work against its peers via the Implementing Agency.","Review the lifecycle history and sanction record | Compare scope and estimate with peer works | Verify supporting documents and field evidence","MEDIUM","MEDIUM - open 3.1x longer than the typical completed work of this type in Uttar Pradesh (307 days).","Amount outlier vs peers (STATISTICAL_OUTLIER)","District Monitoring","2026-06-09","New","","TRUE"
"MP3023700-W192593","After testing under the rules the above development work in the public interest from my MP fund will be done by selecting the government working organization that does a good quality work and work under Fifty lakhs rupees maximum limit","Uttar Pradesh","Sitting Rajya Sabha","LUCKNOW(DISTRICT MAGISTRAE LUCKNOW_IDA)","Dr. Dinesh Sharma","5000000.00","1228048.00","4224419.00","0.8600","HIGH","3","Taluk balance - commuinity - executive agency","2025-04-19","Open","Peer amount: Recommended amount at the 100th percentile of 35 comparable works (robust z 6.0).; Behavioural change: Implementing agency's recommendation pattern shifted year-on-year (magnitude 86%). Before/after - 2024: 177 works at a median of Rs 627,534 -> 2025: 125 works at a median of Rs 1,170,000. A change point is a lead, not a finding: a new officer or a revised guideline produces one too.; Statistical outlier: A trained anomaly detector (IsolationForest) flags this work's amount-and-age profile as unusual against the national portfolio.","A human should verify the scope and estimate for this work against its peers via the Implementing Agency.","Review the lifecycle history and sanction record | Compare scope and estimate with peer works | Verify supporting documents and field evidence","LOW","No stalling indicators; the work is progressing within normal ranges.","Amount outlier vs peers (STATISTICAL_OUTLIER)","District Monitoring","2026-06-09","New","","TRUE"
"MP3023812-W145089","Installation of 9 no Mini High Mast Solar Street Light System with 4x200 WP SPV Module, 4 Nos 100W semi integrated flood Light with 120 AH Lithium Ion Cell at 1.Chakchaka Harimandir (School), 2. Chakchaka Company Field, 3. Natun Nilkuthir hat, 4. Harur Dokan Bazar, 5. Samsan 6","West Bengal","Sitting Rajya Sabha","Cooch Behar(DISTRICT MAGISTRATE COOCHBEHAR_IDA)","Shri Nagendra Ray","5280444.00","1250262.00","4220642.00","0.8440","HIGH","3","High mast - mast light - LED","2024-10-01","Open","Peer amount: Recommended amount at the 100th percentile of 2819 comparable works (robust z 24.9).; Behavioural change: Implementing agency's recommendation pattern shifted year-on-year (magnitude 70%). Before/after - 2025: 108 works at a median of Rs 586,716 -> 2026: 7 works at a median of Rs 1,000,000. A change point is a lead, not a finding: a new officer or a revised guideline produces one too.; Statistical outlier: A trained anomaly detector (IsolationForest) flags this work's amount-and-age profile as unusual against the national portfolio.","A human should verify the scope and estimate for this work against its peers via the Implementing Agency.","Review the lifecycle history and sanction record | Compare scope and estimate with peer works | Verify supporting documents and field evidence","LOW","LOW - open 1.4x longer than the typical completed work of this type in West Bengal (440 days).","Amount outlier vs peers (STATISTICAL_OUTLIER)","District Monitoring","2026-06-09","New","","TRUE"
"MP3043393-W156920","RENOVATION AND REPAIR OF CHEERAKUZHI IRRIGATION PROJECT CANAL","Kerala","ALATHUR(SC)","THRISSUR(DISTRICT COLLECTOR THRISSUR_IDA)","K RADHAKRISHNAN","5000000.00","1194310.00","4201845.00","0.8796","HIGH","3","Water tank - installation water - submersible pump","2024-12-04","Open","Peer amount: Recommended amount at the 99th percentile of 763 comparable works (robust z 8.4).; Behavioural change: Implementing agency's recommendation pattern shifted year-on-year (magnitude 100%). Before/after - 2024: 313 works at a median of Rs 176,468 -> 2025: 173 works at a median of Rs 400,000. A change point is a lead, not a finding: a new officer or a revised guideline produces one too.; Statistical outlier: A trained anomaly detector (IsolationForest) flags this work's amount-and-age profile as unusual against the national portfolio.","A human should verify the scope and estimate for this work against its peers via the Implementing Agency.","Review the lifecycle history and sanction record | Compare scope and estimate with peer works | Verify supporting documents and field evidence","MEDIUM","MEDIUM - open 3.7x longer than the typical completed work of this type in Kerala (145 days).","Amount outlier vs peers (STATISTICAL_OUTLIER)","District Monitoring","2026-06-09","New","","TRUE"
"MP3017480-W13756","Extension of school building with colouring work of Chandabila S.C. High School.","West Bengal","JHARGRAM(ST)","Jhargram(DISTRICT MAGISTRATE JHARGRAM_IDA)","Shri Kunar Hembram (17th Lok Sabha)","5100000.00","906882.00","4172418.00","0.9202","HIGH","4","Classroom - high school - primary school","2023-08-28","Open","Peer amount: Recommended amount at the 99th percentile of 401 comparable works (robust z 5.9).; Peer duration: Open for longer than 98% of comparable works still in progress.; Behavioural change: Implementing agency's recommendation pattern shifted year-on-year (magnitude 60%). Before/after - 2025: 26 works at a median of Rs 1,224,954 -> 2026: 22 works at a median of Rs 1,955,284. A change point is a lead, not a finding: a new officer or a revised guideline produces one too.; Statistical outlier: A trained anomaly detector (IsolationForest) flags this work's amount-and-age profile as unusual against the national portfolio.","A human should verify the scope and estimate for this work against its peers via the Implementing Agency.","Review the lifecycle history and sanction record | Compare scope and estimate with peer works | Verify supporting documents and field evidence","MEDIUM","MEDIUM - open 2.5x longer than the typical completed work of this type in West Bengal (407 days).","Amount outlier vs peers (STATISTICAL_OUTLIER)","District Monitoring","2026-06-09","New","","TRUE"
"MP3018400-W37050","Supply & Installation of Integrated Digital Board with Software and OPS at Durgachowmuhani RD Block, Dhalai","Tripura","TRIPURA EAST(ST)","Dhalai(DISTRICT MAGISTRATE DHALAI_IDA)","Rebati Tripura","6752000.00","1177428.00","4163858.00","0.8841","HIGH","3","Installation cctv - cctv cameras - cctv camera","2023-10-15","Open","Peer amount: Recommended amount at the 97th percentile of 1552 comparable works (robust z 20.2).; Peer duration: Open for longer than 94% of comparable works still in progress.; Statistical outlier: A trained anomaly detector (IsolationForest) flags this work's amount-and-age profile as unusual against the national portfolio.","A human should verify the scope and estimate for this work against its peers via the Implementing Agency.","Compare scope and estimate with peer works | Verify supporting documents and field evidence","MEDIUM","MEDIUM - open 2.3x longer than the typical completed work of this type in Tripura (412 days).","","District Monitoring","2026-06-09","New","","TRUE"
"MP3042566-W199843","Construction of CC Road from Hanuman Temple to PDA Engineering college at Kalaburagi City.","Karnataka","Sitting Rajya Sabha","KALABURAGI(DEPUTY COMMISSIONER GULBARGA_IDA)","Dr. Syed Naseer Hussain","8700000.00","1177541.00","4142847.00","0.8796","HIGH","3","CC road - construction cc - cc building","2025-05-15","Open","Peer amount: Recommended amount at the 100th percentile of 1855 comparable works (robust z 5433.0).; Behavioural change: Implementing agency's recommendation pattern shifted year-on-year (magnitude 100%). Before/after - 2025: 41 works at a median of Rs 499,000 -> 2026: 49 works at a median of Rs 3,400,000. A change point is a lead, not a finding: a new officer or a revised guideline produces one too.; Statistical outlier: A trained anomaly detector (IsolationForest) flags this work's amount-and-age profile as unusual against the national portfolio.","A human should verify the scope and estimate for this work against its peers via the Implementing Agency.","Review the lifecycle history and sanction record | Compare scope and estimate with peer works | Verify supporting documents and field evidence","LOW","No stalling indicators; the work is progressing within normal ranges.","Amount outlier vs peers (STATISTICAL_OUTLIER)","District Monitoring","2026-06-09","New","","TRUE"
"MP3042286-W182174","Construction of Retaining wall on Yeleru canal right bank near Sivalayam Temple","Andhra Pradesh","KAKINADA","Kakinada(DISTRICT COLLECTOR KAKINADA_IDA)","TANGELLA UDAY SRINIVAS","6000000.00","1244994.00","4122234.00","0.8278","HIGH","3","Construction boundary - boundary wall - construction compound","2025-03-15","Open","Peer amount: Recommended amount at the 96th percentile of 950 comparable works (robust z 11.3).; Behavioural change: Implementing agency's recommendation pattern shifted year-on-year (magnitude 57%). Before/after - 2024: 98 works at a median of Rs 478,294 -> 2025: 44 works at a median of Rs 750,916. A change point is a lead, not a finding: a new officer or a revised guideline produces one too.; Statistical outlier: A trained anomaly detector (IsolationForest) flags this work's amount-and-age profile as unusual against the national portfolio.","A human should verify the scope and estimate for this work against its peers via the Implementing Agency.","Compare scope and estimate with peer works | Verify supporting documents and field evidence","LOW","No stalling indicators; the work is progressing within normal ranges.","","District Monitoring","2026-06-09","New","","TRUE"
"MP3018396-W246425","Construction of Community Hall First Floor in Kannagi Nagar Community Hall","Tamil Nadu","CHENNAI SOUTH","CHENNAI(COMMISSIONER MUNCIPAL CORPORATION CHENNAI_IDA)","T Sumathy (A) Thamizhachi Thangapandian","12585000.00","1181679.00","4120738.00","0.8718","HIGH","3","Community hall - construction community - hall village","2025-11-05","Open","Peer amount: Recommended amount at the 100th percentile of 1462 comparable works (robust z 24.9).; Behavioural change: Implementing agency's recommendation pattern shifted year-on-year (magnitude 94%). Before/after - 2023: 50 works at a median of Rs 1,134,160 -> 2024: 73 works at a median of Rs 2,195,272. A change point is a lead, not a finding: a new officer or a revised guideline produces one too.; Statistical outlier: A trained anomaly detector (IsolationForest) flags this work's amount-and-age profile as unusual against the national portfolio.","A human should verify the scope and estimate for this work against its peers via the Implementing Agency.","Review the lifecycle history and sanction record | Compare scope and estimate with peer works | Verify supporting documents and field evidence","LOW","No stalling indicators; the work is progressing within normal ranges.","Amount outlier vs peers (STATISTICAL_OUTLIER)","District Monitoring","2026-06-09","New","","TRUE"
"MP3017486-W100926","construction of boulder sausage both side from PRN HS school PWD more to tulen ch roy under baropetia natun bos GP under sadar block, jalpaiguri","West Bengal","JALPAIGURI(SC)","JALPAIGURI(DISTRICT MAGISTRATE JALPAIGURI_IDA)","Dr Jayanta Kumar Roy (17th Lok Sabha)","7913172.00","1169689.00","4115223.00","0.8796","HIGH","3","Community hall - construction stage - construction ghat","2024-02-10","Open","Peer amount: Recommended amount at the 100th percentile of 1971 comparable works (robust z 35.7).; Behavioural change: Implementing agency's recommendation pattern shifted year-on-year (magnitude 100%). Before/after - 2023: 37 works at a median of Rs 349,764 -> 2024: 39 works at a median of Rs 1,142,572. A change point is a lead, not a finding: a new officer or a revised guideline produces one too.; Statistical outlier: A trained anomaly detector (IsolationForest) flags this work's amount-and-age profile as unusual against the national portfolio.","A human should verify the scope and estimate for this work against its peers via the Implementing Agency.","Review the lifecycle history and sanction record | Compare scope and estimate with peer works | Verify supporting documents and field evidence","MEDIUM","MEDIUM - open 3.3x longer than the typical completed work of this type in West Bengal (250 days).","Amount outlier vs peers (STATISTICAL_OUTLIER)","District Monitoring","2026-06-09","New","","TRUE"
"MP3042292-W251884","Providing 150mm Di pipeline from p and T colony ELSR pumping line","Andhra Pradesh","VIJAYAWADA","NTR(DISTRICT COLLECTOR NTR_IDA)","Sivanath Kesineni","5488000.00","1138800.00","4006550.00","0.8796","HIGH","3","Water tank - installation water - submersible pump","2025-12-02","Open","Peer amount: Recommended amount at the 100th percentile of 310 comparable works (robust z 23.6).; Behavioural change: Implementing agency's recommendation pattern shifted year-on-year (magnitude 100%). Before/after - 2024: 91 works at a median of Rs 239,428 -> 2025: 34 works at a median of Rs 500,000. A change point is a lead, not a finding: a new officer or a revised guideline produces one too.; Statistical outlier: A trained anomaly detector (IsolationForest) flags this work's amount-and-age profile as unusual against the national portfolio.","A human should verify the scope and estimate for this work against its peers via the Implementing Agency.","Review the lifecycle history and sanction record | Compare scope and estimate with peer works | Verify supporting documents and field evidence","LOW","No stalling indicators; the work is progressing within normal ranges.","Amount outlier vs peers (STATISTICAL_OUTLIER)","District Monitoring","2026-06-09","New","","TRUE"
"MP3044716-W275951","86 High Mast Solar Lights for installation in Handia and Pratappur Assembly Constituency as per the attached list","Uttar Pradesh","BHADOHI","PRAYAGRAJ(DISTRICT MAGISTRAE ALLAHABAD_IDA)","VINOD KUMAR BIND","8621382.00","1137115.00","4000622.00","0.8796","HIGH","3","Solar high - high mast - installation solar","2026-03-25","Open","Peer amount: Recommended amount at the 100th percentile of 4191 comparable works (robust z 65.7).; Behavioural change: Implementing agency's recommendation pattern shifted year-on-year (magnitude 100%). Before/after - 2023: 878 works at a median of Rs 21,109 -> 2024: 557 works at a median of Rs 177,842. A change point is a lead, not a finding: a new officer or a revised guideline produces one too.; Statistical outlier: A trained anomaly detector (IsolationForest) flags this work's amount-and-age profile as unusual against the national portfolio.","A human should verify the scope and estimate for this work against its peers via the Implementing Agency.","Review the lifecycle history and sanction record | Compare scope and estimate with peer works | Verify supporting documents and field evidence","LOW","No stalling indicators; the work is progressing within normal ranges.","Amount outlier vs peers (STATISTICAL_OUTLIER)","District Monitoring","2026-06-09","New","","TRUE"
"MP3019300-W55585","Const of Const of Concrete Road from Sadanandapur Baganpara Koborsthan to Jitarpur Pitch Road at Raipur GP","West Bengal","MURSHIDABAD","MURSHIDABAD(DISTRICT MAGISTRATE MURSHIDABAD_IDA)","Abu Taher Khan(17th Lok Sabha)","6000000.00","1134887.00","3992781.00","0.8796","HIGH","3","Concrete road - construction cement - cement concrete","2023-12-02","Open","Peer amount: Recommended amount at the 100th percentile of 1971 comparable works (robust z 26.7).; Behavioural change: Implementing agency's recommendation pattern shifted year-on-year (magnitude 100%). Before/after - 2025: 409 works at a median of Rs 166,376 -> 2026: 48 works at a median of Rs 842,500. A change point is a lead, not a finding: a new officer or a revised guideline produces one too.; Statistical outlier: A trained anomaly detector (IsolationForest) flags this work's amount-and-age profile as unusual against the national portfolio.","A human should verify the scope and estimate for this work against its peers via the Implementing Agency.","Review the lifecycle history and sanction record | Compare scope and estimate with peer works | Verify supporting documents and field evidence","MEDIUM","MEDIUM - open 3.6x longer than the typical completed work of this type in West Bengal (250 days).","Amount outlier vs peers (STATISTICAL_OUTLIER)","District Monitoring","2026-06-09","New","","TRUE"
"MP3017328-W141232","Construction of boundary wall of public place near Ram Bhajan Das Seva Ashram located in Village Panchayat Kuba Khurd Block Rajgarh","Uttar Pradesh","Sitting Rajya Sabha","MIRZAPUR(DISTRICT MAGISTRATE MIRZAPUR_IDA)","Shri Arun Singh","4000000.00","1136681.00","3985331.00","0.8765","HIGH","3","Construction boundary - boundary wall - construction compound","2024-09-16","Open","Peer amount: Recommended amount at the 99th percentile of 79 comparable works (robust z 5.9).; Behavioural change: Implementing agency's recommendation pattern shifted year-on-year (magnitude 100%). Before/after - 2024: 90 works at a median of Rs 500,000 -> 2025: 23 works at a median of Rs 3,754,000. A change point is a lead, not a finding: a new officer or a revised guideline produces one too.; Statistical outlier: A trained anomaly detector (IsolationForest) flags this work's amount-and-age profile as unusual against the national portfolio.","A human should verify the scope and estimate for this work against its peers via the Implementing Agency.","Compare scope and estimate with peer works | Verify supporting documents and field evidence","LOW","LOW - open 1.3x longer than the typical completed work of this type in Uttar Pradesh (480 days).","","District Monitoring","2026-06-09","New","","TRUE"
"MP3017328-W141251","Construction of C.C.C. road from Sonvarsa Road to Khetwariya connecting road in Village Panchayat Kamapur Block Chanbe","Uttar Pradesh","Sitting Rajya Sabha","MIRZAPUR(DISTRICT MAGISTRATE MIRZAPUR_IDA)","Shri Arun Singh","4000000.00","1136681.00","3978585.00","0.8750","HIGH","3","Pcc road - PCC - construction pcc","2024-09-16","Open","Peer amount: Recommended amount at the 99th percentile of 1941 comparable works (robust z 5.6).; Behavioural change: Implementing agency's recommendation pattern shifted year-on-year (magnitude 100%). Before/after - 2024: 90 works at a median of Rs 500,000 -> 2025: 23 works at a median of Rs 3,754,000. A change point is a lead, not a finding: a new officer or a revised guideline produces one too.; Statistical outlier: A trained anomaly detector (IsolationForest) flags this work's amount-and-age profile as unusual against the national portfolio.","A human should verify the scope and estimate for this work against its peers via the Implementing Agency.","Compare scope and estimate with peer works | Verify supporting documents and field evidence","LOW","LOW - open 1.5x longer than the typical completed work of this type in Uttar Pradesh (412 days).","","District Monitoring","2026-06-09","New","","TRUE"
"MP3017484-W18436","Estimate for the Construction of New Cement Concrete Road from the Black Top Road at Raghunathchak (Tea Shop of Gurupada Bera), J.L. No.-250, Plot No.-538 to the Naishamal Culvert, J.L. No.-252, Plot No.-78 via Kharinet Su Swasthya Kendra at Mugberia G.P. including EDC Bullah pilling.","West Bengal","KANTHI","Purba Medinipur(DISTRICT MAGISTRATE PURBA MEDINIPUR_IDA)","Shri Sisir Kumar Adhikari (17th Lok Sabha)","5915980.00","1119002.00","3965332.00","0.8859","HIGH","3","Concrete road - construction cement - cement concrete","2023-09-09","Open","Peer amount: Recommended amount at the 99th percentile of 1971 comparable works (robust z 26.3).; Peer duration: Open for longer than 96% of comparable works still in progress.; Statistical outlier: A trained anomaly detector (IsolationForest) flags this work's amount-and-age profile as unusual against the national portfolio.","A human should verify the scope and estimate for this work against its peers via the Implementing Agency.","Review the lifecycle history and sanction record | Compare scope and estimate with peer works | Verify supporting documents and field evidence","MEDIUM","MEDIUM - open 4.0x longer than the typical completed work of this type in West Bengal (250 days).","Amount outlier vs peers (STATISTICAL_OUTLIER)","District Monitoring","2026-06-09","New","","TRUE"
"MP3017486-W100930","construction of boulder sausage both side from balur bari more to natun bosti PWD more under baropetia natun bos GP under sadar block, jalpaiguri","West Bengal","JALPAIGURI(SC)","JALPAIGURI(DISTRICT MAGISTRATE JALPAIGURI_IDA)","Dr Jayanta Kumar Roy (17th Lok Sabha)","7610128.00","1124915.00","3957699.00","0.8796","HIGH","3","Community hall - construction stage - construction ghat","2024-02-10","Open","Peer amount: Recommended amount at the 100th percentile of 1971 comparable works (robust z 34.3).; Behavioural change: Implementing agency's recommendation pattern shifted year-on-year (magnitude 100%). Before/after - 2023: 37 works at a median of Rs 349,764 -> 2024: 39 works at a median of Rs 1,142,572. A change point is a lead, not a finding: a new officer or a revised guideline produces one too.; Statistical outlier: A trained anomaly detector (IsolationForest) flags this work's amount-and-age profile as unusual against the national portfolio.","A human should verify the scope and estimate for this work against its peers via the Implementing Agency.","Review the lifecycle history and sanction record | Compare scope and estimate with peer works | Verify supporting documents and field evidence","MEDIUM","MEDIUM - open 3.3x longer than the typical completed work of this type in West Bengal (250 days).","Amount outlier vs peers (STATISTICAL_OUTLIER)","District Monitoring","2026-06-09","New","","TRUE"
"MP3017414-W123942","Construction of Thiruvangayoor Canal Road (SC)in Ward No:IV,Arikkulam Grama Panchayath","Kerala","VADAKARA","KOZHIKODE(DISTRICT COLLECTOR KOZHIKODE_IDA)","Shri K Muraleedharan (17th Lok Sabha)","4400000.00","1115283.00","3951114.00","0.8857","HIGH","3","Concrete road - construction cement - cement concrete","2024-03-09","Open","Peer amount: Recommended amount at the 99th percentile of 1516 comparable works (robust z 13.2).; Peer duration: Open for longer than 96% of comparable works still in progress.; Statistical outlier: A trained anomaly detector (IsolationForest) flags this work's amount-and-age profile as unusual against the national portfolio.","A human should verify the scope and estimate for this work against its peers via the Implementing Agency.","Review the lifecycle history and sanction record | Compare scope and estimate with peer works | Verify supporting documents and field evidence","LOW","LOW - open 1.6x longer than the typical completed work of this type in Kerala (516 days).","Amount outlier vs peers (STATISTICAL_OUTLIER)","District Monitoring","2026-06-09","New","","TRUE"
"MP3019235-W189523","Supply and Installation of 10 nos 12 mtr. Electric high mast light at different places within Jamuria-I and Jamuria-II P.S. under Paschim Bardhaman District (Each Light cost Rs. 4.82 Lac)","West Bengal","ASANSOL","PASCHIM BARDHAMAN(DISTRICT MAGISTRATE PASCHIM BARDHAMAN_IDA)","Shatrughan Sinha","4820000.00","1141288.00","3930810.00","0.8610","HIGH","3","High mast - mast light - LED","2025-04-07","Open","Peer amount: Recommended amount at the 100th percentile of 2819 comparable works (robust z 22.6).; Behavioural change: Implementing agency's recommendation pattern shifted year-on-year (magnitude 85%). Before/after - 2024: 60 works at a median of Rs 420,000 -> 2025: 44 works at a median of Rs 775,461. A change point is a lead, not a finding: a new officer or a revised guideline produces one too.; Statistical outlier: A trained anomaly detector (IsolationForest) flags this work's amount-and-age profile as unusual against the national portfolio.","A human should verify the scope and estimate for this work against its peers via the Implementing Agency.","Review the lifecycle history and sanction record | Compare scope and estimate with peer works | Verify supporting documents and field evidence","LOW","No stalling indicators; the work is progressing within normal ranges.","Amount outlier vs peers (STATISTICAL_OUTLIER)","District Monitoring","2026-06-09","New","","TRUE"
"MP3019201-W140292","30 ?? 6?? 170 ?? 200 ??? ???? ????????? ?????","Uttar Pradesh","HARDOI (SC)","HARDOI(DISTRICT MAGISTRATE HARDOI_IDA)","Jai Prakash","4022832.00","1117162.00","3930423.00","0.8796","HIGH","3","Installation cctv - cctv cameras - cctv camera","2024-09-11","Open","Peer amount: Recommended amount at the 99th percentile of 13232 comparable works (robust z 39.7).; Behavioural change: Implementing agency's recommendation pattern shifted year-on-year (magnitude 100%). Before/after - 2023: 15 works at a median of Rs 600,000 -> 2024: 31 works at a median of Rs 1,215,970. A change point is a lead, not a finding: a new officer or a revised guideline produces one too.; Statistical outlier: A trained anomaly detector (IsolationForest) flags this work's amount-and-age profile as unusual against the national portfolio.","A human should verify the scope and estimate for this work against its peers via the Implementing Agency.","Review the lifecycle history and sanction record | Compare scope and estimate with peer works | Verify supporting documents and field evidence","LOW","LOW - open 1.4x longer than the typical completed work of this type in Uttar Pradesh (439 days).","Amount outlier vs peers (STATISTICAL_OUTLIER)","District Monitoring","2026-06-09","New","","TRUE"
"MP3019045-W131294","Udasalamma Check dam lake development work under Kudligi Town Panchayat","Karnataka","BELLARY(ST)","VIJAYANAGAR(DEPUTY COMMISSIONER VIJAYANAGARA_IDA)","Y Devendrappa(17th Lok Sabha)","10000000.00","1124520.00","3914633.00","0.8703","HIGH","3","Taluk balance - commuinity - executive agency","2024-03-16","Open","Peer amount: Recommended amount at the 99th percentile of 791 comparable works (robust z 25.6).; Behavioural change: Implementing agency's recommendation pattern shifted year-on-year (magnitude 92%). Before/after - 2024: 7 works at a median of Rs 6,500,000 -> 2025: 28 works at a median of Rs 500,000. A change point is a lead, not a finding: a new officer or a revised guideline produces one too.; Statistical outlier: A trained anomaly detector (IsolationForest) flags this work's amount-and-age profile as unusual against the national portfolio.","A human should verify the scope and estimate for this work against its peers via the Implementing Agency.","Review the lifecycle history and sanction record | Compare scope and estimate with peer works | Verify supporting documents and field evidence","LOW","No stalling indicators; the work is progressing within normal ranges.","Amount outlier vs peers (STATISTICAL_OUTLIER)","District Monitoring","2026-06-09","New","","TRUE"
"MP3017489-W1022","Introduction of dialyasis at JBMM hospital of north barrackpore municipality (1. homo Dialysis machine, 2. infrastructure & furtiner, 3. others.","West Bengal","BARRACKPUR","North 24 Parganas(DISTRICT MAGISTRATE NORTH TWENTY FOUR PARGANAS_IDA)","Shri Arjun Singh (17th Lok Sabha)","4800000.00","832727.00","3899307.00","0.9365","HIGH","4","Installation cctv - cctv cameras - cctv camera","2023-06-11","Open","Peer amount: Recommended amount at the 100th percentile of 36 comparable works (robust z 4.4).; Peer duration: Open for longer than 96% of comparable works still in progress.; Behavioural change: Implementing agency's recommendation pattern shifted year-on-year (magnitude 100%). Before/after - 2025: 156 works at a median of Rs 500,000 -> 2026: 29 works at a median of Rs 1,100,000. A change point is a lead, not a finding: a new officer or a revised guideline produces one too.; Statistical outlier: A trained anomaly detector (IsolationForest) flags this work's amount-and-age profile as unusual against the national portfolio.","A human should verify the scope and estimate for this work against its peers via the Implementing Agency.","Review the lifecycle history and sanction record | Compare scope and estimate with peer works | Verify supporting documents and field evidence","MEDIUM","MEDIUM - open 4.2x longer than the typical completed work of this type in West Bengal (254 days).","Amount outlier vs peers (STATISTICAL_OUTLIER)","District Monitoring","2026-06-09","New","","TRUE"
"MP3019201-W140290","19 ?? 6?? 170 ?? 200 ??? ???? ????????? ?????","Uttar Pradesh","HARDOI (SC)","HARDOI(DISTRICT MAGISTRATE HARDOI_IDA)","Jai Prakash","3959045.00","1099456.00","3868128.00","0.8796","HIGH","3","Installation cctv - cctv cameras - cctv camera","2024-09-11","Open","Peer amount: Recommended amount at the 99th percentile of 13232 comparable works (robust z 39.0).; Behavioural change: Implementing agency's recommendation pattern shifted year-on-year (magnitude 100%). Before/after - 2023: 15 works at a median of Rs 600,000 -> 2024: 31 works at a median of Rs 1,215,970. A change point is a lead, not a finding: a new officer or a revised guideline produces one too.; Statistical outlier: A trained anomaly detector (IsolationForest) flags this work's amount-and-age profile as unusual against the national portfolio.","A human should verify the scope and estimate for this work against its peers via the Implementing Agency.","Review the lifecycle history and sanction record | Compare scope and estimate with peer works | Verify supporting documents and field evidence","LOW","LOW - open 1.4x longer than the typical completed work of this type in Uttar Pradesh (439 days).","Amount outlier vs peers (STATISTICAL_OUTLIER)","District Monitoring","2026-06-09","New","","TRUE"
"MP3042331-W239295","White Glaze Tiles Tikdi wala Bankada","Gujarat","CHHOTA UDAIPUR(ST)","CHHOTAUDEPUR(DISTRICT COLLECTOR CHHOTA UDEPUR_IDA)","JASHUBHAI BHILUBHAI RATHVA","4665600.00","1099261.00","3867443.00","0.8796","HIGH","3","Community hall - construction stage - construction ghat","2025-09-30","Open","Peer amount: Recommended amount at the 100th percentile of 465 comparable works (robust z 58.4).; Behavioural change: Implementing agency's recommendation pattern shifted year-on-year (magnitude 100%). Before/after - 2022: 74 works at a median of Rs 55,785 -> 2023: 115 works at a median of Rs 250,000. A change point is a lead, not a finding: a new officer or a revised guideline produces one too.; Statistical outlier: A trained anomaly detector (IsolationForest) flags this work's amount-and-age profile as unusual against the national portfolio.","A human should verify the scope and estimate for this work against its peers via the Implementing Agency.","Review the lifecycle history and sanction record | Compare scope and estimate with peer works | Verify supporting documents and field evidence","LOW","No stalling indicators; the work is progressing within normal ranges.","Amount outlier vs peers (STATISTICAL_OUTLIER)","District Monitoring","2026-06-09","New","","TRUE"
"MP3018342-W70169","Construction of single lane road bridge at KM 6.500 on Mangaleru medium drain at Ganapeswaram Village of Nagayalanka Mandal","Andhra Pradesh","MACHILIPATNAM","KRISHNA(DISTRICT COLLECTOR KRISHNA_IDA)","Balashowry Vallabbhaneni","5500000.00","1141289.00","3864573.00","0.8465","HIGH","3","Construction culvert - construction drain - road","2023-12-27","Open","Peer amount: Recommended amount at the 97th percentile of 112 comparable works (robust z 16.9).; Behavioural change: Implementing agency's recommendation pattern shifted year-on-year (magnitude 73%). Before/after - 2024: 30 works at a median of Rs 497,850 -> 2025: 28 works at a median of Rs 859,221. A change point is a lead, not a finding: a new officer or a revised guideline produces one too.; Statistical outlier: A trained anomaly detector (IsolationForest) flags this work's amount-and-age profile as unusual against the national portfolio.","A human should verify the scope and estimate for this work against its peers via the Implementing Agency.","Compare scope and estimate with peer works | Verify supporting documents and field evidence","LOW","No stalling indicators; the work is progressing within normal ranges.","","District Monitoring","2026-06-09","New","","TRUE"
"MP3017325-W10275","Construction of Building Shrimati Mahadevi Mahavidlaya, Bharaul, Block Araon.","Uttar Pradesh","Sitting Rajya Sabha","FIROZABAD(DISTRICT MAGISTRATE FIROZABAD_IDA)","Prof. Ram Gopal Yadav","5000000.00","1089457.00","3862990.00","0.8864","HIGH","3","Building - sahebganj construction - temple","2023-08-17","Open","Peer amount: Recommended amount at the 100th percentile of 602 comparable works (robust z 9.9).; Peer duration: Open for longer than 96% of comparable works still in progress.; Statistical outlier: A trained anomaly detector (IsolationForest) flags this work's amount-and-age profile as unusual against the national portfolio.","A human should verify the scope and estimate for this work against its peers via the Implementing Agency.","Review the lifecycle history and sanction record | Compare scope and estimate with peer works | Verify supporting documents and field evidence","LOW","LOW - open 2.0x longer than the typical completed work of this type in Uttar Pradesh (509 days).","Amount outlier vs peers (STATISTICAL_OUTLIER)","District Monitoring","2026-06-09","New","","TRUE"
"MP3017413-W130576","Construction of Community hall for Thavalakkuzhippara ST Colony, Athirappilly Grama Panchayath (ST Work)","Kerala","CHALAKUDY","THRISSUR(DISTRICT COLLECTOR THRISSUR_IDA)","Shri Benny Behanan (17th Lok Sabha)","5000000.00","1124920.00","3857463.00","0.8573","HIGH","3","Community hall - construction community - hall village","2024-03-16","Open","Peer amount: Recommended amount at the 97th percentile of 35 comparable works (robust z 3.9).; Behavioural change: Implementing agency's recommendation pattern shifted year-on-year (magnitude 100%). Before/after - 2024: 313 works at a median of Rs 176,468 -> 2025: 173 works at a median of Rs 400,000. A change point is a lead, not a finding: a new officer or a revised guideline produces one too.; Statistical outlier: A trained anomaly detector (IsolationForest) flags this work's amount-and-age profile as unusual against the national portfolio.","A human should verify the scope and estimate for this work against its peers via the Implementing Agency.","Compare scope and estimate with peer works | Verify supporting documents and field evidence","LOW","LOW - open 1.6x longer than the typical completed work of this type in Kerala (499 days).","","District Monitoring","2026-06-09","New","","TRUE"
"MP3042283-W241572","Laying of BT road at Nalladibba in 1st Division in Eluru Municipal Corporation Eluru","Andhra Pradesh","ELURU","Eluru(DISTRICT COLLECTOR ELURU_IDA)","Putta Mahesh Kumar","5000000.00","1121630.00","3852540.00","0.8587","HIGH","3","CC road - concreting - village","2025-10-11","Open","Peer amount: Recommended amount at the 100th percentile of 2550 comparable works (robust z 320.1).; Behavioural change: Implementing agency's recommendation pattern shifted year-on-year (magnitude 83%). Before/after - 2023: 6 works at a median of Rs 2,309,328 -> 2024: 124 works at a median of Rs 400,000. A change point is a lead, not a finding: a new officer or a revised guideline produces one too.; Statistical outlier: A trained anomaly detector (IsolationForest) flags this work's amount-and-age profile as unusual against the national portfolio.","A human should verify the scope and estimate for this work against its peers via the Implementing Agency.","Review the lifecycle history and sanction record | Compare scope and estimate with peer works | Verify supporting documents and field evidence","LOW","No stalling indicators; the work is progressing within normal ranges.","Amount outlier vs peers (STATISTICAL_OUTLIER)","District Monitoring","2026-06-09","New","","TRUE"
"MP3044146-W268504","The attached enclosure contains the approval expenditure details for the purchase and supply of book shelves worth 4999000 for 16 schools under Belsand Block within the Sitamarhi District Assembly Constituency under Sheohar Lok Sabha Constituency","Bihar","SHEOHAR","SITAMARHI(DISTRICT PLANNING OFFICER SITAMARHI_IDA)","LOVELY ANAND","4999000.00","1093096.00","3845753.00","0.8796","HIGH","3","Books - construction library - public library","2026-02-14","Open","Peer amount: Recommended amount at the 100th percentile of 1276 comparable works (robust z 11.8).; Behavioural change: Implementing agency's recommendation pattern shifted year-on-year (magnitude 100%). Before/after - 2025: 188 works at a median of Rs 360,000 -> 2026: 20 works at a median of Rs 993,344. A change point is a lead, not a finding: a new officer or a revised guideline produces one too.; Statistical outlier: A trained anomaly detector (IsolationForest) flags this work's amount-and-age profile as unusual against the national portfolio.","A human should verify the scope and estimate for this work against its peers via the Implementing Agency.","Review the lifecycle history and sanction record | Compare scope and estimate with peer works | Verify supporting documents and field evidence","LOW","No stalling indicators; the work is progressing within normal ranges.","Amount outlier vs peers (STATISTICAL_OUTLIER)","District Monitoring","2026-06-09","New","","TRUE"
"MP3042555-W156279","Purchasing multi-purpose books in government schools (District Education Officer Secondary (Headquarters) Udaipur)","Rajasthan","Sitting Rajya Sabha","UDAIPUR(DISTRICT COLLECTOR UDAIPUR_IDA)","Shri Chunnilal Garasiya","4500000.00","853728.00","3840556.00","0.8997","HIGH","4","Books - construction library - public library","2024-12-01","Open","Peer amount: Recommended amount at the 97th percentile of 33 comparable works (robust z 2.8).; Peer duration: Open for longer than 100% of comparable works still in progress.; Behavioural change: Implementing agency's recommendation pattern shifted year-on-year (magnitude 72%). Before/after - 2024: 71 works at a median of Rs 1,000,000 -> 2025: 34 works at a median of Rs 275,000. A change point is a lead, not a finding: a new officer or a revised guideline produces one too.; Statistical outlier: A trained anomaly detector (IsolationForest) flags this work's amount-and-age profile as unusual against the national portfolio.","A human should verify the scope and estimate for this work against its peers via the Implementing Agency.","Review the lifecycle history and sanction record | Compare scope and estimate with peer works | Verify supporting documents and field evidence","LOW","LOW - open 1.3x longer than the typical completed work of this type in Rajasthan (424 days).","Stalled beyond peer norm (STATISTICAL_OUTLIER)","District Monitoring","2026-06-09","New","","TRUE"
"MP3044811-W220474","Construction of RCC bridge at Raghabpur over Sindrani Baor Mouja Raghabpur JL no 02 under Sindrani Gram Panchayet in Bagdah Block","West Bengal","Sitting Rajya Sabha","North 24 Parganas(DISTRICT MAGISTRATE NORTH TWENTY FOUR PARGANAS_IDA)","Smt. Mamata Thakur","13628575.00","1089380.00","3832680.00","0.8796","HIGH","3","Construction road - construction ambulance - apex road","2025-07-20","Open","Peer amount: Recommended amount at the 100th percentile of 1975 comparable works (robust z 50.3).; Behavioural change: Implementing agency's recommendation pattern shifted year-on-year (magnitude 100%). Before/after - 2025: 156 works at a median of Rs 500,000 -> 2026: 29 works at a median of Rs 1,100,000. A change point is a lead, not a finding: a new officer or a revised guideline produces one too.; Statistical outlier: A trained anomaly detector (IsolationForest) flags this work's amount-and-age profile as unusual against the national portfolio.","A human should verify the scope and estimate for this work against its peers via the Implementing Agency.","Review the lifecycle history and sanction record | Compare scope and estimate with peer works | Verify supporting documents and field evidence","LOW","No stalling indicators; the work is progressing within normal ranges.","Amount outlier vs peers (STATISTICAL_OUTLIER)","District Monitoring","2026-06-09","New","","TRUE"
"MP3017324-W266256","Construction of CC road from Mohaddipur-Kudaghat road to Ramgarh Tal Ring Road (Brahma Kumari Ashram Road) and up to Hotel JBH Palace in Ward No. 67, Mohaddipur.","Uttar Pradesh","Sitting Rajya Sabha","GORAKHPUR(DISTRICT MAGISTRATE GORAKHPUR_IDA)","Dr. Radha Mohan Das Agrawal","3755000.00","1091971.00","3830316.00","0.8769","HIGH","3","CC road - construction cc - cc building","2026-02-20","Open","Peer amount: Recommended amount at the 99th percentile of 7203 comparable works (robust z 6.1).; Behavioural change: Implementing agency's recommendation pattern shifted year-on-year (magnitude 100%). Before/after - 2024: 262 works at a median of Rs 287,000 -> 2025: 69 works at a median of Rs 1,180,000. A change point is a lead, not a finding: a new officer or a revised guideline produces one too.; Statistical outlier: A trained anomaly detector (IsolationForest) flags this work's amount-and-age profile as unusual against the national portfolio.","A human should verify the scope and estimate for this work against its peers via the Implementing Agency.","Review the lifecycle history and sanction record | Compare scope and estimate with peer works | Verify supporting documents and field evidence","LOW","No stalling indicators; the work is progressing within normal ranges.","Amount outlier vs peers (STATISTICAL_OUTLIER)","District Monitoring","2026-06-09","New","","TRUE"
"MP3017455-W166886","CONSTRUCTION OF BADMINTON COURT","Tamil Nadu","CHENNAI CENTRAL","CHENNAI(COMMISSIONER MUNCIPAL CORPORATION CHENNAI_IDA)","Thiru Dayanidhi Maran","5000000.00","1104419.00","3823401.00","0.8655","HIGH","3","Sitting bench - rcc benches - RCC","2025-01-20","Open","Peer amount: Recommended amount at the 95th percentile of 147 comparable works (robust z 5.3).; Behavioural change: Implementing agency's recommendation pattern shifted year-on-year (magnitude 94%). Before/after - 2023: 50 works at a median of Rs 1,134,160 -> 2024: 73 works at a median of Rs 2,195,272. A change point is a lead, not a finding: a new officer or a revised guideline produces one too.; Statistical outlier: A trained anomaly detector (IsolationForest) flags this work's amount-and-age profile as unusual against the national portfolio.","A human should verify the scope and estimate for this work against its peers via the Implementing Agency.","Compare scope and estimate with peer works | Verify supporting documents and field evidence","LOW","No stalling indicators; the work is progressing within normal ranges.","","District Monitoring","2026-06-09","New","","TRUE"
"MP3019045-W131898","Development of Footpath Pedestrian from Moorangadi cricle via Hampi Road to M P Praksh Nagar Cross and Mallige Hotel frant to Pattikonda enclave.","Karnataka","BELLARY(ST)","VIJAYANAGAR(DEPUTY COMMISSIONER VIJAYANAGARA_IDA)","Y Devendrappa(17th Lok Sabha)","7800000.00","1096814.00","3818185.00","0.8703","HIGH","3","Concrete road - construction cement - cement concrete","2024-03-16","Open","Peer amount: Recommended amount at the 100th percentile of 41 comparable works (robust z 734.7).; Behavioural change: Implementing agency's recommendation pattern shifted year-on-year (magnitude 92%). Before/after - 2024: 7 works at a median of Rs 6,500,000 -> 2025: 28 works at a median of Rs 500,000. A change point is a lead, not a finding: a new officer or a revised guideline produces one too.; Statistical outlier: A trained anomaly detector (IsolationForest) flags this work's amount-and-age profile as unusual against the national portfolio.","A human should verify the scope and estimate for this work against its peers via the Implementing Agency.","Review the lifecycle history and sanction record | Compare scope and estimate with peer works | Verify supporting documents and field evidence","LOW","LOW - open 1.2x longer than the typical completed work of this type in Karnataka (645 days).","Amount outlier vs peers (STATISTICAL_OUTLIER)","District Monitoring","2026-06-09","New","","TRUE"
"MP3017324-W266258","Construction of CC road in Hydel Colony, Ward No. 67, Mohaddipur.","Uttar Pradesh","Sitting Rajya Sabha","GORAKHPUR(DISTRICT MAGISTRATE GORAKHPUR_IDA)","Dr. Radha Mohan Das Agrawal","3734000.00","1085867.00","3808308.00","0.8768","HIGH","3","CC road - construction cc - cc building","2026-02-20","Open","Peer amount: Recommended amount at the 99th percentile of 7203 comparable works (robust z 6.0).; Behavioural change: Implementing agency's recommendation pattern shifted year-on-year (magnitude 100%). Before/after - 2024: 262 works at a median of Rs 287,000 -> 2025: 69 works at a median of Rs 1,180,000. A change point is a lead, not a finding: a new officer or a revised guideline produces one too.; Statistical outlier: A trained anomaly detector (IsolationForest) flags this work's amount-and-age profile as unusual against the national portfolio.","A human should verify the scope and estimate for this work against its peers via the Implementing Agency.","Review the lifecycle history and sanction record | Compare scope and estimate with peer works | Verify supporting documents and field evidence","LOW","No stalling indicators; the work is progressing within normal ranges.","Amount outlier vs peers (STATISTICAL_OUTLIER)","District Monitoring","2026-06-09","New","","TRUE"
"MP3019169-W199393","Construction of Public library and reading rooms for the Skill development and employment center in Vedasandhur","Tamil Nadu","KARUR","DINDIGUL(DISTRICT COLLECTOR DINDIGUL_IDA)","Smt S Jothimani","5000000.00","1104419.00","3806534.00","0.8617","HIGH","3","Books - construction library - public library","2025-05-14","Open","Peer amount: Recommended amount at the 97th percentile of 46 comparable works (robust z 4.2).; Behavioural change: Implementing agency's recommendation pattern shifted year-on-year (magnitude 100%). Before/after - 2024: 58 works at a median of Rs 399,063 -> 2025: 74 works at a median of Rs 1,000,000. A change point is a lead, not a finding: a new officer or a revised guideline produces one too.; Statistical outlier: A trained anomaly detector (IsolationForest) flags this work's amount-and-age profile as unusual against the national portfolio.","A human should verify the scope and estimate for this work against its peers via the Implementing Agency.","Compare scope and estimate with peer works | Verify supporting documents and field evidence","LOW","No stalling indicators; the work is progressing within normal ranges.","","District Monitoring","2026-06-09","New","","TRUE"
"MP3042566-W226487","Construction of C.C Road from SVP Chowk to PDA Engineering college road Hanuman Temple.","Karnataka","Sitting Rajya Sabha","KALABURAGI(DEPUTY COMMISSIONER GULBARGA_IDA)","Dr. Syed Naseer Hussain","8100000.00","1074514.00","3780378.00","0.8796","HIGH","3","Construction road - construction ambulance - apex road","2025-08-12","Open","Peer amount: Recommended amount at the 100th percentile of 1855 comparable works (robust z 5035.5).; Behavioural change: Implementing agency's recommendation pattern shifted year-on-year (magnitude 100%). Before/after - 2025: 41 works at a median of Rs 499,000 -> 2026: 49 works at a median of Rs 3,400,000. A change point is a lead, not a finding: a new officer or a revised guideline produces one too.; Statistical outlier: A trained anomaly detector (IsolationForest) flags this work's amount-and-age profile as unusual against the national portfolio.","A human should verify the scope and estimate for this work against its peers via the Implementing Agency.","Review the lifecycle history and sanction record | Compare scope and estimate with peer works | Verify supporting documents and field evidence","LOW","No stalling indicators; the work is progressing within normal ranges.","Amount outlier vs peers (STATISTICAL_OUTLIER)","District Monitoring","2026-06-09","New","","TRUE"
"MP3042444-W176199","Purchase work of 2 mobile library vehicles including training equipment and furniture in Alwar Lok Sabha constituency","Rajasthan","ALWAR","ALWAR(DISTRICT COLLECTOR ALWAR_IDA)","BHUPENDER YADAV","5800000.00","1100232.00","3772384.00","0.8572","HIGH","3","Wheel - wheeler - motorized","2025-02-18","Open","Peer amount: Recommended amount at the 100th percentile of 7859 comparable works (robust z 4.8).; Behavioural change: Implementing agency's recommendation pattern shifted year-on-year (magnitude 90%). Before/after - 2024: 80 works at a median of Rs 525,996 -> 2025: 41 works at a median of Rs 1,000,000. A change point is a lead, not a finding: a new officer or a revised guideline produces one too.; Statistical outlier: A trained anomaly detector (IsolationForest) flags this work's amount-and-age profile as unusual against the national portfolio.","A human should verify the scope and estimate for this work against its peers via the Implementing Agency.","Review the lifecycle history and sanction record | Compare scope and estimate with peer works | Verify supporting documents and field evidence","LOW","No stalling indicators; the work is progressing within normal ranges.","Amount outlier vs peers (STATISTICAL_OUTLIER)","District Monitoring","2026-06-09","New","","TRUE"
"MP3045896-W261209","Construction of Multipurpose hall at GF and 3 rooms at 1st floor in MC Primary School Goyla Khurd in Ward no 124 Najafgarh","Delhi","WEST DELHI","SOUTH WEST(COMMISSIONER MCD SOUTH WEST)","Kamaljeet Sehrawat","13836778.00","1106096.00","3760376.00","0.8499","HIGH","3","Class room - construction class - school","2026-01-23","Open","Peer amount: Recommended amount at the 99th percentile of 163 comparable works (robust z 17.9).; Behavioural change: Implementing agency's recommendation pattern shifted year-on-year (magnitude 75%). Before/after - 2024: 9 works at a median of Rs 1,713,944 -> 2025: 24 works at a median of Rs 421,700. A change point is a lead, not a finding: a new officer or a revised guideline produces one too.; Statistical outlier: A trained anomaly detector (IsolationForest) flags this work's amount-and-age profile as unusual against the national portfolio.","A human should verify the scope and estimate for this work against its peers via the Implementing Agency.","Compare scope and estimate with peer works | Verify supporting documents and field evidence","LOW","No stalling indicators; the work is progressing within normal ranges.","","District Monitoring","2026-06-09","New","","TRUE"
"MP3058540-W267626","Construction of Public Swimming Pool at VOC Park Ward 83 Central Zone Coimbatore Tamil Nadu","Tamil Nadu","Sitting Rajya Sabha","COIMBATORE(DISTRICT COLLECTOR COIMBATORE_IDA)","Shri Kamal Haasan","11200000.00","1122390.00","3759641.00","0.8374","HIGH","3","Sitting bench - rcc benches - RCC","2026-02-11","Open","Peer amount: Recommended amount at the 100th percentile of 1462 comparable works (robust z 22.0).; Behavioural change: Implementing agency's recommendation pattern shifted year-on-year (magnitude 65%). Before/after - 2024: 122 works at a median of Rs 909,000 -> 2025: 83 works at a median of Rs 1,500,000. A change point is a lead, not a finding: a new officer or a revised guideline produces one too.; Statistical outlier: A trained anomaly detector (IsolationForest) flags this work's amount-and-age profile as unusual against the national portfolio.","A human should verify the scope and estimate for this work against its peers via the Implementing Agency.","Review the lifecycle history and sanction record | Compare scope and estimate with peer works | Verify supporting documents and field evidence","LOW","No stalling indicators; the work is progressing within normal ranges.","Amount outlier vs peers (STATISTICAL_OUTLIER)","District Monitoring","2026-06-09","New","","TRUE"
"MP3019300-W71172","Construction of False Celling work ,Acoustic Soundproofing the Hall, Installation of Sitting Arangement and Sanitary Plumbing works at Rabindra nazrul Sadan at Domkal With Domkal Municipality","West Bengal","MURSHIDABAD","MURSHIDABAD(DISTRICT MAGISTRATE MURSHIDABAD_IDA)","Abu Taher Khan(17th Lok Sabha)","6012656.00","1069088.00","3756667.00","0.8785","HIGH","3","Repair renovation - repairing - ahar","2023-12-29","Open","Peer amount: Recommended amount at the 98th percentile of 63 comparable works (robust z 6.8).; Behavioural change: Implementing agency's recommendation pattern shifted year-on-year (magnitude 100%). Before/after - 2025: 409 works at a median of Rs 166,376 -> 2026: 48 works at a median of Rs 842,500. A change point is a lead, not a finding: a new officer or a revised guideline produces one too.; Statistical outlier: A trained anomaly detector (IsolationForest) flags this work's amount-and-age profile as unusual against the national portfolio.","A human should verify the scope and estimate for this work against its peers via the Implementing Agency.","Compare scope and estimate with peer works | Verify supporting documents and field evidence","MEDIUM","MEDIUM - open 2.5x longer than the typical completed work of this type in West Bengal (345 days).","","District Monitoring","2026-06-09","New","","TRUE"
"MP3018400-W510","Purchase of smart boards, visual display units and projectors","Tripura","TRIPURA EAST(ST)","Dhalai(DISTRICT MAGISTRATE DHALAI_IDA)","Rebati Tripura","5908000.00","1056075.00","3755825.00","0.8891","HIGH","3","School - smart class - computer","2023-06-01","Open","Peer amount: Recommended amount at the 96th percentile of 1552 comparable works (robust z 17.5).; Peer duration: Open for longer than 98% of comparable works still in progress.; Statistical outlier: A trained anomaly detector (IsolationForest) flags this work's amount-and-age profile as unusual against the national portfolio.","A human should verify the scope and estimate for this work against its peers via the Implementing Agency.","Compare scope and estimate with peer works | Verify supporting documents and field evidence","MEDIUM","MEDIUM - open 2.6x longer than the typical completed work of this type in Tripura (412 days).","","District Monitoring","2026-06-09","New","","TRUE"
"MP3019166-W25204","Construction of 2 Class Room Buildings for Corporation Middle School, Valasaravakkam Zone","Tamil Nadu","SRIPERUMBUDUR","CHENNAI(COMMISSIONER MUNCIPAL CORPORATION CHENNAI_IDA)","Thalikkottai Rajuthevar Baalu(17th Lok Sabha)","5461000.00","1206198.00","3755092.00","0.7783","HIGH","3","Class room - construction class - school","2023-09-23","Open","Peer amount: Recommended amount at the 96th percentile of 152 comparable works (robust z 2.0).; Behavioural change: Implementing agency's recommendation pattern shifted year-on-year (magnitude 94%). Before/after - 2023: 50 works at a median of Rs 1,134,160 -> 2024: 73 works at a median of Rs 2,195,272. A change point is a lead, not a finding: a new officer or a revised guideline produces one too.; Statistical outlier: A trained anomaly detector (IsolationForest) flags this work's amount-and-age profile as unusual against the national portfolio.","A human should verify the scope and estimate for this work against its peers via the Implementing Agency.","Compare scope and estimate with peer works | Verify supporting documents and field evidence","LOW","LOW - open 1.3x longer than the typical completed work of this type in Tamil Nadu (736 days).","","District Monitoring","2026-06-09","New","","TRUE"
"MP3042319-W281457","purchase of four door iron bookshelves total 125 units","Bihar","SASARAM(SC)","ROHTAS(District Planning Officer Rohtas_IDA)","MANOJ KUMAR","5000000.00","1093315.00","3753405.00","0.8583","HIGH","3","Books - construction library - public library","2026-05-18","Open","Peer amount: Recommended amount at the 100th percentile of 1276 comparable works (robust z 11.8).; Behavioural change: Implementing agency's recommendation pattern shifted year-on-year (magnitude 82%). Before/after - 2025: 84 works at a median of Rs 699,313 -> 2026: 19 works at a median of Rs 1,275,000. A change point is a lead, not a finding: a new officer or a revised guideline produces one too.; Statistical outlier: A trained anomaly detector (IsolationForest) flags this work's amount-and-age profile as unusual against the national portfolio.","A human should verify the scope and estimate for this work against its peers via the Implementing Agency.","Review the lifecycle history and sanction record | Compare scope and estimate with peer works | Verify supporting documents and field evidence","LOW","No stalling indicators; the work is progressing within normal ranges.","Amount outlier vs peers (STATISTICAL_OUTLIER)","District Monitoring","2026-06-09","New","","TRUE"
"MP3017243-W281928","Construction of Vijayanagara District Cultural Center (Rangamandira) at Hospete - Phase 1","Karnataka","Sitting Rajya Sabha","VIJAYANAGAR(DEPUTY COMMISSIONER VIJAYANAGARA_IDA)","Smt. Nirmala Sitharaman","20000000.00","787168.00","3753178.00","0.9536","HIGH","4","Construction building - community building - cultural activities","2026-05-19","Open","Peer amount: Recommended amount at the 100th percentile of 3148 comparable works (robust z 131.5).; Behavioural change: Implementing agency's recommendation pattern shifted year-on-year (magnitude 92%). Before/after - 2024: 7 works at a median of Rs 6,500,000 -> 2025: 28 works at a median of Rs 500,000. A change point is a lead, not a finding: a new officer or a revised guideline produces one too.; Statistical outlier: A trained anomaly detector (IsolationForest) flags this work's amount-and-age profile as unusual against the national portfolio.; Near-duplicate work: A work in the same state and archetype is 98.8% semantically similar (MP3017243-W281929). Repeated descriptions are common in this scheme, so a human should confirm these are genuinely separate works.","A human should verify the scope and estimate for this work against its peers via the Implementing Agency.","Check duplicate possibility against the matched work | Review the lifecycle history and sanction record | Compare scope and estimate with peer works | Verify supporting documents and field evidence","LOW","No stalling indicators; the work is progressing within normal ranges.","Amount outlier vs peers (STATISTICAL_OUTLIER)","District Monitoring","2026-06-09","New","","TRUE"
"MP3017243-W281929","Construction of Vijayanagara District Cultural Center (Rangamandira) at Hospete - Phase 2","Karnataka","Sitting Rajya Sabha","VIJAYANAGAR(DEPUTY COMMISSIONER VIJAYANAGARA_IDA)","Smt. Nirmala Sitharaman","20000000.00","787168.00","3753178.00","0.9536","HIGH","4","Construction building - community building - cultural activities","2026-05-19","Open","Peer amount: Recommended amount at the 100th percentile of 3148 comparable works (robust z 131.5).; Behavioural change: Implementing agency's recommendation pattern shifted year-on-year (magnitude 92%). Before/after - 2024: 7 works at a median of Rs 6,500,000 -> 2025: 28 works at a median of Rs 500,000. A change point is a lead, not a finding: a new officer or a revised guideline produces one too.; Statistical outlier: A trained anomaly detector (IsolationForest) flags this work's amount-and-age profile as unusual against the national portfolio.; Near-duplicate work: A work in the same state and archetype is 98.8% semantically similar (MP3017243-W281928). Repeated descriptions are common in this scheme, so a human should confirm these are genuinely separate works.","A human should verify the scope and estimate for this work against its peers via the Implementing Agency.","Check duplicate possibility against the matched work | Review the lifecycle history and sanction record | Compare scope and estimate with peer works | Verify supporting documents and field evidence","LOW","No stalling indicators; the work is progressing within normal ranges.","Amount outlier vs peers (STATISTICAL_OUTLIER)","District Monitoring","2026-06-09","New","","TRUE"
"MP3017492-W120156","Construction of Research Center","West Bengal","MEDINIPUR","Paschim Medinipur(DISTRICT MAGISTRATE PASCHIM MEDINIPUR_IDA)","Shri Dilip Ghosh (17th Lok Sabha)","6000000.00","1066839.00","3750955.00","0.8790","HIGH","3","Community centre - construction community - community center","2024-03-07","Open","Peer amount: Recommended amount at the 99th percentile of 401 comparable works (robust z 7.2).; Behavioural change: Implementing agency's recommendation pattern shifted year-on-year (magnitude 100%). Before/after - 2025: 230 works at a median of Rs 349,867 -> 2026: 36 works at a median of Rs 2,750,000. A change point is a lead, not a finding: a new officer or a revised guideline produces one too.; Statistical outlier: A trained anomaly detector (IsolationForest) flags this work's amount-and-age profile as unusual against the national portfolio.","A human should verify the scope and estimate for this work against its peers via the Implementing Agency.","Review the lifecycle history and sanction record | Compare scope and estimate with peer works | Verify supporting documents and field evidence","LOW","LOW - open 2.0x longer than the typical completed work of this type in West Bengal (407 days).","Amount outlier vs peers (STATISTICAL_OUTLIER)","District Monitoring","2026-06-09","New","","TRUE"
"MP3017485-W190727","Electrification of community cultural centre","West Bengal","BARASAT","North 24 Parganas(DISTRICT MAGISTRATE NORTH TWENTY FOUR PARGANAS_IDA)","Kakoli Ghosh Dastidar","6000000.00","1066839.00","3748894.00","0.8785","HIGH","3","Community centre - construction community - community center","2025-04-12","Open","Peer amount: Recommended amount at the 97th percentile of 246 comparable works (robust z 6.8).; Behavioural change: Implementing agency's recommendation pattern shifted year-on-year (magnitude 100%). Before/after - 2025: 156 works at a median of Rs 500,000 -> 2026: 29 works at a median of Rs 1,100,000. A change point is a lead, not a finding: a new officer or a revised guideline produces one too.; Statistical outlier: A trained anomaly detector (IsolationForest) flags this work's amount-and-age profile as unusual against the national portfolio.","A human should verify the scope and estimate for this work against its peers via the Implementing Agency.","Compare scope and estimate with peer works | Verify supporting documents and field evidence","LOW","No stalling indicators; the work is progressing within normal ranges.","","District Monitoring","2026-06-09","New","","TRUE"
"MP3019059-W221011","Installation of Open Gym","Madhya Pradesh","REWA","REWA(DISTRICT COLLECTOR REWA_IDA)","Janardan Mishra","5694490.00","1091434.00","3748613.00","0.8586","HIGH","3","Open gym - gym equipment - installation open","2025-07-22","Open","Peer amount: Recommended amount at the 100th percentile of 2348 comparable works (robust z 36.2).; Behavioural change: Implementing agency's recommendation pattern shifted year-on-year (magnitude 83%). Before/after - 2025: 43 works at a median of Rs 720,000 -> 2026: 5 works at a median of Rs 125,000. A change point is a lead, not a finding: a new officer or a revised guideline produces one too.; Statistical outlier: A trained anomaly detector (IsolationForest) flags this work's amount-and-age profile as unusual against the national portfolio.","A human should verify the scope and estimate for this work against its peers via the Implementing Agency.","Review the lifecycle history and sanction record | Compare scope and estimate with peer works | Verify supporting documents and field evidence","LOW","No stalling indicators; the work is progressing within normal ranges.","Amount outlier vs peers (STATISTICAL_OUTLIER)","District Monitoring","2026-06-09","New","","TRUE"
"MP3017328-W81759","Work of solar light and solar pump at public place near Shri Krishna Yoga Maya Ashram Ashtbhuja.","Uttar Pradesh","Sitting Rajya Sabha","MIRZAPUR(DISTRICT MAGISTRATE MIRZAPUR_IDA)","Shri Arun Singh","3000000.00","1034612.00","3747685.00","0.9056","HIGH","3","Solar light - installation solar - light request","2024-01-14","Open","Peer amount: Recommended amount at the 100th percentile of 120 comparable works (robust z 49.8).; Peer duration: Open for longer than 96% of comparable works still in progress.; Behavioural change: Implementing agency's recommendation pattern shifted year-on-year (magnitude 100%). Before/after - 2024: 90 works at a median of Rs 500,000 -> 2025: 23 works at a median of Rs 3,754,000. A change point is a lead, not a finding: a new officer or a revised guideline produces one too.","A human should verify the scope and estimate for this work against its peers via the Implementing Agency.","Review the lifecycle history and sanction record | Compare scope and estimate with peer works | Verify supporting documents and field evidence","MEDIUM","MEDIUM - open 2.3x longer than the typical completed work of this type in Uttar Pradesh (375 days).","Amount outlier vs peers (STATISTICAL_OUTLIER)","District Monitoring","2026-06-09","New","","TRUE"
"MP3018400-W511","Supply of Garbage battery E- Rickshaw","Tripura","TRIPURA EAST(ST)","Dhalai(DISTRICT MAGISTRATE DHALAI_IDA)","Rebati Tripura","5900000.00","1054646.00","3733341.00","0.8850","HIGH","3","Wheel - wheeler - motorized","2023-06-01","Open","Peer amount: Recommended amount at the 100th percentile of 155 comparable works (robust z 20.5).; Peer duration: Open for longer than 95% of comparable works still in progress.; Statistical outlier: A trained anomaly detector (IsolationForest) flags this work's amount-and-age profile as unusual against the national portfolio.","A human should verify the scope and estimate for this work against its peers via the Implementing Agency.","Review the lifecycle history and sanction record | Compare scope and estimate with peer works | Verify supporting documents and field evidence","MEDIUM","MEDIUM - open 2.6x longer than the typical completed work of this type in Tripura (412 days).","Amount outlier vs peers (STATISTICAL_OUTLIER)","District Monitoring","2026-06-09","New","","TRUE"
"MP3042282-W221109","Providing BT Road from Sambaiah Kandriga Y-Junction to Kattamanchi in Kattamanchi Bypass road, Chittoor Municipal Corporation.","Andhra Pradesh","CHITTOOR","CHITTOOR(DISTRICT COLLECTOR CHITTOOR_IDA)","DAGGUMALLA PRASADA RAO","5000000.00","1121630.00","3729988.00","0.8314","HIGH","3","CC road - concreting - village","2025-07-29","Open","Peer amount: Recommended amount at the 100th percentile of 2550 comparable works (robust z 320.1).; Behavioural change: Implementing agency's recommendation pattern shifted year-on-year (magnitude 60%). Before/after - 2024: 134 works at a median of Rs 500,000 -> 2025: 171 works at a median of Rs 200,000. A change point is a lead, not a finding: a new officer or a revised guideline produces one too.; Statistical outlier: A trained anomaly detector (IsolationForest) flags this work's amount-and-age profile as unusual against the national portfolio.","A human should verify the scope and estimate for this work against its peers via the Implementing Agency.","Review the lifecycle history and sanction record | Compare scope and estimate with peer works | Verify supporting documents and field evidence","LOW","No stalling indicators; the work is progressing within normal ranges.","Amount outlier vs peers (STATISTICAL_OUTLIER)","District Monitoring","2026-06-09","New","","TRUE"
"MP3018367-W7973","Construction of pavers and roof of the cemetery of St. Rita Church, Maina, Curtorim","Goa","SOUTH GOA","SOUTH GOA(DISTRICT COLLECTOR SOUTH GOA_IDA)","Francisco Cosme Sardinha","4400000.00","786623.00","3719940.00","0.9458","HIGH","4","Construction cremation - cremation ground - shed","2023-08-04","Open","Peer amount: Recommended amount at the 99th percentile of 3271 comparable works (robust z 8.8).; Peer duration: Open for longer than 100% of comparable works still in progress.; Behavioural change: Implementing agency's recommendation pattern shifted year-on-year (magnitude 100%). Before/after - 2023: 74 works at a median of Rs 1,144,298 -> 2024: 5 works at a median of Rs 2,484,987. A change point is a lead, not a finding: a new officer or a revised guideline produces one too.; Statistical outlier: A trained anomaly detector (IsolationForest) flags this work's amount-and-age profile as unusual against the national portfolio.","A human should verify the scope and estimate for this work against its peers via the Implementing Agency.","Review the lifecycle history and sanction record | Compare scope and estimate with peer works | Verify supporting documents and field evidence","MEDIUM","MEDIUM - open 2.5x longer than the typical completed work of this type in Goa (412 days).","Stalled beyond peer norm (STATISTICAL_OUTLIER)","District Monitoring","2026-06-09","New","","TRUE"
"MP3017338-W147636","Letter as per attached.","Uttar Pradesh","Sitting Rajya Sabha","Siddharthnagar(DISTRICT MAGISTRATE SIDDHARTH NAGAR_IDA)","Shri Brij Lal","3802000.00","1055862.00","3714755.00","0.8796","HIGH","3","Installation cctv - cctv cameras - cctv camera","2024-10-16","Open","Peer amount: Recommended amount at the 99th percentile of 756 comparable works (robust z 8.9).; Behavioural change: Implementing agency's recommendation pattern shifted year-on-year (magnitude 100%). Before/after - 2023: 192 works at a median of Rs 50,000 -> 2024: 21 works at a median of Rs 780,000. A change point is a lead, not a finding: a new officer or a revised guideline produces one too.; Statistical outlier: A trained anomaly detector (IsolationForest) flags this work's amount-and-age profile as unusual against the national portfolio.","A human should verify the scope and estimate for this work against its peers via the Implementing Agency.","Review the lifecycle history and sanction record | Compare scope and estimate with peer works | Verify supporting documents and field evidence","MEDIUM","MEDIUM - open 2.4x longer than the typical completed work of this type in Uttar Pradesh (248 days).","Amount outlier vs peers (STATISTICAL_OUTLIER)","District Monitoring","2026-06-09","New","","TRUE"
"MP3019173-W71923","Construction of Community Hall at GHMC Ward Office in Shahgunj, Charminar Assembly Constituency, Hyderabad.","Telangana","HYDERABAD","HYDERABAD(DISTRICT COLLECTOR HYDERABAD_IDA)","Asaduddin Owaisi(17th Lok Sabha)","6500000.00","809164.00","3708121.00","0.9165","HIGH","4","Community hall - construction community - hall village","2023-12-30","Open","Peer amount: Recommended amount at the 100th percentile of 766 comparable works (robust z 27.2).; Peer duration: Open for longer than 93% of comparable works still in progress.; Behavioural change: Implementing agency's recommendation pattern shifted year-on-year (magnitude 58%). Before/after - 2025: 47 works at a median of Rs 1,500,000 -> 2026: 47 works at a median of Rs 630,000. A change point is a lead, not a finding: a new officer or a revised guideline produces one too.; Statistical outlier: A trained anomaly detector (IsolationForest) flags this work's amount-and-age profile as unusual against the national portfolio.","A human should verify the scope and estimate for this work against its peers via the Implementing Agency.","Review the lifecycle history and sanction record | Compare scope and estimate with peer works | Verify supporting documents and field evidence","LOW","LOW - open 2.3x longer than the typical completed work of this type in Telangana (379 days).","Amount outlier vs peers (STATISTICAL_OUTLIER)","District Monitoring","2026-06-09","New","","TRUE"
"MP3043535-W263804","Installation of 100 solar lights in 10 ST villages (10 per village)","West Bengal","Sitting Rajya Sabha","PURULIA(DISTRICT MAGISTRATE PURULIA_IDA)","Ms. Sushmita Dev","6489400.00","1053976.00","3706934.00","0.8793","HIGH","3","Solar street - street light - installation solar","2026-02-02","Open","Peer amount: Recommended amount at the 99th percentile of 581 comparable works (robust z 7.5).; Behavioural change: Implementing agency's recommendation pattern shifted year-on-year (magnitude 100%). Before/after - 2023: 107 works at a median of Rs 41,445 -> 2024: 147 works at a median of Rs 502,000. A change point is a lead, not a finding: a new officer or a revised guideline produces one too.; Statistical outlier: A trained anomaly detector (IsolationForest) flags this work's amount-and-age profile as unusual against the national portfolio.","A human should verify the scope and estimate for this work against its peers via the Implementing Agency.","Compare scope and estimate with peer works | Verify supporting documents and field evidence","LOW","No stalling indicators; the work is progressing within normal ranges.","","District Monitoring","2026-06-09","New","","TRUE"
"MP3042298-W137519","Installation of Solar Light under Singhason MAC Constituency","Assam","Diphu (ST)","KARBI ANGLONG(DEPUTY COMMISSIONER KARBI ANGLONG_IDA)","AMARSING TISSO","5000000.00","1102542.00","3687760.00","0.8362","HIGH","3","Solar light - installation solar - light request","2024-08-29","Open","Peer amount: Recommended amount at the 100th percentile of 51 comparable works (robust z 14.2).; Behavioural change: Implementing agency's recommendation pattern shifted year-on-year (magnitude 64%). Before/after - 2023: 10 works at a median of Rs 2,500,000 -> 2024: 49 works at a median of Rs 900,000. A change point is a lead, not a finding: a new officer or a revised guideline produces one too.; Statistical outlier: A trained anomaly detector (IsolationForest) flags this work's amount-and-age profile as unusual against the national portfolio.","A human should verify the scope and estimate for this work against its peers via the Implementing Agency.","Review the lifecycle history and sanction record | Compare scope and estimate with peer works | Verify supporting documents and field evidence","LOW","LOW - open 1.7x longer than the typical completed work of this type in Assam (365 days).","Amount outlier vs peers (STATISTICAL_OUTLIER)","District Monitoring","2026-06-09","New","","TRUE"
"MP3019300-W55586","Const Of Concrete Road from Sadandapur Golam Rosul Land to Raipur Hindupara at Raipur Gram panchayat","West Bengal","MURSHIDABAD","MURSHIDABAD(DISTRICT MAGISTRATE MURSHIDABAD_IDA)","Abu Taher Khan(17th Lok Sabha)","5540000.00","1047917.00","3686804.00","0.8796","HIGH","3","Concrete road - construction cement - cement concrete","2023-12-02","Open","Peer amount: Recommended amount at the 99th percentile of 1971 comparable works (robust z 24.5).; Behavioural change: Implementing agency's recommendation pattern shifted year-on-year (magnitude 100%). Before/after - 2025: 409 works at a median of Rs 166,376 -> 2026: 48 works at a median of Rs 842,500. A change point is a lead, not a finding: a new officer or a revised guideline produces one too.; Statistical outlier: A trained anomaly detector (IsolationForest) flags this work's amount-and-age profile as unusual against the national portfolio.","A human should verify the scope and estimate for this work against its peers via the Implementing Agency.","Review the lifecycle history and sanction record | Compare scope and estimate with peer works | Verify supporting documents and field evidence","MEDIUM","MEDIUM - open 3.6x longer than the typical completed work of this type in West Bengal (250 days).","Amount outlier vs peers (STATISTICAL_OUTLIER)","District Monitoring","2026-06-09","New","","TRUE"
"MP3018939-W37168","Construction of Tilak Hall Building @ NTR Municipal High School in Srikkaulam Municipal Corporation.","Andhra Pradesh","SRIKAKULAM","SRIKAKULAM(District Collector Srikakulam_IDA)","Kinjarapu Ram Mohan Naidu","5000000.00","1037581.00","3674242.00","0.8853","HIGH","3","Classroom - high school - primary school","2023-10-15","Open","Peer amount: Recommended amount at the 99th percentile of 126 comparable works (robust z 30.4).; Peer duration: Open for longer than 95% of comparable works still in progress.; Statistical outlier: A trained anomaly detector (IsolationForest) flags this work's amount-and-age profile as unusual against the national portfolio.","A human should verify the scope and estimate for this work against its peers via the Implementing Agency.","Compare scope and estimate with peer works | Verify supporting documents and field evidence","MEDIUM","MEDIUM - open 3.7x longer than the typical completed work of this type in Andhra Pradesh (259 days).","","District Monitoring","2026-06-09","New","","TRUE"
"MP3019255-W168247","Construction of RVSCV S High School building at Chilakaluripeta of Palnadu District","Andhra Pradesh","Nominated Rajya Sabha","Palnadu(District Collector Palnadu_IDA)","Shri V. Vijayendra Prasad","5000000.00","1037581.00","3650438.00","0.8796","HIGH","3","Classroom - high school - primary school","2025-01-23","Open","Peer amount: Recommended amount at the 99th percentile of 126 comparable works (robust z 30.4).; Behavioural change: Implementing agency's recommendation pattern shifted year-on-year (magnitude 100%). Before/after - 2025: 53 works at a median of Rs 263,500 -> 2026: 11 works at a median of Rs 1,000,000. A change point is a lead, not a finding: a new officer or a revised guideline produces one too.; Statistical outlier: A trained anomaly detector (IsolationForest) flags this work's amount-and-age profile as unusual against the national portfolio.","A human should verify the scope and estimate for this work against its peers via the Implementing Agency.","Compare scope and estimate with peer works | Verify supporting documents and field evidence","LOW","LOW - open 1.9x longer than the typical completed work of this type in Andhra Pradesh (259 days).","","District Monitoring","2026-06-09","New","","TRUE"
"MP3045227-W250877","Purchase of 2nos buses for Medical College","Telangana","PEDDAPALLE","MANCHERIAL(District Collector Mancherial_IDA)","VAMSI KRISHNA GADDAM","8000000.00","1034881.00","3640940.00","0.8796","HIGH","3","Installation cctv - cctv cameras - cctv camera","2025-12-15","Open","Peer amount: Recommended amount at the 98th percentile of 251 comparable works (robust z 12.1).; Behavioural change: Implementing agency's recommendation pattern shifted year-on-year (magnitude 100%). Before/after - 2024: 244 works at a median of Rs 200,000 -> 2025: 6 works at a median of Rs 425,000. A change point is a lead, not a finding: a new officer or a revised guideline produces one too.; Statistical outlier: A trained anomaly detector (IsolationForest) flags this work's amount-and-age profile as unusual against the national portfolio.","A human should verify the scope and estimate for this work against its peers via the Implementing Agency.","Compare scope and estimate with peer works | Verify supporting documents and field evidence","LOW","No stalling indicators; the work is progressing within normal ranges.","","District Monitoring","2026-06-09","New","","TRUE"
"MP3017380-W91475","House to house mobile clinic solution for Human","Assam","KOKRAJHAR (ST)","BAKSA(DEPUTY COMMISSIONER BAKSA_IDA)","Shri Naba (Hira) Kumar Sarania (17th Lok Sabha)","6280313.00","1095212.00","3628244.00","0.8282","HIGH","3","Installation cctv - cctv cameras - cctv camera","2024-01-30","Open","Peer amount: Recommended amount at the 97th percentile of 252 comparable works (robust z 6.2).; Behavioural change: Implementing agency's recommendation pattern shifted year-on-year (magnitude 60%). Before/after - 2024: 23 works at a median of Rs 1,000,000 -> 2025: 15 works at a median of Rs 400,000. A change point is a lead, not a finding: a new officer or a revised guideline produces one too.; Statistical outlier: A trained anomaly detector (IsolationForest) flags this work's amount-and-age profile as unusual against the national portfolio.","A human should verify the scope and estimate for this work against its peers via the Implementing Agency.","Compare scope and estimate with peer works | Verify supporting documents and field evidence","LOW","LOW - open 1.7x longer than the typical completed work of this type in Assam (505 days).","","District Monitoring","2026-06-09","New","","TRUE"
"MP3019643-W99691","Construction of Multipurpose hall V.O.C nagar in dn -72, Zone - 6","Tamil Nadu","CHENNAI NORTH","CHENNAI(COMMISSIONER MUNCIPAL CORPORATION CHENNAI_IDA)","Kalanidhi Veeraswamy (17th Lok Sabha)","5000000.00","1039516.00","3624988.00","0.8718","HIGH","3","Community hall - construction community - hall village","2024-02-09","Open","Peer amount: Recommended amount at the 97th percentile of 598 comparable works (robust z 8.1).; Behavioural change: Implementing agency's recommendation pattern shifted year-on-year (magnitude 94%). Before/after - 2023: 50 works at a median of Rs 1,134,160 -> 2024: 73 works at a median of Rs 2,195,272. A change point is a lead, not a finding: a new officer or a revised guideline produces one too.; Statistical outlier: A trained anomaly detector (IsolationForest) flags this work's amount-and-age profile as unusual against the national portfolio.","A human should verify the scope and estimate for this work against its peers via the Implementing Agency.","Compare scope and estimate with peer works | Verify supporting documents and field evidence","LOW","LOW - open 1.6x longer than the typical completed work of this type in Tamil Nadu (529 days).","","District Monitoring","2026-06-09","New","","TRUE"
"MP3018943-W42091","Construction of BC Bhavan ( Backward Classes Bhavan) in Kadapa District","Andhra Pradesh","KADAPA","Y.S.R.(DISTRICT COLLECTOR CUDDAPAH_IDA)","Y S Avinash Reddy","6500000.00","1021519.00","3604668.00","0.8822","HIGH","3","Building - sahebganj construction - temple","2023-10-30","Open","Peer amount: Recommended amount at the 99th percentile of 112 comparable works (robust z 7.4).; Peer duration: Open for longer than 93% of comparable works still in progress.; Statistical outlier: A trained anomaly detector (IsolationForest) flags this work's amount-and-age profile as unusual against the national portfolio.","A human should verify the scope and estimate for this work against its peers via the Implementing Agency.","Review the lifecycle history and sanction record | Compare scope and estimate with peer works | Verify supporting documents and field evidence","LOW","No stalling indicators; the work is progressing within normal ranges.","Amount outlier vs peers (STATISTICAL_OUTLIER)","District Monitoring","2026-06-09","New","","TRUE"
"MP3042341-W175040","installation of Tower Lights","Haryana","KARNAL","PANIPAT(DC CUM NODAL OFFICER MPLADS)","MANOHAR LAL","4870972.00","1021418.00","3593571.00","0.8796","HIGH","3","Highmast light - installation highmast - mask light","2025-02-12","Open","Peer amount: Recommended amount at the 100th percentile of 25467 comparable works (robust z 14.3).; Behavioural change: Implementing agency's recommendation pattern shifted year-on-year (magnitude 100%). Before/after - 2023: 43 works at a median of Rs 500,000 -> 2024: 11 works at a median of Rs 1,000,000. A change point is a lead, not a finding: a new officer or a revised guideline produces one too.; Statistical outlier: A trained anomaly detector (IsolationForest) flags this work's amount-and-age profile as unusual against the national portfolio.","A human should verify the scope and estimate for this work against its peers via the Implementing Agency.","Review the lifecycle history and sanction record | Compare scope and estimate with peer works | Verify supporting documents and field evidence","LOW","No stalling indicators; the work is progressing within normal ranges.","Amount outlier vs peers (STATISTICAL_OUTLIER)","District Monitoring","2026-06-09","New","","TRUE"
"MP3018956-W68375","Construction of School Building (G+1) at DAV HS SChool, Diphu","Assam","Diphu (ST)","KARBI ANGLONG(DEPUTY COMMISSIONER KARBI ANGLONG_IDA)","Horen Sing Bey","6000000.00","1072513.00","3587319.00","0.8362","HIGH","3","Classroom - high school - primary school","2023-12-22","Open","Peer amount: Recommended amount at the 99th percentile of 192 comparable works (robust z 18.5).; Behavioural change: Implementing agency's recommendation pattern shifted year-on-year (magnitude 64%). Before/after - 2023: 10 works at a median of Rs 2,500,000 -> 2024: 49 works at a median of Rs 900,000. A change point is a lead, not a finding: a new officer or a revised guideline produces one too.; Statistical outlier: A trained anomaly detector (IsolationForest) flags this work's amount-and-age profile as unusual against the national portfolio.","A human should verify the scope and estimate for this work against its peers via the Implementing Agency.","Review the lifecycle history and sanction record | Compare scope and estimate with peer works | Verify supporting documents and field evidence","LOW","LOW - open 1.3x longer than the typical completed work of this type in Assam (707 days).","Amount outlier vs peers (STATISTICAL_OUTLIER)","District Monitoring","2026-06-09","New","","TRUE"
"MP3019255-W159541","Upgrade infrastructure in Gosha Hospital at Vizianagaram dist","Andhra Pradesh","Nominated Rajya Sabha","VIZIANAGARAM(DISTRICT COLLECTOR VIZIANAGARAM_IDA)","Shri V. Vijayendra Prasad","5000000.00","1012722.00","3562978.00","0.8796","HIGH","3","Installation cctv - cctv cameras - cctv camera","2024-12-17","Open","Peer amount: Recommended amount at the 92th percentile of 317 comparable works (robust z 12.4).; Behavioural change: Implementing agency's recommendation pattern shifted year-on-year (magnitude 100%). Before/after - 2024: 10 works at a median of Rs 184,250 -> 2025: 70 works at a median of Rs 400,268. A change point is a lead, not a finding: a new officer or a revised guideline produces one too.; Statistical outlier: A trained anomaly detector (IsolationForest) flags this work's amount-and-age profile as unusual against the national portfolio.","A human should verify the scope and estimate for this work against its peers via the Implementing Agency.","Compare scope and estimate with peer works | Verify supporting documents and field evidence","LOW","No stalling indicators; the work is progressing within normal ranges.","","District Monitoring","2026-06-09","New","","TRUE"
"MP3019253-W216511","Construction of a 25x8 concrete retaining wall for the Ashoka Nagar Scheduled Caste Colony under the jurisdiction of Dharmasthala Gram Panchayat Belthangady Taluk.","Karnataka","Nominated Rajya Sabha","DAKSHINA KANNADA(DEPUTY COMMISSIONER DAKSHIN KANNAD MANGALORE_IDA)","Dr. Dharmasthala Veerendra Heggade","7650000.00","1009399.00","3551286.00","0.8796","HIGH","3","Construction boundary - boundary wall - construction compound","2025-07-09","Open","Peer amount: Recommended amount at the 100th percentile of 88 comparable works (robust z 1074.3).; Behavioural change: Implementing agency's recommendation pattern shifted year-on-year (magnitude 100%). Before/after - 2025: 233 works at a median of Rs 145,000 -> 2026: 113 works at a median of Rs 500,000. A change point is a lead, not a finding: a new officer or a revised guideline produces one too.; Statistical outlier: A trained anomaly detector (IsolationForest) flags this work's amount-and-age profile as unusual against the national portfolio.","A human should verify the scope and estimate for this work against its peers via the Implementing Agency.","Review the lifecycle history and sanction record | Compare scope and estimate with peer works | Verify supporting documents and field evidence","LOW","No stalling indicators; the work is progressing within normal ranges.","Amount outlier vs peers (STATISTICAL_OUTLIER)","District Monitoring","2026-06-09","New","","TRUE"
"MP3017304-W142704","Construction of Marriage hall for Adi Dravidar Colony in Orangur Panchayat, Cuddalore District","Tamil Nadu","Sitting Rajya Sabha","CUDDALORE(DISTRICT COLLECTOR CUDDALORE_IDA)","Shri S. Kalyanasundaram","5000000.00","1039516.00","3545877.00","0.8528","HIGH","3","Community hall - construction community - hall village","2024-09-24","Open","Peer amount: Recommended amount at the 97th percentile of 598 comparable works (robust z 8.1).; Behavioural change: Implementing agency's recommendation pattern shifted year-on-year (magnitude 78%). Before/after - 2023: 154 works at a median of Rs 450,000 -> 2024: 68 works at a median of Rs 799,932. A change point is a lead, not a finding: a new officer or a revised guideline produces one too.; Statistical outlier: A trained anomaly detector (IsolationForest) flags this work's amount-and-age profile as unusual against the national portfolio.","A human should verify the scope and estimate for this work against its peers via the Implementing Agency.","Compare scope and estimate with peer works | Verify supporting documents and field evidence","LOW","No stalling indicators; the work is progressing within normal ranges.","","District Monitoring","2026-06-09","New","","TRUE"
"MP3019167-W170954","Construction of Community Hall at Ward no 2 Srivakkaramari Village In Srimushnam TP","Tamil Nadu","CHIDAMBARAM(SC)","CUDDALORE(DISTRICT COLLECTOR CUDDALORE_IDA)","Thirumaa Valavan Thol","5000000.00","1039516.00","3545877.00","0.8528","HIGH","3","Community hall - construction community - hall village","2025-01-31","Open","Peer amount: Recommended amount at the 97th percentile of 598 comparable works (robust z 8.1).; Behavioural change: Implementing agency's recommendation pattern shifted year-on-year (magnitude 78%). Before/after - 2023: 154 works at a median of Rs 450,000 -> 2024: 68 works at a median of Rs 799,932. A change point is a lead, not a finding: a new officer or a revised guideline produces one too.; Statistical outlier: A trained anomaly detector (IsolationForest) flags this work's amount-and-age profile as unusual against the national portfolio.","A human should verify the scope and estimate for this work against its peers via the Implementing Agency.","Compare scope and estimate with peer works | Verify supporting documents and field evidence","LOW","No stalling indicators; the work is progressing within normal ranges.","","District Monitoring","2026-06-09","New","","TRUE"
"MP3019004-W118305","Air Purifier Tower","Gujarat","SURAT","SURAT(DISTRICT COLLECTOR SURAT_IDA)","Smt Darshana Vikram Jardosh","3550000.00","972207.00","3537535.00","0.9097","HIGH","3","Installation cctv - cctv cameras - cctv camera","2024-03-01","Open","Peer amount: Recommended amount at the 100th percentile of 16189 comparable works (robust z 10.3).; Peer duration: Open for longer than 100% of comparable works still in progress.; Behavioural change: Implementing agency's recommendation pattern shifted year-on-year (magnitude 100%). Before/after - 2025: 195 works at a median of Rs 200,000 -> 2026: 81 works at a median of Rs 500,000. A change point is a lead, not a finding: a new officer or a revised guideline produces one too.","A human should verify the scope and estimate for this work against its peers via the Implementing Agency.","Review the lifecycle history and sanction record | Compare scope and estimate with peer works | Verify supporting documents and field evidence","LOW","LOW - open 1.6x longer than the typical completed work of this type in Gujarat (499 days).","Stalled beyond peer norm (STATISTICAL_OUTLIER); Amount outlier vs peers (STATISTICAL_OUTLIER)","District Monitoring","2026-06-09","New","","TRUE"
"MP3019173-W71924","Construction of G+1 Community Hall Building at Nasheman Nagar, Yakutpura Assembly Constituency, Hyderabad.","Telangana","HYDERABAD","HYDERABAD(DISTRICT COLLECTOR HYDERABAD_IDA)","Asaduddin Owaisi(17th Lok Sabha)","6200000.00","771835.00","3537057.00","0.9165","HIGH","4","Community hall - construction community - hall village","2023-12-30","Open","Peer amount: Recommended amount at the 100th percentile of 766 comparable works (robust z 25.8).; Peer duration: Open for longer than 93% of comparable works still in progress.; Behavioural change: Implementing agency's recommendation pattern shifted year-on-year (magnitude 58%). Before/after - 2025: 47 works at a median of Rs 1,500,000 -> 2026: 47 works at a median of Rs 630,000. A change point is a lead, not a finding: a new officer or a revised guideline produces one too.; Statistical outlier: A trained anomaly detector (IsolationForest) flags this work's amount-and-age profile as unusual against the national portfolio.","A human should verify the scope and estimate for this work against its peers via the Implementing Agency.","Review the lifecycle history and sanction record | Compare scope and estimate with peer works | Verify supporting documents and field evidence","LOW","LOW - open 2.3x longer than the typical completed work of this type in Telangana (379 days).","Amount outlier vs peers (STATISTICAL_OUTLIER)","District Monitoring","2026-06-09","New","","TRUE"
"MP3042567-W259024","Nagar palika nigam ujjain ko sarvajanik waok hetu 5 kachra gadi praday prati nag 920536","Madhya Pradesh","Sitting Rajya Sabha","UJJAIN(DISTRICT COLLECTOR UJJAIN_IDA)","Shri Balyogi Umeshnath","4602680.00","1004227.00","3533091.00","0.8796","HIGH","3","CC road - gram - construction","2026-01-13","Open","Peer amount: Recommended amount at the 100th percentile of 31 comparable works (robust z 43.9).; Behavioural change: Implementing agency's recommendation pattern shifted year-on-year (magnitude 100%). Before/after - 2025: 227 works at a median of Rs 500,000 -> 2026: 48 works at a median of Rs 1,000,000. A change point is a lead, not a finding: a new officer or a revised guideline produces one too.; Statistical outlier: A trained anomaly detector (IsolationForest) flags this work's amount-and-age profile as unusual against the national portfolio.","A human should verify the scope and estimate for this work against its peers via the Implementing Agency.","Review the lifecycle history and sanction record | Compare scope and estimate with peer works | Verify supporting documents and field evidence","LOW","No stalling indicators; the work is progressing within normal ranges.","Amount outlier vs peers (STATISTICAL_OUTLIER)","District Monitoring","2026-06-09","New","","TRUE"
"MP3018342-W70170","Construction of single lane road bridge at KM 8.800 on Bantumilli main canal at Yandapalli Village of Kruthivennu Mandal","Andhra Pradesh","MACHILIPATNAM","KRISHNA(DISTRICT COLLECTOR KRISHNA_IDA)","Balashowry Vallabbhaneni","5000000.00","1042923.00","3531490.00","0.8465","HIGH","3","Construction road - construction ambulance - apex road","2023-12-27","Open","Peer amount: Recommended amount at the 96th percentile of 112 comparable works (robust z 15.2).; Behavioural change: Implementing agency's recommendation pattern shifted year-on-year (magnitude 73%). Before/after - 2024: 30 works at a median of Rs 497,850 -> 2025: 28 works at a median of Rs 859,221. A change point is a lead, not a finding: a new officer or a revised guideline produces one too.; Statistical outlier: A trained anomaly detector (IsolationForest) flags this work's amount-and-age profile as unusual against the national portfolio.","A human should verify the scope and estimate for this work against its peers via the Implementing Agency.","Compare scope and estimate with peer works | Verify supporting documents and field evidence","LOW","No stalling indicators; the work is progressing within normal ranges.","","District Monitoring","2026-06-09","New","","TRUE"
"MP3017368-W232164","Construction of Public park and Urban Green Zone near Khadkhai River, Rairangpur.","Odisha","Sitting Rajya Sabha","MAYURBHANJ(DISTRICT COLLECTOR MAYURBHANJ_IDA)","Shri Ashwini Vaishnaw","11100000.00","1051735.00","3531333.00","0.8394","HIGH","3","Construction building - community building - cultural activities","2025-09-08","Open","Peer amount: Recommended amount at the 100th percentile of 30 comparable works (robust z 35.7).; Behavioural change: Implementing agency's recommendation pattern shifted year-on-year (magnitude 67%). Before/after - 2024: 200 works at a median of Rs 300,000 -> 2025: 245 works at a median of Rs 500,000. A change point is a lead, not a finding: a new officer or a revised guideline produces one too.; Statistical outlier: A trained anomaly detector (IsolationForest) flags this work's amount-and-age profile as unusual against the national portfolio.","A human should verify the scope and estimate for this work against its peers via the Implementing Agency.","Review the lifecycle history and sanction record | Compare scope and estimate with peer works | Verify supporting documents and field evidence","LOW","No stalling indicators; the work is progressing within normal ranges.","Amount outlier vs peers (STATISTICAL_OUTLIER)","District Monitoring","2026-06-09","New","","TRUE"
"MP3017496-W52172","inst.of 13 NOS. High Mast Light there must be LED glow sign board with name & picture of mp in every instalation. 1) LeninNagar P.Ground2) Students Club PGround 3) HatKhola Para P.Groud4) Saral Dighi Sakti Sangha P.Ground,5) Kamalgazi Netaji Sports Complex Ground - 7 NOS 6) Rania Hanuman Mandir,7)","West Bengal","JADAVPUR","South 24 Parganas(DISTRICT MAGISTRATE SOUTH TWENTY FOUR PARGANAS_IDA)","Ms Mimi Chakraborty (17th Lok Sabha)","4137677.00","1025741.00","3525609.00","0.8593","HIGH","3","Mast light - high mast - mini mast","2023-11-23","Open","Peer amount: Recommended amount at the 99th percentile of 1827 comparable works (robust z 14.2).; Peer duration: Open for longer than 95% of comparable works still in progress.; Behavioural change: Implementing agency's recommendation pattern shifted year-on-year (magnitude 54%). Before/after - 2025: 441 works at a median of Rs 325,000 -> 2026: 27 works at a median of Rs 500,000. A change point is a lead, not a finding: a new officer or a revised guideline produces one too.","A human should verify the scope and estimate for this work against its peers via the Implementing Agency.","Review the lifecycle history and sanction record | Compare scope and estimate with peer works | Verify supporting documents and field evidence","MEDIUM","MEDIUM - open 3.3x longer than the typical completed work of this type in West Bengal (281 days).","Amount outlier vs peers (STATISTICAL_OUTLIER)","District Monitoring","2026-06-09","New","","TRUE"
"MP3023812-W183657","Construction for Canteen at Ground Floor and modification of 1st Floor of Cooch Behar Bhawan.","West Bengal","Sitting Rajya Sabha","North 24 Parganas(DISTRICT MAGISTRATE NORTH TWENTY FOUR PARGANAS_IDA)","Shri Nagendra Ray","6763570.00","999834.00","3517189.00","0.8794","HIGH","3","Community hall - construction stage - construction ghat","2025-03-18","Open","Peer amount: Recommended amount at the 100th percentile of 63 comparable works (robust z 7.8).; Behavioural change: Implementing agency's recommendation pattern shifted year-on-year (magnitude 100%). Before/after - 2025: 156 works at a median of Rs 500,000 -> 2026: 29 works at a median of Rs 1,100,000. A change point is a lead, not a finding: a new officer or a revised guideline produces one too.; Statistical outlier: A trained anomaly detector (IsolationForest) flags this work's amount-and-age profile as unusual against the national portfolio.","A human should verify the scope and estimate for this work against its peers via the Implementing Agency.","Review the lifecycle history and sanction record | Compare scope and estimate with peer works | Verify supporting documents and field evidence","LOW","LOW - open 1.3x longer than the typical completed work of this type in West Bengal (345 days).","Amount outlier vs peers (STATISTICAL_OUTLIER)","District Monitoring","2026-06-09","New","","TRUE"
"MP3017171-W46809","Construction work of community multipurpose building near Durgaji temple in village Tilauli Kalan of development block Ghorval.","Uttar Pradesh","Sitting Rajya Sabha","SONBHADRA(DISTRICT MAGISTRATE SONBHADRA_IDA)","Shri Hardeep Singh Puri","5000000.00","1004318.00","3508709.00","0.8734","HIGH","3","Construction building - community building - cultural activities","2023-11-07","Open","Peer amount: Recommended amount at the 98th percentile of 1637 comparable works (robust z 5.4).; Peer duration: Open for longer than 90% of comparable works still in progress.; Statistical outlier: A trained anomaly detector (IsolationForest) flags this work's amount-and-age profile as unusual against the national portfolio.","A human should verify the scope and estimate for this work against its peers via the Implementing Agency.","Compare scope and estimate with peer works | Verify supporting documents and field evidence","LOW","LOW - open 1.5x longer than the typical completed work of this type in Uttar Pradesh (603 days).","","District Monitoring","2026-06-09","New","","TRUE"
"MP3019436-W210639","Procurement of Sports Equipments for Football and Athletic Association","Lakshadweep","LAKSHADWEEP(ST)","LAKSHADWEEP DISTRICT(COLLECTOR CUM DEV COMMISSIONER LAKSHADWEEP_IDA)","Faizal PP Mohammed(17th Lok Sabha)","6787975.00","1183699.00","3493250.00","0.7378","HIGH","3","Installation cctv - cctv cameras - cctv camera","2024-01-31","Open","Peer amount: Recommended amount at the 100th percentile of 72 comparable works (robust z 0.7).; Behavioural change: Implementing agency's recommendation pattern shifted year-on-year (magnitude 100%). Before/after - 2023: 36 works at a median of Rs 927,890 -> 2024: 5 works at a median of Rs 2,511,808. A change point is a lead, not a finding: a new officer or a revised guideline produces one too.; Statistical outlier: A trained anomaly detector (IsolationForest) flags this work's amount-and-age profile as unusual against the national portfolio.","A human should verify the scope and estimate for this work against its peers via the Implementing Agency.","Review the lifecycle history and sanction record | Compare scope and estimate with peer works | Verify supporting documents and field evidence","LOW","LOW - open 2.1x longer than the typical completed work of this type in Lakshadweep (412 days).","Amount outlier vs peers (STATISTICAL_OUTLIER)","District Monitoring","2026-06-09","New","","TRUE"
"MP3017489-W907","Development Of sukanta sadan of barrackpore (2nd Phase) renovation & modification of existing of sukanta sadan barrackpore","West Bengal","BARRACKPUR","North 24 Parganas(DISTRICT MAGISTRATE NORTH TWENTY FOUR PARGANAS_IDA)","Shri Arjun Singh (17th Lok Sabha)","5000000.00","739238.00","3486889.00","0.9434","HIGH","4","Community hall - construction stage - construction ghat","2023-06-10","Open","Peer amount: Recommended amount at the 96th percentile of 63 comparable works (robust z 5.4).; Peer duration: Open for longer than 100% of comparable works still in progress.; Behavioural change: Implementing agency's recommendation pattern shifted year-on-year (magnitude 100%). Before/after - 2025: 156 works at a median of Rs 500,000 -> 2026: 29 works at a median of Rs 1,100,000. A change point is a lead, not a finding: a new officer or a revised guideline produces one too.; Statistical outlier: A trained anomaly detector (IsolationForest) flags this work's amount-and-age profile as unusual against the national portfolio.","A human should verify the scope and estimate for this work against its peers via the Implementing Agency.","Review the lifecycle history and sanction record | Compare scope and estimate with peer works | Verify supporting documents and field evidence","MEDIUM","MEDIUM - open 3.1x longer than the typical completed work of this type in West Bengal (345 days).","Stalled beyond peer norm (STATISTICAL_OUTLIER)","District Monitoring","2026-06-09","New","","TRUE"
"MP3019007-W122631","Construction of Firni","Haryana","FARIDABAD","PALWAL(CEO DRDA MPLADS PALWAL)","Krishan Pal Gurjar","6996000.00","1039780.00","3486004.00","0.8382","HIGH","3","Community hall - construction stage - construction ghat","2024-03-07","Open","Peer amount: Recommended amount at the 100th percentile of 468 comparable works (robust z 21.1).; Behavioural change: Implementing agency's recommendation pattern shifted year-on-year (magnitude 66%). Before/after - 2025: 18 works at a median of Rs 445,268 -> 2026: 30 works at a median of Rs 737,500. A change point is a lead, not a finding: a new officer or a revised guideline produces one too.; Statistical outlier: A trained anomaly detector (IsolationForest) flags this work's amount-and-age profile as unusual against the national portfolio.","A human should verify the scope and estimate for this work against its peers via the Implementing Agency.","Review the lifecycle history and sanction record | Compare scope and estimate with peer works | Verify supporting documents and field evidence","LOW","No stalling indicators; the work is progressing within normal ranges.","Amount outlier vs peers (STATISTICAL_OUTLIER)","District Monitoring","2026-06-09","New","","TRUE"
"MP3017278-W251752","Construction of Multipurpose Hall at Mapao Zingsho village hill top.","Manipur","Sitting Rajya Sabha","KANGPOKPI(Deputy Commissioner Kangpokpi MPLADS_ida)","Shri Maharaja Sanajaoba Leishemba","6000000.00","1007853.00","3483650.00","0.8641","HIGH","3","Community hall - construction community - hall village","2025-12-01","Open","Peer amount: Recommended amount at the 98th percentile of 42 comparable works (robust z 4.3).; Behavioural change: Implementing agency's recommendation pattern shifted year-on-year (magnitude 100%). Before/after - 2024: 5 works at a median of Rs 1,000,000 -> 2025: 11 works at a median of Rs 2,000,000. A change point is a lead, not a finding: a new officer or a revised guideline produces one too.; Statistical outlier: A trained anomaly detector (IsolationForest) flags this work's amount-and-age profile as unusual against the national portfolio.","A human should verify the scope and estimate for this work against its peers via the Implementing Agency.","Compare scope and estimate with peer works | Verify supporting documents and field evidence","LOW","No stalling indicators; the work is progressing within normal ranges.","","District Monitoring","2026-06-09","New","","TRUE"
"MP3019243-W100839","Construction of Community Hall","Tamil Nadu","COIMBATORE","COIMBATORE(DISTRICT COLLECTOR COIMBATORE_IDA)","PR Natarajan(17TH Lok Sabha)","5000000.00","1039516.00","3482041.00","0.8374","HIGH","3","Community hall - construction community - hall village","2024-02-08","Open","Peer amount: Recommended amount at the 97th percentile of 598 comparable works (robust z 8.1).; Behavioural change: Implementing agency's recommendation pattern shifted year-on-year (magnitude 65%). Before/after - 2024: 122 works at a median of Rs 909,000 -> 2025: 83 works at a median of Rs 1,500,000. A change point is a lead, not a finding: a new officer or a revised guideline produces one too.; Statistical outlier: A trained anomaly detector (IsolationForest) flags this work's amount-and-age profile as unusual against the national portfolio.","A human should verify the scope and estimate for this work against its peers via the Implementing Agency.","Compare scope and estimate with peer works | Verify supporting documents and field evidence","LOW","LOW - open 1.6x longer than the typical completed work of this type in Tamil Nadu (529 days).","","District Monitoring","2026-06-09","New","","TRUE"
"MP3017455-W273242","Providing Bus Stand Roof at Chepauk-Triplicane Assembly Constituency Zone 9, ward 116, kamarajar Salai-Dr. Besant Road Junction","Tamil Nadu","CHENNAI CENTRAL","CHENNAI(COMMISSIONER MUNCIPAL CORPORATION CHENNAI_IDA)","Thiru Dayanidhi Maran","9900000.00","992172.00","3459891.00","0.8718","HIGH","3","Bus shelter - bus stop - bus stand","2026-03-12","Open","Peer amount: Recommended amount at the 99th percentile of 1462 comparable works (robust z 19.3).; Behavioural change: Implementing agency's recommendation pattern shifted year-on-year (magnitude 94%). Before/after - 2023: 50 works at a median of Rs 1,134,160 -> 2024: 73 works at a median of Rs 2,195,272. A change point is a lead, not a finding: a new officer or a revised guideline produces one too.; Statistical outlier: A trained anomaly detector (IsolationForest) flags this work's amount-and-age profile as unusual against the national portfolio.","A human should verify the scope and estimate for this work against its peers via the Implementing Agency.","Review the lifecycle history and sanction record | Compare scope and estimate with peer works | Verify supporting documents and field evidence","LOW","No stalling indicators; the work is progressing within normal ranges.","Amount outlier vs peers (STATISTICAL_OUTLIER)","District Monitoring","2026-06-09","New","","TRUE"
"MP3019235-W152381","Construction of New Community Hall at Rangamati village","West Bengal","ASANSOL","PASCHIM BARDHAMAN(DISTRICT MAGISTRATE PASCHIM BARDHAMAN_IDA)","Shatrughan Sinha","6000000.00","1002485.00","3447889.00","0.8598","HIGH","3","Community hall - construction community - hall village","2024-11-14","Open","Peer amount: Recommended amount at the 97th percentile of 246 comparable works (robust z 6.8).; Behavioural change: Implementing agency's recommendation pattern shifted year-on-year (magnitude 85%). Before/after - 2024: 60 works at a median of Rs 420,000 -> 2025: 44 works at a median of Rs 775,461. A change point is a lead, not a finding: a new officer or a revised guideline produces one too.; Statistical outlier: A trained anomaly detector (IsolationForest) flags this work's amount-and-age profile as unusual against the national portfolio.","A human should verify the scope and estimate for this work against its peers via the Implementing Agency.","Compare scope and estimate with peer works | Verify supporting documents and field evidence","LOW","No stalling indicators; the work is progressing within normal ranges.","","District Monitoring","2026-06-09","New","","TRUE"
"MP3019235-W152382","Construction of New Community Hall.","West Bengal","ASANSOL","PASCHIM BARDHAMAN(DISTRICT MAGISTRATE PASCHIM BARDHAMAN_IDA)","Shatrughan Sinha","6000000.00","1002485.00","3447889.00","0.8598","HIGH","3","Community hall - construction community - hall village","2024-11-14","Open","Peer amount: Recommended amount at the 97th percentile of 246 comparable works (robust z 6.8).; Behavioural change: Implementing agency's recommendation pattern shifted year-on-year (magnitude 85%). Before/after - 2024: 60 works at a median of Rs 420,000 -> 2025: 44 works at a median of Rs 775,461. A change point is a lead, not a finding: a new officer or a revised guideline produces one too.; Statistical outlier: A trained anomaly detector (IsolationForest) flags this work's amount-and-age profile as unusual against the national portfolio.","A human should verify the scope and estimate for this work against its peers via the Implementing Agency.","Compare scope and estimate with peer works | Verify supporting documents and field evidence","LOW","No stalling indicators; the work is progressing within normal ranges.","","District Monitoring","2026-06-09","New","","TRUE"
"MP3019235-W209067","Supply and Installation of Electric Street Lights (80 Nos.)","West Bengal","ASANSOL","PASCHIM BARDHAMAN(DISTRICT MAGISTRATE PASCHIM BARDHAMAN_IDA)","Shatrughan Sinha","6160000.00","1000501.00","3445913.00","0.8610","HIGH","3","Solar street - street light - installation solar","2025-06-15","Open","Peer amount: Recommended amount at the 100th percentile of 1827 comparable works (robust z 21.6).; Behavioural change: Implementing agency's recommendation pattern shifted year-on-year (magnitude 85%). Before/after - 2024: 60 works at a median of Rs 420,000 -> 2025: 44 works at a median of Rs 775,461. A change point is a lead, not a finding: a new officer or a revised guideline produces one too.; Statistical outlier: A trained anomaly detector (IsolationForest) flags this work's amount-and-age profile as unusual against the national portfolio.","A human should verify the scope and estimate for this work against its peers via the Implementing Agency.","Review the lifecycle history and sanction record | Compare scope and estimate with peer works | Verify supporting documents and field evidence","LOW","LOW - open 1.2x longer than the typical completed work of this type in West Bengal (281 days).","Amount outlier vs peers (STATISTICAL_OUTLIER)","District Monitoring","2026-06-09","New","","TRUE"
"MP3017328-W141250","Construction of Sabri Ashram night shelter in Village Panchayat Kewaljhar Block Halia","Uttar Pradesh","Sitting Rajya Sabha","MIRZAPUR(DISTRICT MAGISTRATE MIRZAPUR_IDA)","Shri Arun Singh","4500000.00","980558.00","3445478.00","0.8784","HIGH","3","Building - sahebganj construction - temple","2024-09-16","Open","Peer amount: Recommended amount at the 100th percentile of 116 comparable works (robust z 6.7).; Behavioural change: Implementing agency's recommendation pattern shifted year-on-year (magnitude 100%). Before/after - 2024: 90 works at a median of Rs 500,000 -> 2025: 23 works at a median of Rs 3,754,000. A change point is a lead, not a finding: a new officer or a revised guideline produces one too.; Statistical outlier: A trained anomaly detector (IsolationForest) flags this work's amount-and-age profile as unusual against the national portfolio.","A human should verify the scope and estimate for this work against its peers via the Implementing Agency.","Review the lifecycle history and sanction record | Compare scope and estimate with peer works | Verify supporting documents and field evidence","LOW","No stalling indicators; the work is progressing within normal ranges.","Amount outlier vs peers (STATISTICAL_OUTLIER)","District Monitoring","2026-06-09","New","","TRUE"
"MP3061320-W261384","Construction of Community Hall at V.V.R Colony in Aruppukottai Muncipality","Tamil Nadu","Sitting Rajya Sabha","VIRUDHUNAGAR(DISTRICT COLLECTOR VIRUDHUNAGAR_IDA)","Shri P. Wilson","5000000.00","1039516.00","3423856.00","0.8234","HIGH","3","Community hall - construction community - hall village","2026-01-24","Open","Peer amount: Recommended amount at the 97th percentile of 598 comparable works (robust z 8.1).; Behavioural change: Implementing agency's recommendation pattern shifted year-on-year (magnitude 53%). Before/after - 2024: 88 works at a median of Rs 519,995 -> 2025: 79 works at a median of Rs 797,664. A change point is a lead, not a finding: a new officer or a revised guideline produces one too.; Statistical outlier: A trained anomaly detector (IsolationForest) flags this work's amount-and-age profile as unusual against the national portfolio.","A human should verify the scope and estimate for this work against its peers via the Implementing Agency.","Compare scope and estimate with peer works | Verify supporting documents and field evidence","LOW","No stalling indicators; the work is progressing within normal ranges.","","District Monitoring","2026-06-09","New","","TRUE"
"MP3061320-W261385","Construction of Community Hall at Periyar Nagar in Aruppukottai Muncipality","Tamil Nadu","Sitting Rajya Sabha","VIRUDHUNAGAR(DISTRICT COLLECTOR VIRUDHUNAGAR_IDA)","Shri P. Wilson","5000000.00","1039516.00","3423856.00","0.8234","HIGH","3","Community hall - construction community - hall village","2026-01-24","Open","Peer amount: Recommended amount at the 97th percentile of 598 comparable works (robust z 8.1).; Behavioural change: Implementing agency's recommendation pattern shifted year-on-year (magnitude 53%). Before/after - 2024: 88 works at a median of Rs 519,995 -> 2025: 79 works at a median of Rs 797,664. A change point is a lead, not a finding: a new officer or a revised guideline produces one too.; Statistical outlier: A trained anomaly detector (IsolationForest) flags this work's amount-and-age profile as unusual against the national portfolio.","A human should verify the scope and estimate for this work against its peers via the Implementing Agency.","Compare scope and estimate with peer works | Verify supporting documents and field evidence","LOW","No stalling indicators; the work is progressing within normal ranges.","","District Monitoring","2026-06-09","New","","TRUE"
"MP3042797-W157891","Construction of Community Hall in Periyar Nagar (Vengur VP) in Tiruverumbur Panchayat Union","Tamil Nadu","TIRUCHIRAPPALLI","TIRUCHIRAPPALLI(DISTRICT COLLECTOR TIRUCHIRAPPALLI_IDA)","DURAI VAIKO","4800000.00","997954.00","3423300.00","0.8576","HIGH","3","Community hall - construction community - hall village","2024-12-10","Open","Peer amount: Recommended amount at the 94th percentile of 598 comparable works (robust z 7.7).; Behavioural change: Implementing agency's recommendation pattern shifted year-on-year (magnitude 82%). Before/after - 2023: 157 works at a median of Rs 498,968 -> 2024: 16 works at a median of Rs 907,653. A change point is a lead, not a finding: a new officer or a revised guideline produces one too.; Statistical outlier: A trained anomaly detector (IsolationForest) flags this work's amount-and-age profile as unusual against the national portfolio.","A human should verify the scope and estimate for this work against its peers via the Implementing Agency.","Compare scope and estimate with peer works | Verify supporting documents and field evidence","LOW","No stalling indicators; the work is progressing within normal ranges.","","District Monitoring","2026-06-09","New","","TRUE"
"MP3017405-W43020","Construction of Crematoriums or structures on burial/ cremation ground for public convenience and installation of Cremation Machine at Kishan Nagar Tanda, Malkhed Village of Sedam Taluk","Karnataka","GULBARGA(SC)","KALABURAGI(DEPUTY COMMISSIONER GULBARGA_IDA)","Dr Umesh G Jadhav (17th Lok Sabha)","5500000.00","725826.00","3423185.00","0.9433","HIGH","4","Construction cremation - cremation ground - shed","2023-11-01","Open","Peer amount: Recommended amount at the 100th percentile of 42 comparable works (robust z 33.7).; Peer duration: Open for longer than 96% of comparable works still in progress.; Behavioural change: Implementing agency's recommendation pattern shifted year-on-year (magnitude 100%). Before/after - 2025: 41 works at a median of Rs 499,000 -> 2026: 49 works at a median of Rs 3,400,000. A change point is a lead, not a finding: a new officer or a revised guideline produces one too.; Statistical outlier: A trained anomaly detector (IsolationForest) flags this work's amount-and-age profile as unusual against the national portfolio.","A human should verify the scope and estimate for this work against its peers via the Implementing Agency.","Review the lifecycle history and sanction record | Compare scope and estimate with peer works | Verify supporting documents and field evidence","LOW","LOW - open 1.5x longer than the typical completed work of this type in Karnataka (626 days).","Amount outlier vs peers (STATISTICAL_OUTLIER)","District Monitoring","2026-06-09","New","","TRUE"
"MP3018400-W514","Supply & Installation of Wheel Barrow Push Cart","Tripura","TRIPURA EAST(ST)","Dhalai(DISTRICT MAGISTRATE DHALAI_IDA)","Rebati Tripura","5400000.00","965309.00","3417097.00","0.8850","HIGH","3","Wheel - wheeler - motorized","2023-06-01","Open","Peer amount: Recommended amount at the 99th percentile of 155 comparable works (robust z 18.6).; Peer duration: Open for longer than 95% of comparable works still in progress.; Statistical outlier: A trained anomaly detector (IsolationForest) flags this work's amount-and-age profile as unusual against the national portfolio.","A human should verify the scope and estimate for this work against its peers via the Implementing Agency.","Compare scope and estimate with peer works | Verify supporting documents and field evidence","MEDIUM","MEDIUM - open 2.6x longer than the typical completed work of this type in Tripura (412 days).","","District Monitoring","2026-06-09","New","","TRUE"
"MP3050536-W279146","Construction of Community Hall at Lingala Village, Vatsavai Mandal, NTR Dist","Andhra Pradesh","Sitting Rajya Sabha","NTR(DISTRICT COLLECTOR NTR_IDA)","Shri Ryaga Krishnaiah","5000000.00","976098.00","3413078.00","0.8742","HIGH","3","Community hall - construction community - hall village","2026-04-28","Open","Peer amount: Recommended amount at the 96th percentile of 568 comparable works (robust z 5.4).; Behavioural change: Implementing agency's recommendation pattern shifted year-on-year (magnitude 100%). Before/after - 2024: 91 works at a median of Rs 239,428 -> 2025: 34 works at a median of Rs 500,000. A change point is a lead, not a finding: a new officer or a revised guideline produces one too.; Statistical outlier: A trained anomaly detector (IsolationForest) flags this work's amount-and-age profile as unusual against the national portfolio.","A human should verify the scope and estimate for this work against its peers via the Implementing Agency.","Compare scope and estimate with peer works | Verify supporting documents and field evidence","LOW","No stalling indicators; the work is progressing within normal ranges.","","District Monitoring","2026-06-09","New","","TRUE"
"MP3019528-W49803","GRAM- KISHUNDASPUR ME SHIPU RAI KE GHAR SE PICH ROAD TAK CC ROAD 268 Mtr.","Uttar Pradesh","AZAMGARH","AZAMGARH(DISTRICT MAGISTRATE AZAMGARH_IDA)","Dinesh Lal Yadav (17th Lok Sabha)","2994000.00","960266.00","3407965.00","0.8872","HIGH","3","CC road - gram - construction","2023-11-16","Open","Peer amount: Recommended amount at the 98th percentile of 7203 comparable works (robust z 4.4).; Peer duration: Open for longer than 90% of comparable works still in progress.; Behavioural change: Implementing agency's recommendation pattern shifted year-on-year (magnitude 100%). Before/after - 2022: 14 works at a median of Rs 142,500 -> 2023: 128 works at a median of Rs 516,000. A change point is a lead, not a finding: a new officer or a revised guideline produces one too.","A human should verify the scope and estimate for this work against its peers via the Implementing Agency.","Compare scope and estimate with peer works | Verify supporting documents and field evidence","MEDIUM","MEDIUM - open 3.0x longer than the typical completed work of this type in Uttar Pradesh (307 days).","","District Monitoring","2026-06-09","New","","TRUE"
"MP3042529-W283395","Installation of 53 six way 9 meter highmast in loksabha-30 sitapur.","Uttar Pradesh","SITAPUR","SITAPUR(DISTRICT MAGISTRATE SITAPUR_IDA)","RAKESH RATHOR","8857254.00","966724.00","3401147.00","0.8796","HIGH","3","Community hall - construction stage - construction ghat","2026-05-23","Open","Peer amount: Recommended amount at the 100th percentile of 4191 comparable works (robust z 67.5).; Behavioural change: Implementing agency's recommendation pattern shifted year-on-year (magnitude 100%). Before/after - 2024: 98 works at a median of Rs 331,712 -> 2025: 44 works at a median of Rs 1,000,000. A change point is a lead, not a finding: a new officer or a revised guideline produces one too.; Statistical outlier: A trained anomaly detector (IsolationForest) flags this work's amount-and-age profile as unusual against the national portfolio.","A human should verify the scope and estimate for this work against its peers via the Implementing Agency.","Review the lifecycle history and sanction record | Compare scope and estimate with peer works | Verify supporting documents and field evidence","LOW","No stalling indicators; the work is progressing within normal ranges.","Amount outlier vs peers (STATISTICAL_OUTLIER)","District Monitoring","2026-06-09","New","","TRUE"
"MP3017328-W141234","Construction of public Panchayat building at Karondia in Gram Panchayat Baraya Block Halia","Uttar Pradesh","Sitting Rajya Sabha","MIRZAPUR(DISTRICT MAGISTRATE MIRZAPUR_IDA)","Shri Arun Singh","4800000.00","964163.00","3383528.00","0.8773","HIGH","3","Construction building - community building - cultural activities","2024-09-16","Open","Peer amount: Recommended amount at the 99th percentile of 308 comparable works (robust z 6.2).; Behavioural change: Implementing agency's recommendation pattern shifted year-on-year (magnitude 100%). Before/after - 2024: 90 works at a median of Rs 500,000 -> 2025: 23 works at a median of Rs 3,754,000. A change point is a lead, not a finding: a new officer or a revised guideline produces one too.; Statistical outlier: A trained anomaly detector (IsolationForest) flags this work's amount-and-age profile as unusual against the national portfolio.","A human should verify the scope and estimate for this work against its peers via the Implementing Agency.","Review the lifecycle history and sanction record | Compare scope and estimate with peer works | Verify supporting documents and field evidence","LOW","No stalling indicators; the work is progressing within normal ranges.","Amount outlier vs peers (STATISTICAL_OUTLIER)","District Monitoring","2026-06-09","New","","TRUE"
"MP3042382-W255585","Construction of Cremation in Ward 3 Sant Hirdaram Nagar","Madhya Pradesh","BHOPAL","BHOPAL(DISTRICT COLLECTOR BHOPAL_IDA)","ALOK SHARMA","5000000.00","958382.00","3371798.00","0.8796","HIGH","3","Construction cremation - cremation ground - shed","2025-12-26","Open","Peer amount: Recommended amount at the 100th percentile of 311 comparable works (robust z 34.3).; Behavioural change: Implementing agency's recommendation pattern shifted year-on-year (magnitude 100%). Before/after - 2024: 175 works at a median of Rs 306,327 -> 2025: 73 works at a median of Rs 1,000,000. A change point is a lead, not a finding: a new officer or a revised guideline produces one too.; Statistical outlier: A trained anomaly detector (IsolationForest) flags this work's amount-and-age profile as unusual against the national portfolio.","A human should verify the scope and estimate for this work against its peers via the Implementing Agency.","Review the lifecycle history and sanction record | Compare scope and estimate with peer works | Verify supporting documents and field evidence","LOW","No stalling indicators; the work is progressing within normal ranges.","Amount outlier vs peers (STATISTICAL_OUTLIER)","District Monitoring","2026-06-09","New","","TRUE"
"MP3018396-W93516","Construction of Auditorium inJayagopal Karodia Girls Hr Sec School, Virugambakkam","Tamil Nadu","CHENNAI SOUTH","CHENNAI(COMMISSIONER MUNCIPAL CORPORATION CHENNAI_IDA)","T Sumathy (A) Thamizhachi Thangapandian","5000000.00","1104419.00","3371482.00","0.7632","HIGH","3","Class room - construction class - school","2024-02-01","Open","Peer amount: Recommended amount at the 91th percentile of 152 comparable works (robust z 1.7).; Behavioural change: Implementing agency's recommendation pattern shifted year-on-year (magnitude 94%). Before/after - 2023: 50 works at a median of Rs 1,134,160 -> 2024: 73 works at a median of Rs 2,195,272. A change point is a lead, not a finding: a new officer or a revised guideline produces one too.; Statistical outlier: A trained anomaly detector (IsolationForest) flags this work's amount-and-age profile as unusual against the national portfolio.","A human should verify the scope and estimate for this work against its peers via the Implementing Agency.","Compare scope and estimate with peer works | Verify supporting documents and field evidence","LOW","No stalling indicators; the work is progressing within normal ranges.","","District Monitoring","2026-06-09","New","","TRUE"
"MP3019529-W81453","Construction of Smart Class Rooms & Other Works","Karnataka","BANGALORE CENTRAL","BENGALURU URBAN(DEPUTY COMMISSIONER BANGALORE URBAN_IDA)","P C Mohan (17thLok Sabha)","6000000.00","791777.00","3340514.00","0.8438","HIGH","4","Class room - construction class - school","2024-01-13","Open","Peer amount: Recommended amount at the 99th percentile of 157 comparable works (robust z 0.0).; Peer duration: Open for longer than 97% of comparable works still in progress.; Behavioural change: Implementing agency's recommendation pattern shifted year-on-year (magnitude 80%). Before/after - 2025: 269 works at a median of Rs 500,000 -> 2026: 78 works at a median of Rs 900,000. A change point is a lead, not a finding: a new officer or a revised guideline produces one too.; Statistical outlier: A trained anomaly detector (IsolationForest) flags this work's amount-and-age profile as unusual against the national portfolio.","A human should verify the scope and estimate for this work against its peers via the Implementing Agency.","Review the lifecycle history and sanction record | Compare scope and estimate with peer works | Verify supporting documents and field evidence","LOW","LOW - open 1.6x longer than the typical completed work of this type in Karnataka (549 days).","Amount outlier vs peers (STATISTICAL_OUTLIER)","District Monitoring","2026-06-09","New","","TRUE"
"MP3044066-W201271","Construction of Cement Concrete Road.","Karnataka","Sitting Rajya Sabha","BENGALURU URBAN(DEPUTY COMMISSIONER BANGALORE URBAN_IDA)","Shri Narayanasa K. Bhandage","5000000.00","703235.00","3338302.00","0.9494","HIGH","4","Concrete road - construction cement - cement concrete","2025-06-03","Open","Peer amount: Recommended amount at the 99th percentile of 1855 comparable works (robust z 2981.5).; Behavioural change: Implementing agency's recommendation pattern shifted year-on-year (magnitude 80%). Before/after - 2025: 269 works at a median of Rs 500,000 -> 2026: 78 works at a median of Rs 900,000. A change point is a lead, not a finding: a new officer or a revised guideline produces one too.; Statistical outlier: A trained anomaly detector (IsolationForest) flags this work's amount-and-age profile as unusual against the national portfolio.; Near-duplicate work: A work in the same state and archetype is 100.0% semantically similar (MP3044066-W201272). Repeated descriptions are common in this scheme, so a human should confirm these are genuinely separate works.","A human should verify the scope and estimate for this work against its peers via the Implementing Agency.","Check duplicate possibility against the matched work | Review the lifecycle history and sanction record | Compare scope and estimate with peer works | Verify supporting documents and field evidence","LOW","No stalling indicators; the work is progressing within normal ranges.","Amount outlier vs peers (STATISTICAL_OUTLIER)","District Monitoring","2026-06-09","New","","TRUE"
"MP3044066-W201272","Construction of Cement Concrete Road.","Karnataka","Sitting Rajya Sabha","BENGALURU URBAN(DEPUTY COMMISSIONER BANGALORE URBAN_IDA)","Shri Narayanasa K. Bhandage","5000000.00","703235.00","3338302.00","0.9494","HIGH","4","Concrete road - construction cement - cement concrete","2025-06-03","Open","Peer amount: Recommended amount at the 99th percentile of 1855 comparable works (robust z 2981.5).; Behavioural change: Implementing agency's recommendation pattern shifted year-on-year (magnitude 80%). Before/after - 2025: 269 works at a median of Rs 500,000 -> 2026: 78 works at a median of Rs 900,000. A change point is a lead, not a finding: a new officer or a revised guideline produces one too.; Statistical outlier: A trained anomaly detector (IsolationForest) flags this work's amount-and-age profile as unusual against the national portfolio.; Near-duplicate work: A work in the same state and archetype is 100.0% semantically similar (MP3044066-W204268). Repeated descriptions are common in this scheme, so a human should confirm these are genuinely separate works.","A human should verify the scope and estimate for this work against its peers via the Implementing Agency.","Check duplicate possibility against the matched work | Review the lifecycle history and sanction record | Compare scope and estimate with peer works | Verify supporting documents and field evidence","LOW","No stalling indicators; the work is progressing within normal ranges.","Amount outlier vs peers (STATISTICAL_OUTLIER)","District Monitoring","2026-06-09","New","","TRUE"
"MP3044066-W204268","Construction of Cement Concrete Road.","Karnataka","Sitting Rajya Sabha","BENGALURU URBAN(DEPUTY COMMISSIONER BANGALORE URBAN_IDA)","Shri Narayanasa K. Bhandage","5000000.00","703235.00","3338302.00","0.9494","HIGH","4","Concrete road - construction cement - cement concrete","2025-06-03","Open","Peer amount: Recommended amount at the 99th percentile of 1855 comparable works (robust z 2981.5).; Behavioural change: Implementing agency's recommendation pattern shifted year-on-year (magnitude 80%). Before/after - 2025: 269 works at a median of Rs 500,000 -> 2026: 78 works at a median of Rs 900,000. A change point is a lead, not a finding: a new officer or a revised guideline produces one too.; Statistical outlier: A trained anomaly detector (IsolationForest) flags this work's amount-and-age profile as unusual against the national portfolio.; Near-duplicate work: A work in the same state and archetype is 100.0% semantically similar (MP3044066-W204269). Repeated descriptions are common in this scheme, so a human should confirm these are genuinely separate works.","A human should verify the scope and estimate for this work against its peers via the Implementing Agency.","Check duplicate possibility against the matched work | Review the lifecycle history and sanction record | Compare scope and estimate with peer works | Verify supporting documents and field evidence","LOW","No stalling indicators; the work is progressing within normal ranges.","Amount outlier vs peers (STATISTICAL_OUTLIER)","District Monitoring","2026-06-09","New","","TRUE"
"MP3044066-W204269","Construction of Cement Concrete Road.","Karnataka","Sitting Rajya Sabha","BENGALURU URBAN(DEPUTY COMMISSIONER BANGALORE URBAN_IDA)","Shri Narayanasa K. Bhandage","5000000.00","703235.00","3338302.00","0.9494","HIGH","4","Concrete road - construction cement - cement concrete","2025-06-03","Open","Peer amount: Recommended amount at the 99th percentile of 1855 comparable works (robust z 2981.5).; Behavioural change: Implementing agency's recommendation pattern shifted year-on-year (magnitude 80%). Before/after - 2025: 269 works at a median of Rs 500,000 -> 2026: 78 works at a median of Rs 900,000. A change point is a lead, not a finding: a new officer or a revised guideline produces one too.; Statistical outlier: A trained anomaly detector (IsolationForest) flags this work's amount-and-age profile as unusual against the national portfolio.; Near-duplicate work: A work in the same state and archetype is 100.0% semantically similar (MP3044066-W204268). Repeated descriptions are common in this scheme, so a human should confirm these are genuinely separate works.","A human should verify the scope and estimate for this work against its peers via the Implementing Agency.","Check duplicate possibility against the matched work | Review the lifecycle history and sanction record | Compare scope and estimate with peer works | Verify supporting documents and field evidence","LOW","No stalling indicators; the work is progressing within normal ranges.","Amount outlier vs peers (STATISTICAL_OUTLIER)","District Monitoring","2026-06-09","New","","TRUE"
"MP3019087-W102300","Creation of Herbal Garden, Butterfly Park and Indoor Garden at Krushi Mahavidyalaya, Nagpur.","Maharashtra","NAGPUR","NAGPUR(DISTRICT COLLECTOR NAGPUR_IDA)","Nitin Jairam Gadkari(17th Lok Sabha)","5000000.00","712147.00","3337979.00","0.9374","HIGH","4","Repair renovation - repairing - ahar","2024-02-10","Open","Peer amount: Recommended amount at the 98th percentile of 59 comparable works (robust z 5.4).; Peer duration: Open for longer than 91% of comparable works still in progress.; Behavioural change: Implementing agency's recommendation pattern shifted year-on-year (magnitude 100%). Before/after - 2023: 133 works at a median of Rs 400,000 -> 2024: 89 works at a median of Rs 998,500. A change point is a lead, not a finding: a new officer or a revised guideline produces one too.; Statistical outlier: A trained anomaly detector (IsolationForest) flags this work's amount-and-age profile as unusual against the national portfolio.","A human should verify the scope and estimate for this work against its peers via the Implementing Agency.","Compare scope and estimate with peer works | Verify supporting documents and field evidence","LOW","LOW - open 2.0x longer than the typical completed work of this type in Maharashtra (412 days).","","District Monitoring","2026-06-09","New","","TRUE"
"MP3017288-W196007","Construction of drainage (Nala) for disposal of water at Dhanna Talai and its developmental works Opposite Murgi Firm STP Plant at Nagar Parishad Tonk in Tonk district","Rajasthan","Sitting Rajya Sabha","TONK(DISTRICT COLLECTOR TONK_IDA)","Shri Mukul Balkrishna Wasnik","5000000.00","948541.00","3337175.00","0.8796","HIGH","3","Construction culvert - construction drain - road","2025-05-03","Open","Peer amount: Recommended amount at the 99th percentile of 72 comparable works (robust z 18.4).; Behavioural change: Implementing agency's recommendation pattern shifted year-on-year (magnitude 100%). Before/after - 2024: 38 works at a median of Rs 500,000 -> 2025: 8 works at a median of Rs 1,000,000. A change point is a lead, not a finding: a new officer or a revised guideline produces one too.; Statistical outlier: A trained anomaly detector (IsolationForest) flags this work's amount-and-age profile as unusual against the national portfolio.","A human should verify the scope and estimate for this work against its peers via the Implementing Agency.","Compare scope and estimate with peer works | Verify supporting documents and field evidence","LOW","No stalling indicators; the work is progressing within normal ranges.","","District Monitoring","2026-06-09","New","","TRUE"
"MP3019643-W213689","Construction of C. Kalyanapuram Chennai Higher secondary school compound wall and entrance Arch work in dn 46, U11, Zone 4","Tamil Nadu","CHENNAI NORTH","CHENNAI(COMMISSIONER MUNCIPAL CORPORATION CHENNAI_IDA)","Kalanidhi Veeraswamy","4955000.00","1094484.00","3334797.00","0.7617","HIGH","3","Construction boundary - boundary wall - construction compound","2025-07-01","Open","Peer amount: Recommended amount at the 90th percentile of 152 comparable works (robust z 1.7).; Behavioural change: Implementing agency's recommendation pattern shifted year-on-year (magnitude 94%). Before/after - 2023: 50 works at a median of Rs 1,134,160 -> 2024: 73 works at a median of Rs 2,195,272. A change point is a lead, not a finding: a new officer or a revised guideline produces one too.; Statistical outlier: A trained anomaly detector (IsolationForest) flags this work's amount-and-age profile as unusual against the national portfolio.","A human should verify the scope and estimate for this work against its peers via the Implementing Agency.","Compare scope and estimate with peer works | Verify supporting documents and field evidence","LOW","No stalling indicators; the work is progressing within normal ranges.","","District Monitoring","2026-06-09","New","","TRUE"
"MP3017417-W169147","Construction of Building for Krishi Bhavan at Ward 5, Udayamperoor GP","Kerala","ERNAKULAM","ERNAKULAM(DISTRICT COLLECTOR ERNAKULAM_IDA)","Shri Hibi Eden","5209800.00","947209.00","3332488.00","0.8796","HIGH","3","Building - sahebganj construction - temple","2025-01-27","Open","Peer amount: Recommended amount at the 100th percentile of 340 comparable works (robust z 11.9).; Behavioural change: Implementing agency's recommendation pattern shifted year-on-year (magnitude 100%). Before/after - 2025: 235 works at a median of Rs 249,000 -> 2026: 20 works at a median of Rs 530,000. A change point is a lead, not a finding: a new officer or a revised guideline produces one too.; Statistical outlier: A trained anomaly detector (IsolationForest) flags this work's amount-and-age profile as unusual against the national portfolio.","A human should verify the scope and estimate for this work against its peers via the Implementing Agency.","Review the lifecycle history and sanction record | Compare scope and estimate with peer works | Verify supporting documents and field evidence","LOW","No stalling indicators; the work is progressing within normal ranges.","Amount outlier vs peers (STATISTICAL_OUTLIER)","District Monitoring","2026-06-09","New","","TRUE"
"MP3020004-W164047","Provision of lighting arrangements at dark spots at various locations in Villae Galipur, Douralla, Ghumenhera, Paprawat, Kharkhadi Jatmal, Doulatpur, Dichaun, Tajpur, Goyala Nagli in Ward No.124, 125 under Najafgarh Zone.","Delhi","WEST DELHI","SOUTH WEST(COMMISSIONER MCD SOUTH WEST)","Parvesh Sahib Singh (17th Lok Sabha)","4683440.00","982111.00","3324563.00","0.8463","HIGH","3","Highmast light - installation highmast - mask light","2023-11-10","Open","Peer amount: Recommended amount at the 98th percentile of 223 comparable works (robust z 6.0).; Behavioural change: Implementing agency's recommendation pattern shifted year-on-year (magnitude 75%). Before/after - 2024: 9 works at a median of Rs 1,713,944 -> 2025: 24 works at a median of Rs 421,700. A change point is a lead, not a finding: a new officer or a revised guideline produces one too.; Statistical outlier: A trained anomaly detector (IsolationForest) flags this work's amount-and-age profile as unusual against the national portfolio.","A human should verify the scope and estimate for this work against its peers via the Implementing Agency.","Compare scope and estimate with peer works | Verify supporting documents and field evidence","LOW","No stalling indicators; the work is progressing within normal ranges.","","District Monitoring","2026-06-09","New","","TRUE"
"MP3042546-W208642","Construction of Bridge over Chorpalia Khal at Nimpur under Chakismaile GP","West Bengal","MEDINIPUR","Paschim Medinipur(DISTRICT MAGISTRATE PASCHIM MEDINIPUR_IDA)","JUNE MALIAH","5343068.00","955070.00","3322096.00","0.8696","HIGH","3","Construction road - construction ambulance - apex road","2025-06-13","Open","Peer amount: Recommended amount at the 94th percentile of 66 comparable works (robust z 4.8).; Behavioural change: Implementing agency's recommendation pattern shifted year-on-year (magnitude 100%). Before/after - 2025: 230 works at a median of Rs 349,867 -> 2026: 36 works at a median of Rs 2,750,000. A change point is a lead, not a finding: a new officer or a revised guideline produces one too.; Statistical outlier: A trained anomaly detector (IsolationForest) flags this work's amount-and-age profile as unusual against the national portfolio.","A human should verify the scope and estimate for this work against its peers via the Implementing Agency.","Compare scope and estimate with peer works | Verify supporting documents and field evidence","LOW","No stalling indicators; the work is progressing within normal ranges.","","District Monitoring","2026-06-09","New","","TRUE"
"MP3042546-W208641","Construction of Small Bridge near Thangamara Samsan under Narayangarh GP","West Bengal","MEDINIPUR","Paschim Medinipur(DISTRICT MAGISTRATE PASCHIM MEDINIPUR_IDA)","JUNE MALIAH","5339958.00","954514.00","3320036.00","0.8696","HIGH","3","Construction road - construction ambulance - apex road","2025-06-13","Open","Peer amount: Recommended amount at the 92th percentile of 66 comparable works (robust z 4.8).; Behavioural change: Implementing agency's recommendation pattern shifted year-on-year (magnitude 100%). Before/after - 2025: 230 works at a median of Rs 349,867 -> 2026: 36 works at a median of Rs 2,750,000. A change point is a lead, not a finding: a new officer or a revised guideline produces one too.; Statistical outlier: A trained anomaly detector (IsolationForest) flags this work's amount-and-age profile as unusual against the national portfolio.","A human should verify the scope and estimate for this work against its peers via the Implementing Agency.","Compare scope and estimate with peer works | Verify supporting documents and field evidence","LOW","No stalling indicators; the work is progressing within normal ranges.","","District Monitoring","2026-06-09","New","","TRUE"
"MP3018418-W59292","Construction of Guest House at Kiriteswari GP under Nabagram Dev. Block","West Bengal","JANGIPUR","MURSHIDABAD(DISTRICT MAGISTRATE MURSHIDABAD_IDA)","Khalilur Rahaman","7000000.00","938346.00","3301309.00","0.8796","HIGH","3","Building - sahebganj construction - temple","2023-12-08","Open","Peer amount: Recommended amount at the 98th percentile of 246 comparable works (robust z 8.1).; Behavioural change: Implementing agency's recommendation pattern shifted year-on-year (magnitude 100%). Before/after - 2025: 409 works at a median of Rs 166,376 -> 2026: 48 works at a median of Rs 842,500. A change point is a lead, not a finding: a new officer or a revised guideline produces one too.; Statistical outlier: A trained anomaly detector (IsolationForest) flags this work's amount-and-age profile as unusual against the national portfolio.","A human should verify the scope and estimate for this work against its peers via the Implementing Agency.","Compare scope and estimate with peer works | Verify supporting documents and field evidence","LOW","LOW - open 1.7x longer than the typical completed work of this type in West Bengal (518 days).","","District Monitoring","2026-06-09","New","","TRUE"
"MP3017242-W259563","Construction of 4 class rooms and other works to Govt High school at Mandewal village in Jewargi Taluka","Karnataka","Sitting Rajya Sabha","KALABURAGI(DEPUTY COMMISSIONER GULBARGA_IDA)","Shri Mallikarjun Kharge","7100000.00","936861.00","3296083.00","0.8796","HIGH","3","Class room - construction class - school","2026-01-29","Open","Peer amount: Recommended amount at the 97th percentile of 120 comparable works (robust z 294.8).; Behavioural change: Implementing agency's recommendation pattern shifted year-on-year (magnitude 100%). Before/after - 2025: 41 works at a median of Rs 499,000 -> 2026: 49 works at a median of Rs 3,400,000. A change point is a lead, not a finding: a new officer or a revised guideline produces one too.; Statistical outlier: A trained anomaly detector (IsolationForest) flags this work's amount-and-age profile as unusual against the national portfolio.","A human should verify the scope and estimate for this work against its peers via the Implementing Agency.","Compare scope and estimate with peer works | Verify supporting documents and field evidence","LOW","No stalling indicators; the work is progressing within normal ranges.","","District Monitoring","2026-06-09","New","","TRUE"
"MP3050536-W245769","Construction of CC Road from Veesam Nagamani House to PWD pumping scheme in Ithavaram Village of Nandigama Mandal","Andhra Pradesh","Sitting Rajya Sabha","NTR(DISTRICT COLLECTOR NTR_IDA)","Shri Ryaga Krishnaiah","4400000.00","935614.00","3291695.00","0.8796","HIGH","3","CC road - construction cc - cc building","2025-11-03","Open","Peer amount: Recommended amount at the 99th percentile of 2550 comparable works (robust z 277.4).; Behavioural change: Implementing agency's recommendation pattern shifted year-on-year (magnitude 100%). Before/after - 2024: 91 works at a median of Rs 239,428 -> 2025: 34 works at a median of Rs 500,000. A change point is a lead, not a finding: a new officer or a revised guideline produces one too.; Statistical outlier: A trained anomaly detector (IsolationForest) flags this work's amount-and-age profile as unusual against the national portfolio.","A human should verify the scope and estimate for this work against its peers via the Implementing Agency.","Review the lifecycle history and sanction record | Compare scope and estimate with peer works | Verify supporting documents and field evidence","LOW","No stalling indicators; the work is progressing within normal ranges.","Amount outlier vs peers (STATISTICAL_OUTLIER)","District Monitoring","2026-06-09","New","","TRUE"
"MP3042333-W173052","construction and civil work of indian red cross society new building work part 3","Gujarat","PANCHMAHAL","PANCH MAHALS(DISTRICT COLLECTOR PANCHMAHALS_IDA)","RAJPALSINH MAHENDRASINH JADAV","5000000.00","989615.00","3290974.00","0.8314","HIGH","3","Construction building - community building - cultural activities","2025-02-05","Open","Peer amount: Recommended amount at the 100th percentile of 502 comparable works (robust z 60.7).; Behavioural change: Implementing agency's recommendation pattern shifted year-on-year (magnitude 60%). Before/after - 2024: 63 works at a median of Rs 100,000 -> 2025: 478 works at a median of Rs 160,000. A change point is a lead, not a finding: a new officer or a revised guideline produces one too.; Statistical outlier: A trained anomaly detector (IsolationForest) flags this work's amount-and-age profile as unusual against the national portfolio.","A human should verify the scope and estimate for this work against its peers via the Implementing Agency.","Review the lifecycle history and sanction record | Compare scope and estimate with peer works | Verify supporting documents and field evidence","LOW","No stalling indicators; the work is progressing within normal ranges.","Amount outlier vs peers (STATISTICAL_OUTLIER)","District Monitoring","2026-06-09","New","","TRUE"
"MP3017307-W213229","Construction of Additional two class room Govt. High. Sec. School Kattikulam Village in Manamadurai Block","Tamil Nadu","Sitting Rajya Sabha","SIVAGANGA(DISTRICT COLLECTOR SIVAGANGA_IDA)","Shri P. Chidambaram","5350000.00","1181692.00","3282753.00","0.6945","HIGH","3","Class room - construction class - school","2025-06-30","Open","Peer amount: Recommended amount at the 93th percentile of 152 comparable works (robust z 2.0).; Behavioural change: Implementing agency's recommendation pattern shifted year-on-year (magnitude 56%). Before/after - 2025: 124 works at a median of Rs 700,000 -> 2026: 6 works at a median of Rs 1,090,000. A change point is a lead, not a finding: a new officer or a revised guideline produces one too.; Statistical outlier: A trained anomaly detector (IsolationForest) flags this work's amount-and-age profile as unusual against the national portfolio.","A human should verify the scope and estimate for this work against its peers via the Implementing Agency.","Compare scope and estimate with peer works | Verify supporting documents and field evidence","LOW","No stalling indicators; the work is progressing within normal ranges.","","District Monitoring","2026-06-09","New","","TRUE"
"MP3018342-W70152","Construction of community hall building in Pedakallepalli Village of Mopidevi Mandal","Andhra Pradesh","MACHILIPATNAM","KRISHNA(DISTRICT COLLECTOR KRISHNA_IDA)","Balashowry Vallabbhaneni","5000000.00","976098.00","3278390.00","0.8397","HIGH","3","Community hall - construction community - hall village","2023-12-27","Open","Peer amount: Recommended amount at the 96th percentile of 568 comparable works (robust z 5.4).; Behavioural change: Implementing agency's recommendation pattern shifted year-on-year (magnitude 73%). Before/after - 2024: 30 works at a median of Rs 497,850 -> 2025: 28 works at a median of Rs 859,221. A change point is a lead, not a finding: a new officer or a revised guideline produces one too.; Statistical outlier: A trained anomaly detector (IsolationForest) flags this work's amount-and-age profile as unusual against the national portfolio.","A human should verify the scope and estimate for this work against its peers via the Implementing Agency.","Compare scope and estimate with peer works | Verify supporting documents and field evidence","LOW","LOW - open 1.2x longer than the typical completed work of this type in Andhra Pradesh (714 days).","","District Monitoring","2026-06-09","New","","TRUE"
"MP3019193-W8626","Building construction work for Bar Association in tehsil mohammadabad gohna","Uttar Pradesh","GHOSI","MAU(DISTRICT MAGISTRATE MAU_IDA)","Atul Kumar Singh(17th Lok Sabha)","3500000.00","703138.00","3272415.00","0.9308","HIGH","4","Construction building - community building - cultural activities","2023-08-09","Open","Peer amount: Recommended amount at the 91th percentile of 35 comparable works (robust z 3.8).; Peer duration: Open for longer than 96% of comparable works still in progress.; Behavioural change: Implementing agency's recommendation pattern shifted year-on-year (magnitude 100%). Before/after - 2025: 136 works at a median of Rs 212,074 -> 2026: 21 works at a median of Rs 1,017,017. A change point is a lead, not a finding: a new officer or a revised guideline produces one too.; Statistical outlier: A trained anomaly detector (IsolationForest) flags this work's amount-and-age profile as unusual against the national portfolio.","A human should verify the scope and estimate for this work against its peers via the Implementing Agency.","Compare scope and estimate with peer works | Verify supporting documents and field evidence","LOW","LOW - open 1.5x longer than the typical completed work of this type in Uttar Pradesh (662 days).","","District Monitoring","2026-06-09","New","","TRUE"
"MP3042283-W242290","Construction of additional accommodation to existing multipurpose hall near yadava krishna temple in Dwaraka Tirumala Village of Dwaraka Tirumala Mandal","Andhra Pradesh","ELURU","Eluru(DISTRICT COLLECTOR ELURU_IDA)","Putta Mahesh Kumar","4900000.00","956585.00","3257804.00","0.8514","HIGH","3","Community hall - construction community - hall village","2025-10-17","Open","Peer amount: Recommended amount at the 95th percentile of 568 comparable works (robust z 5.3).; Behavioural change: Implementing agency's recommendation pattern shifted year-on-year (magnitude 83%). Before/after - 2023: 6 works at a median of Rs 2,309,328 -> 2024: 124 works at a median of Rs 400,000. A change point is a lead, not a finding: a new officer or a revised guideline produces one too.; Statistical outlier: A trained anomaly detector (IsolationForest) flags this work's amount-and-age profile as unusual against the national portfolio.","A human should verify the scope and estimate for this work against its peers via the Implementing Agency.","Compare scope and estimate with peer works | Verify supporting documents and field evidence","LOW","No stalling indicators; the work is progressing within normal ranges.","","District Monitoring","2026-06-09","New","","TRUE"
"MP3042295-W166142","Construction of T.R.Phookan Smriti Rangamancha at Barpeta","Assam","BARPETA","BARPETA(DEPUTY COMMISSIONER BARPETA 1)","PHANI BHUSAN CHOUDHURY","14000000.00","921372.00","3241589.00","0.8796","HIGH","3","Community hall - construction stage - construction ghat","2025-01-18","Open","Peer amount: Recommended amount at the 100th percentile of 919 comparable works (robust z 45.9).; Behavioural change: Implementing agency's recommendation pattern shifted year-on-year (magnitude 100%). Before/after - 2024: 109 works at a median of Rs 400,000 -> 2025: 30 works at a median of Rs 900,000. A change point is a lead, not a finding: a new officer or a revised guideline produces one too.; Statistical outlier: A trained anomaly detector (IsolationForest) flags this work's amount-and-age profile as unusual against the national portfolio.","A human should verify the scope and estimate for this work against its peers via the Implementing Agency.","Review the lifecycle history and sanction record | Compare scope and estimate with peer works | Verify supporting documents and field evidence","LOW","No stalling indicators; the work is progressing within normal ranges.","Amount outlier vs peers (STATISTICAL_OUTLIER)","District Monitoring","2026-06-09","New","","TRUE"
"MP3017441-W42079","120 Solar Lights","Punjab","GURDASPUR","GURDASPUR(DEPUTY COMMISSIONER GURDASPUR_IDA)","Shri Sunny Deol (17th Lok Sabha)","2100000.00","890255.00","3230973.00","0.9073","HIGH","3","Solar light - installation solar - light request","2023-10-30","Open","Peer amount: Recommended amount at the 100th percentile of 615 comparable works (robust z 22.9).; Peer duration: Open for longer than 98% of comparable works still in progress.; Behavioural change: Implementing agency's recommendation pattern shifted year-on-year (magnitude 100%). Before/after - 2023: 154 works at a median of Rs 167,450 -> 2024: 18 works at a median of Rs 424,227. A change point is a lead, not a finding: a new officer or a revised guideline produces one too.","A human should verify the scope and estimate for this work against its peers via the Implementing Agency.","Review the lifecycle history and sanction record | Compare scope and estimate with peer works | Verify supporting documents and field evidence","MEDIUM","MEDIUM - open 1.5x longer than the typical completed work of this type in Punjab (620 days); and the survival model puts a 42% chance it will not complete within 365 days.","Amount outlier vs peers (STATISTICAL_OUTLIER)","District Monitoring","2026-06-09","New","","TRUE"
"MP3017376-W26536","Construction of Community Hall at Municipal Complex, Kuppam","Andhra Pradesh","CHITTOOR","CHITTOOR(DISTRICT COLLECTOR CHITTOOR_IDA)","Shri N Reddeppa (17th Lok Sabha)","5000000.00","976098.00","3216552.00","0.8238","HIGH","3","Community hall - construction community - hall village","2023-09-26","Open","Peer amount: Recommended amount at the 96th percentile of 568 comparable works (robust z 5.4).; Behavioural change: Implementing agency's recommendation pattern shifted year-on-year (magnitude 60%). Before/after - 2024: 134 works at a median of Rs 500,000 -> 2025: 171 works at a median of Rs 200,000. A change point is a lead, not a finding: a new officer or a revised guideline produces one too.; Statistical outlier: A trained anomaly detector (IsolationForest) flags this work's amount-and-age profile as unusual against the national portfolio.","A human should verify the scope and estimate for this work against its peers via the Implementing Agency.","Compare scope and estimate with peer works | Verify supporting documents and field evidence","LOW","LOW - open 1.4x longer than the typical completed work of this type in Andhra Pradesh (714 days).","","District Monitoring","2026-06-09","New","","TRUE"
"MP3042816-W277142","Construction of RCC interlocking boundary wall according to the list, installation of four way solar street light according to the list attached","Uttar Pradesh","MOHANLALGANJ(SC)","LUCKNOW(DISTRICT MAGISTRAE LUCKNOW_IDA)","R.K. CHAUDHARY","7710300.00","926743.00","3199960.00","0.8632","HIGH","3","Solar street - street light - installation solar","2026-03-31","Open","Peer amount: Recommended amount at the 100th percentile of 4191 comparable works (robust z 58.7).; Behavioural change: Implementing agency's recommendation pattern shifted year-on-year (magnitude 86%). Before/after - 2024: 177 works at a median of Rs 627,534 -> 2025: 125 works at a median of Rs 1,170,000. A change point is a lead, not a finding: a new officer or a revised guideline produces one too.; Statistical outlier: A trained anomaly detector (IsolationForest) flags this work's amount-and-age profile as unusual against the national portfolio.","A human should verify the scope and estimate for this work against its peers via the Implementing Agency.","Review the lifecycle history and sanction record | Compare scope and estimate with peer works | Verify supporting documents and field evidence","LOW","No stalling indicators; the work is progressing within normal ranges.","Amount outlier vs peers (STATISTICAL_OUTLIER)","District Monitoring","2026-06-09","New","","TRUE"
"MP3042535-W207623","Installation of six (6) nos of solar photovoltaic Submersible Pumps Set in new bore tube well at different places of Santuri Block, under Purulia District. Near Murulia, Muradi GP JL 15 Plot 2439, Near Baranti under Balitora GP JL 33 Plot 144, Near Sadhu saltora under Tarabari GP JL 82 Plot 350, Ne","West Bengal","BANKURA","PURULIA(DISTRICT MAGISTRATE PURULIA_IDA)","ARUP CHAKRABORTY","5100000.00","906882.00","3190610.00","0.8796","HIGH","3","Hand pump - submersible pump - pumps","2025-06-10","Open","Peer amount: Recommended amount at the 100th percentile of 489 comparable works (robust z 8.5).; Behavioural change: Implementing agency's recommendation pattern shifted year-on-year (magnitude 100%). Before/after - 2023: 107 works at a median of Rs 41,445 -> 2024: 147 works at a median of Rs 502,000. A change point is a lead, not a finding: a new officer or a revised guideline produces one too.; Statistical outlier: A trained anomaly detector (IsolationForest) flags this work's amount-and-age profile as unusual against the national portfolio.","A human should verify the scope and estimate for this work against its peers via the Implementing Agency.","Review the lifecycle history and sanction record | Compare scope and estimate with peer works | Verify supporting documents and field evidence","LOW","No stalling indicators; the work is progressing within normal ranges.","Amount outlier vs peers (STATISTICAL_OUTLIER)","District Monitoring","2026-06-09","New","","TRUE"
"MP3042535-W145108","Installation of 14 nos. of solar high mast lights at different places of Khalagram, Harmasra, Taldangra and Panchmura Gram Panchayat area under Taldangra Block, District - Bankura","West Bengal","BANKURA","BANKURA(DISTRICT MAGISTRATE BANKURA_IDA)","ARUP CHAKRABORTY","5320000.00","945984.00","3189087.00","0.8428","HIGH","3","Solar high - high mast - installation solar","2024-10-02","Open","Peer amount: Recommended amount at the 100th percentile of 1827 comparable works (robust z 18.5).; Behavioural change: Implementing agency's recommendation pattern shifted year-on-year (magnitude 69%). Before/after - 2025: 86 works at a median of Rs 983,000 -> 2026: 43 works at a median of Rs 300,000. A change point is a lead, not a finding: a new officer or a revised guideline produces one too.; Statistical outlier: A trained anomaly detector (IsolationForest) flags this work's amount-and-age profile as unusual against the national portfolio.","A human should verify the scope and estimate for this work against its peers via the Implementing Agency.","Review the lifecycle history and sanction record | Compare scope and estimate with peer works | Verify supporting documents and field evidence","LOW","LOW - open 2.1x longer than the typical completed work of this type in West Bengal (281 days).","Amount outlier vs peers (STATISTICAL_OUTLIER)","District Monitoring","2026-06-09","New","","TRUE"
"MP3019243-W100834","Construction of Community Hall (Framed Structure) at Dhanam Nagar, Mylampatti Pachayat in Sulur Block.","Tamil Nadu","COIMBATORE","COIMBATORE(DISTRICT COLLECTOR COIMBATORE_IDA)","PR Natarajan(17TH Lok Sabha)","4575000.00","951196.00","3183564.00","0.8367","HIGH","3","Community hall - construction community - hall village","2024-02-08","Open","Peer amount: Recommended amount at the 94th percentile of 598 comparable works (robust z 7.2).; Behavioural change: Implementing agency's recommendation pattern shifted year-on-year (magnitude 65%). Before/after - 2024: 122 works at a median of Rs 909,000 -> 2025: 83 works at a median of Rs 1,500,000. A change point is a lead, not a finding: a new officer or a revised guideline produces one too.; Statistical outlier: A trained anomaly detector (IsolationForest) flags this work's amount-and-age profile as unusual against the national portfolio.","A human should verify the scope and estimate for this work against its peers via the Implementing Agency.","Compare scope and estimate with peer works | Verify supporting documents and field evidence","LOW","LOW - open 1.6x longer than the typical completed work of this type in Tamil Nadu (529 days).","","District Monitoring","2026-06-09","New","","TRUE"
"MP3019999-W121818","ANPR camera and surveillance system, 10x camera","Delhi","NORTH WEST DELHI(SC)","NORTH(COMMISSIONER MCD NORTH_IDA)","Hans Raj Hans (17th Lok Sabha)","5446428.00","949855.00","3182999.00","0.8378","HIGH","3","Installation cctv - cctv cameras - cctv camera","2024-03-07","Open","Peer amount: Recommended amount at the 97th percentile of 791 comparable works (robust z 10.9).; Behavioural change: Implementing agency's recommendation pattern shifted year-on-year (magnitude 65%). Before/after - 2025: 41 works at a median of Rs 819,952 -> 2026: 12 works at a median of Rs 284,534. A change point is a lead, not a finding: a new officer or a revised guideline produces one too.; Statistical outlier: A trained anomaly detector (IsolationForest) flags this work's amount-and-age profile as unusual against the national portfolio.","A human should verify the scope and estimate for this work against its peers via the Implementing Agency.","Compare scope and estimate with peer works | Verify supporting documents and field evidence","LOW","LOW - open 1.5x longer than the typical completed work of this type in Delhi (539 days).","","District Monitoring","2026-06-09","New","","TRUE"
"MP3042382-W176443","construction of Community hall in Plot number 63 64","Madhya Pradesh","BHOPAL","BHOPAL(DISTRICT COLLECTOR BHOPAL_IDA)","ALOK SHARMA","5000000.00","901044.00","3170071.00","0.8796","HIGH","3","Community hall - construction community - hall village","2025-02-19","Open","Peer amount: Recommended amount at the 100th percentile of 756 comparable works (robust z 11.8).; Behavioural change: Implementing agency's recommendation pattern shifted year-on-year (magnitude 100%). Before/after - 2024: 175 works at a median of Rs 306,327 -> 2025: 73 works at a median of Rs 1,000,000. A change point is a lead, not a finding: a new officer or a revised guideline produces one too.; Statistical outlier: A trained anomaly detector (IsolationForest) flags this work's amount-and-age profile as unusual against the national portfolio.","A human should verify the scope and estimate for this work against its peers via the Implementing Agency.","Review the lifecycle history and sanction record | Compare scope and estimate with peer works | Verify supporting documents and field evidence","LOW","No stalling indicators; the work is progressing within normal ranges.","Amount outlier vs peers (STATISTICAL_OUTLIER)","District Monitoring","2026-06-09","New","","TRUE"
"MP3042382-W249889","Construction of Hall in Zila Bar Association at ward 43 zone 12","Madhya Pradesh","BHOPAL","BHOPAL(DISTRICT COLLECTOR BHOPAL_IDA)","ALOK SHARMA","5000000.00","901044.00","3170071.00","0.8796","HIGH","3","Community hall - construction community - hall village","2025-11-24","Open","Peer amount: Recommended amount at the 100th percentile of 239 comparable works (robust z 10.1).; Behavioural change: Implementing agency's recommendation pattern shifted year-on-year (magnitude 100%). Before/after - 2024: 175 works at a median of Rs 306,327 -> 2025: 73 works at a median of Rs 1,000,000. A change point is a lead, not a finding: a new officer or a revised guideline produces one too.; Statistical outlier: A trained anomaly detector (IsolationForest) flags this work's amount-and-age profile as unusual against the national portfolio.","A human should verify the scope and estimate for this work against its peers via the Implementing Agency.","Review the lifecycle history and sanction record | Compare scope and estimate with peer works | Verify supporting documents and field evidence","LOW","No stalling indicators; the work is progressing within normal ranges.","Amount outlier vs peers (STATISTICAL_OUTLIER)","District Monitoring","2026-06-09","New","","TRUE"
"MP3042382-W255493","Construction of Community Hall in ward 46 zone 9","Madhya Pradesh","BHOPAL","BHOPAL(DISTRICT COLLECTOR BHOPAL_IDA)","ALOK SHARMA","5000000.00","901044.00","3170071.00","0.8796","HIGH","3","Community hall - construction community - hall village","2025-12-25","Open","Peer amount: Recommended amount at the 100th percentile of 756 comparable works (robust z 11.8).; Behavioural change: Implementing agency's recommendation pattern shifted year-on-year (magnitude 100%). Before/after - 2024: 175 works at a median of Rs 306,327 -> 2025: 73 works at a median of Rs 1,000,000. A change point is a lead, not a finding: a new officer or a revised guideline produces one too.; Statistical outlier: A trained anomaly detector (IsolationForest) flags this work's amount-and-age profile as unusual against the national portfolio.","A human should verify the scope and estimate for this work against its peers via the Implementing Agency.","Review the lifecycle history and sanction record | Compare scope and estimate with peer works | Verify supporting documents and field evidence","LOW","No stalling indicators; the work is progressing within normal ranges.","Amount outlier vs peers (STATISTICAL_OUTLIER)","District Monitoring","2026-06-09","New","","TRUE"
"MP3017253-W272054","Construction of Building for Vaduthala Public Library and Reading Room","Kerala","Sitting Rajya Sabha","ALAPPUZHA(DISTRICT COLLECTOR ALAPPUZHA_IDA)","Smt. Jebi Mather Hisham","4000000.00","955543.00","3166677.00","0.8285","HIGH","3","Books - construction library - public library","2026-03-02","Open","Peer amount: Recommended amount at the 95th percentile of 1038 comparable works (robust z 6.3).; Behavioural change: Implementing agency's recommendation pattern shifted year-on-year (magnitude 60%). Before/after - 2025: 101 works at a median of Rs 500,000 -> 2026: 41 works at a median of Rs 800,000. A change point is a lead, not a finding: a new officer or a revised guideline produces one too.; Statistical outlier: A trained anomaly detector (IsolationForest) flags this work's amount-and-age profile as unusual against the national portfolio.","A human should verify the scope and estimate for this work against its peers via the Implementing Agency.","Compare scope and estimate with peer works | Verify supporting documents and field evidence","LOW","No stalling indicators; the work is progressing within normal ranges.","","District Monitoring","2026-06-09","New","","TRUE"
"MP3019436-W10638","Construction of Public Stage at Chetlat","Lakshadweep","LAKSHADWEEP(ST)","LAKSHADWEEP DISTRICT(COLLECTOR CUM DEV COMMISSIONER LAKSHADWEEP_IDA)","Faizal PP Mohammed(17th Lok Sabha)","5137376.00","918383.00","3151814.00","0.8580","HIGH","3","Sitting bench - rcc benches - RCC","2023-08-17","Open","Peer duration: Open for longer than 96% of comparable works still in progress.; Behavioural change: Implementing agency's recommendation pattern shifted year-on-year (magnitude 100%). Before/after - 2023: 36 works at a median of Rs 927,890 -> 2024: 5 works at a median of Rs 2,511,808. A change point is a lead, not a finding: a new officer or a revised guideline produces one too.; Statistical outlier: A trained anomaly detector (IsolationForest) flags this work's amount-and-age profile as unusual against the national portfolio.","A human should request a progress update from the Implementing Agency on this long-running work.","Verify supporting documents and field evidence","MEDIUM","MEDIUM - open 2.5x longer than the typical completed work of this type in Lakshadweep (412 days).","","District Monitoring","2026-06-09","New","","TRUE"
"MP3018400-W513","Supply & Installation of Rotational Molded Dust Bin","Tripura","TRIPURA EAST(ST)","Dhalai(DISTRICT MAGISTRATE DHALAI_IDA)","Rebati Tripura","5100000.00","889466.00","3148619.00","0.8850","HIGH","3","Installation cctv - cctv cameras - cctv camera","2023-06-01","Open","Peer amount: Recommended amount at the 97th percentile of 155 comparable works (robust z 17.5).; Peer duration: Open for longer than 95% of comparable works still in progress.; Statistical outlier: A trained anomaly detector (IsolationForest) flags this work's amount-and-age profile as unusual against the national portfolio.","A human should verify the scope and estimate for this work against its peers via the Implementing Agency.","Compare scope and estimate with peer works | Verify supporting documents and field evidence","MEDIUM","MEDIUM - open 2.6x longer than the typical completed work of this type in Tripura (412 days).","","District Monitoring","2026-06-09","New","","TRUE"
"MP3017222-W157687","Construction of District Fencing Academy at Ward No. 4 & 7, Nalbari","Assam","Sitting Rajya Sabha","NALBARI(DEPUTY COMMISSIONER NALBARI_IDA)","Shri Pabitra Margherita","5000000.00","893837.00","3144714.00","0.8796","HIGH","3","Sitting bench - rcc benches - RCC","2024-12-09","Open","Peer amount: Recommended amount at the 100th percentile of 1139 comparable works (robust z 20.7).; Behavioural change: Implementing agency's recommendation pattern shifted year-on-year (magnitude 100%). Before/after - 2023: 13 works at a median of Rs 250,000 -> 2024: 7 works at a median of Rs 500,000. A change point is a lead, not a finding: a new officer or a revised guideline produces one too.; Statistical outlier: A trained anomaly detector (IsolationForest) flags this work's amount-and-age profile as unusual against the national portfolio.","A human should verify the scope and estimate for this work against its peers via the Implementing Agency.","Review the lifecycle history and sanction record | Compare scope and estimate with peer works | Verify supporting documents and field evidence","LOW","No stalling indicators; the work is progressing within normal ranges.","Amount outlier vs peers (STATISTICAL_OUTLIER)","District Monitoring","2026-06-09","New","","TRUE"
"MP3018989-W131740","construction of independent library blovk zantye brothers education foundation zantey college of commerce bichlim","Goa","NORTH GOA","NORTH GOA(DISTRICT COLLECTOR NORTH GOA_IDA)","Shripad Yesso Naik","5000000.00","893837.00","3144714.00","0.8796","HIGH","3","Books - construction library - public library","2024-03-16","Open","Peer amount: Recommended amount at the 97th percentile of 1038 comparable works (robust z 8.2).; Behavioural change: Implementing agency's recommendation pattern shifted year-on-year (magnitude 100%). Before/after - 2025: 66 works at a median of Rs 860,971 -> 2026: 13 works at a median of Rs 1,917,200. A change point is a lead, not a finding: a new officer or a revised guideline produces one too.; Statistical outlier: A trained anomaly detector (IsolationForest) flags this work's amount-and-age profile as unusual against the national portfolio.","A human should verify the scope and estimate for this work against its peers via the Implementing Agency.","Compare scope and estimate with peer works | Verify supporting documents and field evidence","LOW","LOW - open 1.9x longer than the typical completed work of this type in Goa (412 days).","","District Monitoring","2026-06-09","New","","TRUE"
"MP3019184-W117738","Construction of Shed near Mehar Kali Bari","Tripura","TRIPURA WEST","West Tripura(DISTRICT MAGISTRATE WEST TRIPURA_IDA)","Ms Pratima Bhoumik(17th Lok Sabha)","5000000.00","893837.00","3144714.00","0.8796","HIGH","3","Construction shed - waiting shed - construction common","2024-03-02","Open","Peer amount: Recommended amount at the 96th percentile of 3968 comparable works (robust z 11.6).; Behavioural change: Implementing agency's recommendation pattern shifted year-on-year (magnitude 100%). Before/after - 2023: 109 works at a median of Rs 205,000 -> 2024: 39 works at a median of Rs 942,500. A change point is a lead, not a finding: a new officer or a revised guideline produces one too.; Statistical outlier: A trained anomaly detector (IsolationForest) flags this work's amount-and-age profile as unusual against the national portfolio.","A human should verify the scope and estimate for this work against its peers via the Implementing Agency.","Compare scope and estimate with peer works | Verify supporting documents and field evidence","LOW","LOW - open 1.3x longer than the typical completed work of this type in Tripura (634 days).","","District Monitoring","2026-06-09","New","","TRUE"
"MP3042485-W174766","Construction of open market shed at Jampuijala market Takarjala sub zone under west zone within ADC area.","Tripura","TRIPURA WEST","Sepahijala(DISTRICT MAGISTRATE and COLLECTOR SIPAHIJALA_IDA)","BIPLAB KUMAR DEB","5000000.00","893837.00","3144714.00","0.8796","HIGH","3","Construction shed - waiting shed - construction common","2025-02-10","Open","Peer amount: Recommended amount at the 96th percentile of 3968 comparable works (robust z 11.6).; Behavioural change: Implementing agency's recommendation pattern shifted year-on-year (magnitude 100%). Before/after - 2024: 41 works at a median of Rs 390,000 -> 2025: 5 works at a median of Rs 5,372,892. A change point is a lead, not a finding: a new officer or a revised guideline produces one too.; Statistical outlier: A trained anomaly detector (IsolationForest) flags this work's amount-and-age profile as unusual against the national portfolio.","A human should verify the scope and estimate for this work against its peers via the Implementing Agency.","Compare scope and estimate with peer works | Verify supporting documents and field evidence","LOW","No stalling indicators; the work is progressing within normal ranges.","","District Monitoring","2026-06-09","New","","TRUE"
"MP3044251-W198721","Construction of cultural centre at Ringui","Manipur","OUTER MANIPUR(ST)","UKHRUL(Deputy Commissioner Ukhrul_ida)","ALFRED KANNGAM S ARTHUR","5000000.00","893837.00","3144714.00","0.8796","HIGH","3","Community centre - construction community - community center","2025-05-12","Open","Peer amount: Recommended amount at the 98th percentile of 3978 comparable works (robust z 10.1).; Behavioural change: Implementing agency's recommendation pattern shifted year-on-year (magnitude 100%). Before/after - 2024: 12 works at a median of Rs 600,000 -> 2025: 9 works at a median of Rs 3,500,000. A change point is a lead, not a finding: a new officer or a revised guideline produces one too.; Statistical outlier: A trained anomaly detector (IsolationForest) flags this work's amount-and-age profile as unusual against the national portfolio.","A human should verify the scope and estimate for this work against its peers via the Implementing Agency.","Compare scope and estimate with peer works | Verify supporting documents and field evidence","LOW","No stalling indicators; the work is progressing within normal ranges.","","District Monitoring","2026-06-09","New","","TRUE"
"MP3042794-W229128","construction and goatery farm along with barbed fencing","Meghalaya","TURA","EAST GARO HILLS(DEPUTY COMMISSIONER EAST GARO HILLS WILLIAMNAGAR_IDA)","SALENG A SANGMA","5000000.00","893837.00","3143019.00","0.8791","HIGH","3","Protection wall - construction protection - flood protection","2025-08-26","Open","Peer amount: Recommended amount at the 98th percentile of 198 comparable works (robust z 7.3).; Behavioural change: Implementing agency's recommendation pattern shifted year-on-year (magnitude 100%). Before/after - 2024: 34 works at a median of Rs 200,000 -> 2025: 22 works at a median of Rs 400,000. A change point is a lead, not a finding: a new officer or a revised guideline produces one too.; Statistical outlier: A trained anomaly detector (IsolationForest) flags this work's amount-and-age profile as unusual against the national portfolio.","A human should verify the scope and estimate for this work against its peers via the Implementing Agency.","Compare scope and estimate with peer works | Verify supporting documents and field evidence","LOW","No stalling indicators; the work is progressing within normal ranges.","","District Monitoring","2026-06-09","New","","TRUE"
"MP3042485-W180904","Construction of community guest house at Sri Sri Santikali Sevashram, Chintaram Kobra Para, Champaknagar, Jhirania, Tripura West Pin 799045","Tripura","TRIPURA WEST","West Tripura(DISTRICT MAGISTRATE WEST TRIPURA_IDA)","BIPLAB KUMAR DEB","6683300.00","900807.00","3138785.00","0.8711","HIGH","3","Building - sahebganj construction - temple","2025-03-11","Open","Peer amount: Recommended amount at the 95th percentile of 16171 comparable works (robust z 5.0).; Behavioural change: Implementing agency's recommendation pattern shifted year-on-year (magnitude 100%). Before/after - 2023: 109 works at a median of Rs 205,000 -> 2024: 39 works at a median of Rs 942,500. A change point is a lead, not a finding: a new officer or a revised guideline produces one too.; Statistical outlier: A trained anomaly detector (IsolationForest) flags this work's amount-and-age profile as unusual against the national portfolio.","A human should verify the scope and estimate for this work against its peers via the Implementing Agency.","Compare scope and estimate with peer works | Verify supporting documents and field evidence","LOW","No stalling indicators; the work is progressing within normal ranges.","","District Monitoring","2026-06-09","New","","TRUE"
"MP3019147-W58625","Construction Of Community Hall at Agalankanallur Panchayat.(2022-23)","Tamil Nadu","PERAMBALUR","TIRUCHIRAPPALLI(DISTRICT COLLECTOR TIRUCHIRAPPALLI_IDA)","T R Paarivendhar(17th Lok Sabha)","4400000.00","914827.00","3134783.00","0.8567","HIGH","3","Community hall - construction community - hall village","2023-12-08","Open","Peer amount: Recommended amount at the 92th percentile of 598 comparable works (robust z 6.9).; Behavioural change: Implementing agency's recommendation pattern shifted year-on-year (magnitude 82%). Before/after - 2023: 157 works at a median of Rs 498,968 -> 2024: 16 works at a median of Rs 907,653. A change point is a lead, not a finding: a new officer or a revised guideline produces one too.; Statistical outlier: A trained anomaly detector (IsolationForest) flags this work's amount-and-age profile as unusual against the national portfolio.","A human should verify the scope and estimate for this work against its peers via the Implementing Agency.","Compare scope and estimate with peer works | Verify supporting documents and field evidence","LOW","LOW - open 1.7x longer than the typical completed work of this type in Tamil Nadu (529 days).","","District Monitoring","2026-06-09","New","","TRUE"
"MP3019233-W266013","Making Cement Concrete road from South Sankrail Panchayet office to Purbo Para Main Road with guard wall 1.25 km. by 4.25mtr. of South Sankrail G.P under A.C 174 in MPLAD","West Bengal","HOWRAH","HOWRAH(DISTRICT MAGISTRATE HOWRAH_IDA)","Prasun Banerjee","5000000.00","945819.00","3132308.00","0.8279","HIGH","3","Concrete road - construction cement - cement concrete","2026-02-04","Open","Peer amount: Recommended amount at the 99th percentile of 1971 comparable works (robust z 22.0).; Behavioural change: Implementing agency's recommendation pattern shifted year-on-year (magnitude 57%). Before/after - 2025: 255 works at a median of Rs 350,000 -> 2026: 112 works at a median of Rs 150,000. A change point is a lead, not a finding: a new officer or a revised guideline produces one too.; Statistical outlier: A trained anomaly detector (IsolationForest) flags this work's amount-and-age profile as unusual against the national portfolio.","A human should verify the scope and estimate for this work against its peers via the Implementing Agency.","Review the lifecycle history and sanction record | Compare scope and estimate with peer works | Verify supporting documents and field evidence","LOW","No stalling indicators; the work is progressing within normal ranges.","Amount outlier vs peers (STATISTICAL_OUTLIER)","District Monitoring","2026-06-09","New","","TRUE"
"MP3017493-W254693","CONSTRUCTION OF OLYMPIC STANDARD SWIMMING POOL AT DIPOT FIELD WARD NO 17 UNDER BMC","West Bengal","DUM DUM","North 24 Parganas(DISTRICT MAGISTRATE NORTH TWENTY FOUR PARGANAS_IDA)","Prof Sougata Ray","5000000.00","889108.00","3128078.00","0.8796","HIGH","3","Water tank - installation water - submersible pump","2026-02-16","Open","Peer amount: Recommended amount at the 98th percentile of 628 comparable works (robust z 10.1).; Behavioural change: Implementing agency's recommendation pattern shifted year-on-year (magnitude 100%). Before/after - 2025: 156 works at a median of Rs 500,000 -> 2026: 29 works at a median of Rs 1,100,000. A change point is a lead, not a finding: a new officer or a revised guideline produces one too.; Statistical outlier: A trained anomaly detector (IsolationForest) flags this work's amount-and-age profile as unusual against the national portfolio.","A human should verify the scope and estimate for this work against its peers via the Implementing Agency.","Compare scope and estimate with peer works | Verify supporting documents and field evidence","LOW","No stalling indicators; the work is progressing within normal ranges.","","District Monitoring","2026-06-09","New","","TRUE"
"MP3018396-W187271","Construction of Community Hall in Kovilambakkam, St Thomas Mount, Chengalpattu District","Tamil Nadu","CHENNAI SOUTH","CHENGALPATTU(District Collector Chengalpattu_IDA)","T Sumathy (A) Thamizhachi Thangapandian","10000000.00","939064.00","3122864.00","0.8314","HIGH","3","Community hall - construction community - hall village","2025-03-27","Open","Peer amount: Recommended amount at the 99th percentile of 1462 comparable works (robust z 19.5).; Behavioural change: Implementing agency's recommendation pattern shifted year-on-year (magnitude 60%). Before/after - 2024: 46 works at a median of Rs 250,000 -> 2025: 265 works at a median of Rs 400,000. A change point is a lead, not a finding: a new officer or a revised guideline produces one too.; Statistical outlier: A trained anomaly detector (IsolationForest) flags this work's amount-and-age profile as unusual against the national portfolio.","A human should verify the scope and estimate for this work against its peers via the Implementing Agency.","Review the lifecycle history and sanction record | Compare scope and estimate with peer works | Verify supporting documents and field evidence","LOW","No stalling indicators; the work is progressing within normal ranges.","Amount outlier vs peers (STATISTICAL_OUTLIER)","District Monitoring","2026-06-09","New","","TRUE"
"MP3019050-W118424","Mahatma Gandhi Road - Interlocking works Ch 0/705 to Ch 1/250 Ward 1 Engandiyur Gramapanchayat (SC Fund)","Kerala","THRISSUR","THRISSUR(DISTRICT COLLECTOR THRISSUR_IDA)","T N Prathapan(17th Lok Sabha)","3600000.00","860030.00","3113662.00","0.9051","HIGH","3","Length - road - cc interlocking","2024-03-01","Open","Peer amount: Recommended amount at the 99th percentile of 1516 comparable works (robust z 10.5).; Peer duration: Open for longer than 96% of comparable works still in progress.; Behavioural change: Implementing agency's recommendation pattern shifted year-on-year (magnitude 100%). Before/after - 2024: 313 works at a median of Rs 176,468 -> 2025: 173 works at a median of Rs 400,000. A change point is a lead, not a finding: a new officer or a revised guideline produces one too.","A human should verify the scope and estimate for this work against its peers via the Implementing Agency.","Review the lifecycle history and sanction record | Compare scope and estimate with peer works | Verify supporting documents and field evidence","LOW","LOW - open 1.6x longer than the typical completed work of this type in Kerala (516 days).","Amount outlier vs peers (STATISTICAL_OUTLIER)","District Monitoring","2026-06-09","New","","TRUE"
"MP3018367-W9017","Construction of Footpath with pavers from Bethany Convent to St. Joseph Church and covering drains with RCC slabs at Sao Jose de Areal (Old Sanction 2022-23 of Rs. 29,67,653/- and additional amount of Rs. 7,00,000)","Goa","SOUTH GOA","SOUTH GOA(DISTRICT COLLECTOR SOUTH GOA_IDA)","Francisco Cosme Sardinha","3700000.00","661532.00","3112177.00","0.9409","HIGH","4","Construction culvert - construction drain - road","2023-08-13","Open","Peer amount: Recommended amount at the 98th percentile of 1941 comparable works (robust z 5.1).; Peer duration: Open for longer than 98% of comparable works still in progress.; Behavioural change: Implementing agency's recommendation pattern shifted year-on-year (magnitude 100%). Before/after - 2023: 74 works at a median of Rs 1,144,298 -> 2024: 5 works at a median of Rs 2,484,987. A change point is a lead, not a finding: a new officer or a revised guideline produces one too.; Statistical outlier: A trained anomaly detector (IsolationForest) flags this work's amount-and-age profile as unusual against the national portfolio.","A human should verify the scope and estimate for this work against its peers via the Implementing Agency.","Compare scope and estimate with peer works | Verify supporting documents and field evidence","MEDIUM","MEDIUM - open 2.5x longer than the typical completed work of this type in Goa (412 days).","","District Monitoring","2026-06-09","New","","TRUE"
"MP3019156-W202605","Construction of Ground Floor and 1st Floor Community Welfare centre at Azhukuli Panchayat in Gobi Union at Erode District","Tamil Nadu","TIRUPPUR","ERODE(DISTRICT_COLLECTORE_ERODE_IDA)","K Subbarayan","6000000.00","924868.00","3103382.00","0.8389","HIGH","3","Construction building - community building - cultural activities","2025-05-22","Open","Peer amount: Recommended amount at the 98th percentile of 598 comparable works (robust z 10.2).; Behavioural change: Implementing agency's recommendation pattern shifted year-on-year (magnitude 66%). Before/after - 2025: 143 works at a median of Rs 450,000 -> 2026: 29 works at a median of Rs 748,000. A change point is a lead, not a finding: a new officer or a revised guideline produces one too.; Statistical outlier: A trained anomaly detector (IsolationForest) flags this work's amount-and-age profile as unusual against the national portfolio.","A human should verify the scope and estimate for this work against its peers via the Implementing Agency.","Compare scope and estimate with peer works | Verify supporting documents and field evidence","LOW","No stalling indicators; the work is progressing within normal ranges.","","District Monitoring","2026-06-09","New","","TRUE"
"MP3042468-W266346","Construction of Extension of office building at Subbammal Street in Pollachi Municipality","Tamil Nadu","POLLACHI","COIMBATORE(DISTRICT COLLECTOR COIMBATORE_IDA)","ESWARASAMY K","6000000.00","924868.00","3098009.00","0.8374","HIGH","3","Construction building - community building - cultural activities","2026-02-05","Open","Peer amount: Recommended amount at the 100th percentile of 118 comparable works (robust z 10.6).; Behavioural change: Implementing agency's recommendation pattern shifted year-on-year (magnitude 65%). Before/after - 2024: 122 works at a median of Rs 909,000 -> 2025: 83 works at a median of Rs 1,500,000. A change point is a lead, not a finding: a new officer or a revised guideline produces one too.; Statistical outlier: A trained anomaly detector (IsolationForest) flags this work's amount-and-age profile as unusual against the national portfolio.","A human should verify the scope and estimate for this work against its peers via the Implementing Agency.","Review the lifecycle history and sanction record | Compare scope and estimate with peer works | Verify supporting documents and field evidence","LOW","No stalling indicators; the work is progressing within normal ranges.","Amount outlier vs peers (STATISTICAL_OUTLIER)","District Monitoring","2026-06-09","New","","TRUE"
"MP3017281-W46813","Conversion of LT over head lines into LT underground cable for permanent removal of road crossing LT lines and consumer service connections from Throwbathi amman koil street to temple car starting point to end point.","Puducherry","Sitting Rajya Sabha","PONDICHERRY(PROJECT DIRECTOR RDA PUDUCHERRY_IDA)","Shri S. Selvaganabathy","5000000.00","872033.00","3095797.00","0.8875","HIGH","3","Installation cctv - cctv cameras - cctv camera","2023-11-07","Open","Peer amount: Recommended amount at the 97th percentile of 1787 comparable works (robust z 14.8).; Peer duration: Open for longer than 97% of comparable works still in progress.; Statistical outlier: A trained anomaly detector (IsolationForest) flags this work's amount-and-age profile as unusual against the national portfolio.","A human should verify the scope and estimate for this work against its peers via the Implementing Agency.","Compare scope and estimate with peer works | Verify supporting documents and field evidence","MEDIUM","MEDIUM - open 2.3x longer than the typical completed work of this type in Puducherry (412 days).","","District Monitoring","2026-06-09","New","","TRUE"
"MP3019300-W89810","Profiding of 700 Tricycle In Different Block","West Bengal","MURSHIDABAD","MURSHIDABAD(DISTRICT MAGISTRATE MURSHIDABAD_IDA)","Abu Taher Khan(17th Lok Sabha)","4830000.00","858892.00","3088513.00","0.8990","HIGH","3","Wheel - wheeler - motorized","2024-01-26","Open","Peer amount: Recommended amount at the 97th percentile of 737 comparable works (robust z 60.9).; Peer duration: Open for longer than 90% of comparable works still in progress.; Behavioural change: Implementing agency's recommendation pattern shifted year-on-year (magnitude 100%). Before/after - 2025: 409 works at a median of Rs 166,376 -> 2026: 48 works at a median of Rs 842,500. A change point is a lead, not a finding: a new officer or a revised guideline produces one too.","A human should verify the scope and estimate for this work against its peers via the Implementing Agency.","Compare scope and estimate with peer works | Verify supporting documents and field evidence","LOW","LOW - open 1.7x longer than the typical completed work of this type in West Bengal (507 days).","","District Monitoring","2026-06-09","New","","TRUE"
"MP3017406-W6339","Repairs and renovation work of Karnataka Public School located in 6/1, MN Krishna Rao Road, Basavanagudi, Bengaluru - 560004","Karnataka","BANGALORE SOUTH","BENGALURU URBAN(DEPUTY COMMISSIONER BANGALORE URBAN_IDA)","Shri LS Tejasvi Surya (17th Lok Sabha)","5000000.00","659872.00","3084769.00","0.9350","HIGH","4","Classroom - high school - primary school","2023-07-25","Open","Peer amount: Recommended amount at the 99th percentile of 344 comparable works (robust z 12.1).; Peer duration: Open for longer than 100% of comparable works still in progress.; Behavioural change: Implementing agency's recommendation pattern shifted year-on-year (magnitude 80%). Before/after - 2025: 269 works at a median of Rs 500,000 -> 2026: 78 works at a median of Rs 900,000. A change point is a lead, not a finding: a new officer or a revised guideline produces one too.; Statistical outlier: A trained anomaly detector (IsolationForest) flags this work's amount-and-age profile as unusual against the national portfolio.","A human should verify the scope and estimate for this work against its peers via the Implementing Agency.","Review the lifecycle history and sanction record | Compare scope and estimate with peer works | Verify supporting documents and field evidence","LOW","LOW - open 1.5x longer than the typical completed work of this type in Karnataka (698 days).","Stalled beyond peer norm (STATISTICAL_OUTLIER)","District Monitoring","2026-06-09","New","","TRUE"
"MP3017338-W168700","Construction of rooms and halls in school and colleges.","Uttar Pradesh","Sitting Rajya Sabha","LUCKNOW(DISTRICT MAGISTRAE LUCKNOW_IDA)","Shri Brij Lal","5000000.00","659646.00","3084515.00","0.9352","HIGH","4","Class room - construction class - school","2025-01-24","Open","Peer amount: Recommended amount at the 100th percentile of 4191 comparable works (robust z 37.7).; Peer duration: Open for longer than 96% of comparable works still in progress.; Behavioural change: Implementing agency's recommendation pattern shifted year-on-year (magnitude 86%). Before/after - 2024: 177 works at a median of Rs 627,534 -> 2025: 125 works at a median of Rs 1,170,000. A change point is a lead, not a finding: a new officer or a revised guideline produces one too.; Statistical outlier: A trained anomaly detector (IsolationForest) flags this work's amount-and-age profile as unusual against the national portfolio.","A human should verify the scope and estimate for this work against its peers via the Implementing Agency.","Review the lifecycle history and sanction record | Compare scope and estimate with peer works | Verify supporting documents and field evidence","LOW","No stalling indicators; the work is progressing within normal ranges.","Amount outlier vs peers (STATISTICAL_OUTLIER)","District Monitoring","2026-06-09","New","","TRUE"
"MP3017488-W120007","Construction of RCC BRIDGE OVER RIVER MASNA AT SANKAR GHAT UNDER DOAGACHHI NAPARA SAMSERGANJ BLOCK, DIST- MURSHIDABAD .","West Bengal","MALDAHA DAKSHIN","MURSHIDABAD(DISTRICT MAGISTRATE MURSHIDABAD_IDA)","Shri Abu Hasem Khan Choudhury (17th Lok Sabha)","5000000.00","889108.00","3077249.00","0.8653","HIGH","3","Construction culvert - construction drain - road","2024-03-04","Open","Peer amount: Recommended amount at the 91th percentile of 66 comparable works (robust z 4.4).; Behavioural change: Implementing agency's recommendation pattern shifted year-on-year (magnitude 100%). Before/after - 2025: 409 works at a median of Rs 166,376 -> 2026: 48 works at a median of Rs 842,500. A change point is a lead, not a finding: a new officer or a revised guideline produces one too.; Statistical outlier: A trained anomaly detector (IsolationForest) flags this work's amount-and-age profile as unusual against the national portfolio.","A human should verify the scope and estimate for this work against its peers via the Implementing Agency.","Compare scope and estimate with peer works | Verify supporting documents and field evidence","MEDIUM","MEDIUM - open 2.7x longer than the typical completed work of this type in West Bengal (300 days).","","District Monitoring","2026-06-09","New","","TRUE"
"MP3019052-W117635","G.I. Coated Water Tanker capacity 5000 Litre with firefighting pump with 900*20 tyre (Along with tera fill water filter capacity 30 litre x 11 nos for each tanker) Drinking water plant.","Madhya Pradesh","GUNA","ASHOKNAGAR(DISTRICT COLLECTOR ASHOKNAGAR_IDA)","Krishna Pal Singh Yadav(17th Lok Sabha)","4560825.00","874240.00","3075767.00","0.8796","HIGH","3","Tanker - mobile water - purchase mobile","2024-02-29","Open","Peer amount: Recommended amount at the 100th percentile of 2556 comparable works (robust z 152.7).; Behavioural change: Implementing agency's recommendation pattern shifted year-on-year (magnitude 100%). Before/after - 2023: 8 works at a median of Rs 198,092 -> 2024: 13 works at a median of Rs 1,000,000. A change point is a lead, not a finding: a new officer or a revised guideline produces one too.; Statistical outlier: A trained anomaly detector (IsolationForest) flags this work's amount-and-age profile as unusual against the national portfolio.","A human should verify the scope and estimate for this work against its peers via the Implementing Agency.","Review the lifecycle history and sanction record | Compare scope and estimate with peer works | Verify supporting documents and field evidence","MEDIUM","MEDIUM - open 3.2x longer than the typical completed work of this type in Madhya Pradesh (253 days).","Amount outlier vs peers (STATISTICAL_OUTLIER)","District Monitoring","2026-06-09","New","","TRUE"
"MP3020007-W124307","Supply Installation Testing & Commissioning of CCTV Surveillance System cum Traffic Monitoring System","Delhi","NORTH EAST DELHI","EAST(COMMISSIONER EAST)","Manoj Tiwari (17th Lok Sabha)","5000000.00","872033.00","3068004.00","0.8796","HIGH","3","Installation cctv - cctv cameras - cctv camera","2024-03-10","Open","Peer amount: Recommended amount at the 95th percentile of 791 comparable works (robust z 9.9).; Behavioural change: Implementing agency's recommendation pattern shifted year-on-year (magnitude 100%). Before/after - 2025: 88 works at a median of Rs 444,148 -> 2026: 6 works at a median of Rs 895,294. A change point is a lead, not a finding: a new officer or a revised guideline produces one too.; Statistical outlier: A trained anomaly detector (IsolationForest) flags this work's amount-and-age profile as unusual against the national portfolio.","A human should verify the scope and estimate for this work against its peers via the Implementing Agency.","Compare scope and estimate with peer works | Verify supporting documents and field evidence","LOW","LOW - open 1.5x longer than the typical completed work of this type in Delhi (539 days).","","District Monitoring","2026-06-09","New","","TRUE"
"MP3019999-W122910","Installed ANPR CCTV Cameras at Outer North District","Delhi","NORTH WEST DELHI(SC)","NORTH(COMMISSIONER MCD NORTH_IDA)","Hans Raj Hans (17th Lok Sabha)","5238400.00","913592.00","3061479.00","0.8378","HIGH","3","Installation cctv - cctv cameras - cctv camera","2024-03-07","Open","Peer amount: Recommended amount at the 96th percentile of 791 comparable works (robust z 10.4).; Behavioural change: Implementing agency's recommendation pattern shifted year-on-year (magnitude 65%). Before/after - 2025: 41 works at a median of Rs 819,952 -> 2026: 12 works at a median of Rs 284,534. A change point is a lead, not a finding: a new officer or a revised guideline produces one too.; Statistical outlier: A trained anomaly detector (IsolationForest) flags this work's amount-and-age profile as unusual against the national portfolio.","A human should verify the scope and estimate for this work against its peers via the Implementing Agency.","Compare scope and estimate with peer works | Verify supporting documents and field evidence","LOW","LOW - open 1.5x longer than the typical completed work of this type in Delhi (539 days).","","District Monitoring","2026-06-09","New","","TRUE"
"MP3019166-W42976","Construction of New Building to accommodate the class rooms for the Adi-Dravidar School.","Tamil Nadu","SRIPERUMBUDUR","CHENGALPATTU(District Collector Chengalpattu_IDA)","Thalikkottai Rajuthevar Baalu(17th Lok Sabha)","5000000.00","1104419.00","3041632.00","0.6885","HIGH","3","Class room - construction class - school","2023-11-01","Open","Peer amount: Recommended amount at the 91th percentile of 152 comparable works (robust z 1.7).; Behavioural change: Implementing agency's recommendation pattern shifted year-on-year (magnitude 60%). Before/after - 2024: 46 works at a median of Rs 250,000 -> 2025: 265 works at a median of Rs 400,000. A change point is a lead, not a finding: a new officer or a revised guideline produces one too.; Statistical outlier: A trained anomaly detector (IsolationForest) flags this work's amount-and-age profile as unusual against the national portfolio.","A human should verify the scope and estimate for this work against its peers via the Implementing Agency.","Compare scope and estimate with peer works | Verify supporting documents and field evidence","LOW","LOW - open 1.3x longer than the typical completed work of this type in Tamil Nadu (736 days).","","District Monitoring","2026-06-09","New","","TRUE"
"MP3042329-W188247","To Procure and supply one fully equipped cardiac Ambulance for Hospicio South Goa District Hospital.","Goa","SOUTH GOA","SOUTH GOA(DISTRICT COLLECTOR SOUTH GOA_IDA)","CAPTAIN VIRIATO FERNANDES","5000000.00","872033.00","3024573.00","0.8671","HIGH","3","Installation cctv - cctv cameras - cctv camera","2025-04-03","Open","Peer amount: Recommended amount at the 93th percentile of 252 comparable works (robust z 4.6).; Behavioural change: Implementing agency's recommendation pattern shifted year-on-year (magnitude 100%). Before/after - 2023: 74 works at a median of Rs 1,144,298 -> 2024: 5 works at a median of Rs 2,484,987. A change point is a lead, not a finding: a new officer or a revised guideline produces one too.; Statistical outlier: A trained anomaly detector (IsolationForest) flags this work's amount-and-age profile as unusual against the national portfolio.","A human should verify the scope and estimate for this work against its peers via the Implementing Agency.","Compare scope and estimate with peer works | Verify supporting documents and field evidence","LOW","No stalling indicators; the work is progressing within normal ranges.","","District Monitoring","2026-06-09","New","","TRUE"
"MP3042329-W221148","To Procure and supply one fully equipped cardiac Ambulance for Sub District Hospital Chicalim - Mormugao","Goa","SOUTH GOA","SOUTH GOA(DISTRICT COLLECTOR SOUTH GOA_IDA)","CAPTAIN VIRIATO FERNANDES","5000000.00","872033.00","3024573.00","0.8671","HIGH","3","Installation cctv - cctv cameras - cctv camera","2025-07-27","Open","Peer amount: Recommended amount at the 93th percentile of 252 comparable works (robust z 4.6).; Behavioural change: Implementing agency's recommendation pattern shifted year-on-year (magnitude 100%). Before/after - 2023: 74 works at a median of Rs 1,144,298 -> 2024: 5 works at a median of Rs 2,484,987. A change point is a lead, not a finding: a new officer or a revised guideline produces one too.; Statistical outlier: A trained anomaly detector (IsolationForest) flags this work's amount-and-age profile as unusual against the national portfolio.","A human should verify the scope and estimate for this work against its peers via the Implementing Agency.","Compare scope and estimate with peer works | Verify supporting documents and field evidence","LOW","No stalling indicators; the work is progressing within normal ranges.","","District Monitoring","2026-06-09","New","","TRUE"
"MP3018396-W149088","Kaveri Rengan Street, Thasarathapuram Diwakar Nagar & Streets Z-10, Ward 129","Tamil Nadu","CHENNAI SOUTH","CHENNAI(COMMISSIONER MUNCIPAL CORPORATION CHENNAI_IDA)","T Sumathy (A) Thamizhachi Thangapandian","3686000.00","879618.00","3021239.00","0.8587","HIGH","3","CC road - concreting - village","2024-10-23","Open","Peer amount: Recommended amount at the 100th percentile of 1124 comparable works (robust z 4.6).; Behavioural change: Implementing agency's recommendation pattern shifted year-on-year (magnitude 94%). Before/after - 2023: 50 works at a median of Rs 1,134,160 -> 2024: 73 works at a median of Rs 2,195,272. A change point is a lead, not a finding: a new officer or a revised guideline produces one too.; Statistical outlier: A trained anomaly detector (IsolationForest) flags this work's amount-and-age profile as unusual against the national portfolio.","A human should verify the scope and estimate for this work against its peers via the Implementing Agency.","Review the lifecycle history and sanction record | Compare scope and estimate with peer works | Verify supporting documents and field evidence","LOW","LOW - open 1.6x longer than the typical completed work of this type in Tamil Nadu (353 days).","Amount outlier vs peers (STATISTICAL_OUTLIER)","District Monitoring","2026-06-09","New","","TRUE"
"MP3017242-W259561","Construction of 4 class rooms and other works to Govt Higher Primary School in Dhangapur village in Alland Taluka","Karnataka","Sitting Rajya Sabha","KALABURAGI(DEPUTY COMMISSIONER GULBARGA_IDA)","Shri Mallikarjun Kharge","6500000.00","857726.00","3017668.00","0.8796","HIGH","3","Class room - construction class - school","2026-01-29","Open","Peer amount: Recommended amount at the 96th percentile of 120 comparable works (robust z 268.0).; Behavioural change: Implementing agency's recommendation pattern shifted year-on-year (magnitude 100%). Before/after - 2025: 41 works at a median of Rs 499,000 -> 2026: 49 works at a median of Rs 3,400,000. A change point is a lead, not a finding: a new officer or a revised guideline produces one too.; Statistical outlier: A trained anomaly detector (IsolationForest) flags this work's amount-and-age profile as unusual against the national portfolio.","A human should verify the scope and estimate for this work against its peers via the Implementing Agency.","Compare scope and estimate with peer works | Verify supporting documents and field evidence","LOW","No stalling indicators; the work is progressing within normal ranges.","","District Monitoring","2026-06-09","New","","TRUE"
"MP3019235-W209066","Supply and Installation of Electric Street Lights (70 Nos.)","West Bengal","ASANSOL","PASCHIM BARDHAMAN(DISTRICT MAGISTRATE PASCHIM BARDHAMAN_IDA)","Shatrughan Sinha","5390000.00","875494.00","3015364.00","0.8610","HIGH","3","Solar street - street light - installation solar","2025-06-15","Open","Peer amount: Recommended amount at the 100th percentile of 1827 comparable works (robust z 18.8).; Behavioural change: Implementing agency's recommendation pattern shifted year-on-year (magnitude 85%). Before/after - 2024: 60 works at a median of Rs 420,000 -> 2025: 44 works at a median of Rs 775,461. A change point is a lead, not a finding: a new officer or a revised guideline produces one too.; Statistical outlier: A trained anomaly detector (IsolationForest) flags this work's amount-and-age profile as unusual against the national portfolio.","A human should verify the scope and estimate for this work against its peers via the Implementing Agency.","Review the lifecycle history and sanction record | Compare scope and estimate with peer works | Verify supporting documents and field evidence","LOW","LOW - open 1.2x longer than the typical completed work of this type in West Bengal (281 days).","Amount outlier vs peers (STATISTICAL_OUTLIER)","District Monitoring","2026-06-09","New","","TRUE"
"MP3017174-W225137","Supply and installation of interactive digital board at various schools and colleges in Sikkim","Sikkim","SIKKIM","Gangtok(DISTRICT COLLECTOR EAST DISTRICT_IDA)","Indra Hang Subba","5000000.00","893837.00","3007898.00","0.8413","HIGH","3","School - smart class - computer","2025-08-05","Open","Peer amount: Recommended amount at the 99th percentile of 1039 comparable works (robust z 5.2).; Behavioural change: Implementing agency's recommendation pattern shifted year-on-year (magnitude 75%). Before/after - 2025: 11 works at a median of Rs 2,000,000 -> 2026: 5 works at a median of Rs 500,000. A change point is a lead, not a finding: a new officer or a revised guideline produces one too.; Statistical outlier: A trained anomaly detector (IsolationForest) flags this work's amount-and-age profile as unusual against the national portfolio.","A human should verify the scope and estimate for this work against its peers via the Implementing Agency.","Compare scope and estimate with peer works | Verify supporting documents and field evidence","LOW","No stalling indicators; the work is progressing within normal ranges.","","District Monitoring","2026-06-09","New","","TRUE"
"MP3017494-W48918","Construction of Boundary wall at burial ground -07 & installation of high mast solar light at Village - Jhikra, P.O.-Satgachia, P.S.- Memari, Purba Bardhaman, PIN-713422","West Bengal","BARDHAMAN-DURGAPUR","PURBA BARDHAMAN(DISTRICT MAGISTRATE PURBA BARDHAMAN_IDA)","Shri SS Ahluwalia (17th Lok Sabha)","4800000.00","853560.00","3006076.00","0.8805","HIGH","3","Solar high - high mast - installation solar","2023-11-11","Open","Peer amount: Recommended amount at the 100th percentile of 297 comparable works (robust z 29.0).; Peer duration: Open for longer than 92% of comparable works still in progress.; Statistical outlier: A trained anomaly detector (IsolationForest) flags this work's amount-and-age profile as unusual against the national portfolio.","A human should verify the scope and estimate for this work against its peers via the Implementing Agency.","Review the lifecycle history and sanction record | Compare scope and estimate with peer works | Verify supporting documents and field evidence","LOW","LOW - open 1.9x longer than the typical completed work of this type in West Bengal (487 days).","Amount outlier vs peers (STATISTICAL_OUTLIER)","District Monitoring","2026-06-09","New","","TRUE"
"MP3019201-W8645","LED lighting work in village Ahirori","Uttar Pradesh","HARDOI (SC)","HARDOI(DISTRICT MAGISTRATE HARDOI_IDA)","Jai Prakash(17th Lok Sabha)","2500000.00","823471.00","2996242.00","0.9096","HIGH","3","Highmast light - installation highmast - mask light","2023-08-10","Open","Peer amount: Recommended amount at the 99th percentile of 13232 comparable works (robust z 24.0).; Peer duration: Open for longer than 100% of comparable works still in progress.; Behavioural change: Implementing agency's recommendation pattern shifted year-on-year (magnitude 100%). Before/after - 2023: 15 works at a median of Rs 600,000 -> 2024: 31 works at a median of Rs 1,215,970. A change point is a lead, not a finding: a new officer or a revised guideline produces one too.","A human should verify the scope and estimate for this work against its peers via the Implementing Agency.","Review the lifecycle history and sanction record | Compare scope and estimate with peer works | Verify supporting documents and field evidence","MEDIUM","MEDIUM - open 2.3x longer than the typical completed work of this type in Uttar Pradesh (439 days).","Stalled beyond peer norm (STATISTICAL_OUTLIER); Amount outlier vs peers (STATISTICAL_OUTLIER)","District Monitoring","2026-06-09","New","","TRUE"
"MP3017290-W240538","Construction of RCC Chambers G plus 1 at Rajasthan High Court, Jodhpur","Rajasthan","Sitting Rajya Sabha","JODHPUR(DISTRICT COLLECTOR JODHPUR IDA)","Shri Randeep Singh Surjewala","10000000.00","851578.00","2996039.00","0.8796","HIGH","3","Sitting bench - rcc benches - RCC","2025-10-07","Open","Peer amount: Recommended amount at the 100th percentile of 757 comparable works (robust z 18.3).; Behavioural change: Implementing agency's recommendation pattern shifted year-on-year (magnitude 100%). Before/after - 2023: 154 works at a median of Rs 521,312 -> 2024: 7 works at a median of Rs 1,600,000. A change point is a lead, not a finding: a new officer or a revised guideline produces one too.; Statistical outlier: A trained anomaly detector (IsolationForest) flags this work's amount-and-age profile as unusual against the national portfolio.","A human should verify the scope and estimate for this work against its peers via the Implementing Agency.","Review the lifecycle history and sanction record | Compare scope and estimate with peer works | Verify supporting documents and field evidence","LOW","LOW - open 1.4x longer than the typical completed work of this type in Rajasthan (165 days).","Amount outlier vs peers (STATISTICAL_OUTLIER)","District Monitoring","2026-06-09","New","","TRUE"
"MP3017491-W282367","Installation of Mini Mast Light 35NOS","West Bengal","GHATAL","Paschim Medinipur(DISTRICT MAGISTRATE PASCHIM MEDINIPUR_IDA)","Shri Deepak (Dev) Adhikari","7875000.00","850846.00","2993462.00","0.8796","HIGH","3","High mast - mast light - LED","2026-05-20","Open","Peer amount: Recommended amount at the 99th percentile of 1975 comparable works (robust z 28.4).; Behavioural change: Implementing agency's recommendation pattern shifted year-on-year (magnitude 100%). Before/after - 2025: 230 works at a median of Rs 349,867 -> 2026: 36 works at a median of Rs 2,750,000. A change point is a lead, not a finding: a new officer or a revised guideline produces one too.; Statistical outlier: A trained anomaly detector (IsolationForest) flags this work's amount-and-age profile as unusual against the national portfolio.","A human should verify the scope and estimate for this work against its peers via the Implementing Agency.","Review the lifecycle history and sanction record | Compare scope and estimate with peer works | Verify supporting documents and field evidence","LOW","No stalling indicators; the work is progressing within normal ranges.","Amount outlier vs peers (STATISTICAL_OUTLIER)","District Monitoring","2026-06-09","New","","TRUE"
"MP3019045-W131214","Development of public parks in Basaveshwara Badavane at Hosapete Town","Karnataka","BELLARY(ST)","VIJAYANAGAR(DEPUTY COMMISSIONER VIJAYANAGARA_IDA)","Y Devendrappa(17th Lok Sabha)","6500000.00","857726.00","2985881.00","0.8703","HIGH","3","Sitting bench - rcc benches - RCC","2024-03-16","Open","Peer amount: Recommended amount at the 99th percentile of 36 comparable works (robust z 40.5).; Behavioural change: Implementing agency's recommendation pattern shifted year-on-year (magnitude 92%). Before/after - 2024: 7 works at a median of Rs 6,500,000 -> 2025: 28 works at a median of Rs 500,000. A change point is a lead, not a finding: a new officer or a revised guideline produces one too.; Statistical outlier: A trained anomaly detector (IsolationForest) flags this work's amount-and-age profile as unusual against the national portfolio.","A human should verify the scope and estimate for this work against its peers via the Implementing Agency.","Compare scope and estimate with peer works | Verify supporting documents and field evidence","LOW","No stalling indicators; the work is progressing within normal ranges.","","District Monitoring","2026-06-09","New","","TRUE"
